# Blender 4.2.1 LTS
# www.blender.org
o Cone.008
v 0.000000 -1.000000 -1.000000
v 0.008654 -1.000000 -0.999963
v 0.017308 -1.000000 -0.999850
v 0.025961 -1.000000 -0.999663
v 0.034611 -1.000000 -0.999401
v 0.043259 -1.000000 -0.999064
v 0.051904 -1.000000 -0.998652
v 0.060545 -1.000000 -0.998165
v 0.069181 -1.000000 -0.997604
v 0.077812 -1.000000 -0.996968
v 0.086437 -1.000000 -0.996257
v 0.095056 -1.000000 -0.995472
v 0.103668 -1.000000 -0.994612
v 0.112272 -1.000000 -0.993678
v 0.120867 -1.000000 -0.992669
v 0.129454 -1.000000 -0.991585
v 0.138030 -1.000000 -0.990428
v 0.146597 -1.000000 -0.989196
v 0.155152 -1.000000 -0.987891
v 0.163696 -1.000000 -0.986511
v 0.172227 -1.000000 -0.985057
v 0.180746 -1.000000 -0.983530
v 0.189251 -1.000000 -0.981929
v 0.197742 -1.000000 -0.980254
v 0.206218 -1.000000 -0.978506
v 0.214679 -1.000000 -0.976685
v 0.223124 -1.000000 -0.974790
v 0.231551 -1.000000 -0.972823
v 0.239962 -1.000000 -0.970782
v 0.248355 -1.000000 -0.968669
v 0.256729 -1.000000 -0.966484
v 0.265083 -1.000000 -0.964226
v 0.273418 -1.000000 -0.961895
v 0.281733 -1.000000 -0.959493
v 0.290026 -1.000000 -0.957019
v 0.298297 -1.000000 -0.954473
v 0.306547 -1.000000 -0.951856
v 0.314773 -1.000000 -0.949167
v 0.322976 -1.000000 -0.946407
v 0.331154 -1.000000 -0.943577
v 0.339308 -1.000000 -0.940675
v 0.347436 -1.000000 -0.937704
v 0.355538 -1.000000 -0.934662
v 0.363614 -1.000000 -0.931550
v 0.371662 -1.000000 -0.928368
v 0.379683 -1.000000 -0.925117
v 0.387675 -1.000000 -0.921796
v 0.395638 -1.000000 -0.918406
v 0.403572 -1.000000 -0.914948
v 0.411475 -1.000000 -0.911421
v 0.419347 -1.000000 -0.907826
v 0.427188 -1.000000 -0.904163
v 0.434997 -1.000000 -0.900432
v 0.442774 -1.000000 -0.896633
v 0.450517 -1.000000 -0.892768
v 0.458227 -1.000000 -0.888835
v 0.465902 -1.000000 -0.884836
v 0.473542 -1.000000 -0.880771
v 0.481147 -1.000000 -0.876640
v 0.488716 -1.000000 -0.872443
v 0.496248 -1.000000 -0.868181
v 0.503743 -1.000000 -0.863854
v 0.511200 -1.000000 -0.859462
v 0.518619 -1.000000 -0.855005
v 0.525999 -1.000000 -0.850485
v 0.533340 -1.000000 -0.845901
v 0.540641 -1.000000 -0.841254
v 0.547901 -1.000000 -0.836543
v 0.555120 -1.000000 -0.831770
v 0.562298 -1.000000 -0.826935
v 0.569434 -1.000000 -0.822037
v 0.576527 -1.000000 -0.817078
v 0.583576 -1.000000 -0.812058
v 0.590582 -1.000000 -0.806977
v 0.597544 -1.000000 -0.801836
v 0.604461 -1.000000 -0.796635
v 0.611333 -1.000000 -0.791373
v 0.618159 -1.000000 -0.786053
v 0.624939 -1.000000 -0.780674
v 0.631672 -1.000000 -0.775236
v 0.638357 -1.000000 -0.769740
v 0.644995 -1.000000 -0.764187
v 0.651584 -1.000000 -0.758576
v 0.658125 -1.000000 -0.752909
v 0.664616 -1.000000 -0.747185
v 0.671058 -1.000000 -0.741405
v 0.677449 -1.000000 -0.735570
v 0.683790 -1.000000 -0.729679
v 0.690079 -1.000000 -0.723734
v 0.696317 -1.000000 -0.717735
v 0.702502 -1.000000 -0.711682
v 0.708635 -1.000000 -0.705575
v 0.714715 -1.000000 -0.699416
v 0.720741 -1.000000 -0.693204
v 0.726713 -1.000000 -0.686941
v 0.732631 -1.000000 -0.680626
v 0.738494 -1.000000 -0.674260
v 0.744302 -1.000000 -0.667843
v 0.750054 -1.000000 -0.661377
v 0.755750 -1.000000 -0.654861
v 0.761389 -1.000000 -0.648296
v 0.766971 -1.000000 -0.641682
v 0.772495 -1.000000 -0.635020
v 0.777962 -1.000000 -0.628311
v 0.783371 -1.000000 -0.621555
v 0.788721 -1.000000 -0.614752
v 0.794011 -1.000000 -0.607903
v 0.799243 -1.000000 -0.601008
v 0.804414 -1.000000 -0.594069
v 0.809525 -1.000000 -0.587085
v 0.814576 -1.000000 -0.580057
v 0.819565 -1.000000 -0.572986
v 0.824494 -1.000000 -0.565871
v 0.829360 -1.000000 -0.558715
v 0.834164 -1.000000 -0.551516
v 0.838906 -1.000000 -0.544276
v 0.843585 -1.000000 -0.536995
v 0.848201 -1.000000 -0.529675
v 0.852753 -1.000000 -0.522314
v 0.857242 -1.000000 -0.514914
v 0.861666 -1.000000 -0.507476
v 0.866025 -1.000000 -0.500000
v 0.870320 -1.000000 -0.492486
v 0.874550 -1.000000 -0.484936
v 0.878714 -1.000000 -0.477349
v 0.882812 -1.000000 -0.469726
v 0.886844 -1.000000 -0.462068
v 0.890810 -1.000000 -0.454376
v 0.894709 -1.000000 -0.446650
v 0.898541 -1.000000 -0.438890
v 0.902306 -1.000000 -0.431097
v 0.906003 -1.000000 -0.423272
v 0.909632 -1.000000 -0.415415
v 0.913193 -1.000000 -0.407527
v 0.916686 -1.000000 -0.399609
v 0.920110 -1.000000 -0.391660
v 0.923465 -1.000000 -0.383683
v 0.926751 -1.000000 -0.375676
v 0.929968 -1.000000 -0.367642
v 0.933114 -1.000000 -0.359580
v 0.936191 -1.000000 -0.351491
v 0.939198 -1.000000 -0.343375
v 0.942135 -1.000000 -0.335234
v 0.945001 -1.000000 -0.327068
v 0.947796 -1.000000 -0.318877
v 0.950520 -1.000000 -0.310663
v 0.953173 -1.000000 -0.302425
v 0.955755 -1.000000 -0.294164
v 0.958265 -1.000000 -0.285882
v 0.960703 -1.000000 -0.277578
v 0.963069 -1.000000 -0.269253
v 0.965364 -1.000000 -0.260908
v 0.967585 -1.000000 -0.252544
v 0.969735 -1.000000 -0.244161
v 0.971812 -1.000000 -0.235759
v 0.973816 -1.000000 -0.227340
v 0.975747 -1.000000 -0.218903
v 0.977605 -1.000000 -0.210451
v 0.979389 -1.000000 -0.201982
v 0.981101 -1.000000 -0.193499
v 0.982738 -1.000000 -0.185000
v 0.984303 -1.000000 -0.176488
v 0.985793 -1.000000 -0.167963
v 0.987210 -1.000000 -0.159426
v 0.988553 -1.000000 -0.150876
v 0.989821 -1.000000 -0.142315
v 0.991016 -1.000000 -0.133743
v 0.992136 -1.000000 -0.125162
v 0.993182 -1.000000 -0.116570
v 0.994154 -1.000000 -0.107971
v 0.995051 -1.000000 -0.099363
v 0.995874 -1.000000 -0.090748
v 0.996622 -1.000000 -0.082125
v 0.997295 -1.000000 -0.073497
v 0.997894 -1.000000 -0.064863
v 0.998418 -1.000000 -0.056225
v 0.998867 -1.000000 -0.047582
v 0.999242 -1.000000 -0.038936
v 0.999541 -1.000000 -0.030286
v 0.999766 -1.000000 -0.021635
v 0.999916 -1.000000 -0.012981
v 0.999991 -1.000000 -0.004327
v 0.999991 -1.000000 0.004327
v 0.999916 -1.000000 0.012981
v 0.999766 -1.000000 0.021635
v 0.999541 -1.000000 0.030286
v 0.999242 -1.000000 0.038936
v 0.998867 -1.000000 0.047582
v 0.998418 -1.000000 0.056225
v 0.997894 -1.000000 0.064863
v 0.997295 -1.000000 0.073497
v 0.996622 -1.000000 0.082125
v 0.995874 -1.000000 0.090748
v 0.995051 -1.000000 0.099363
v 0.994154 -1.000000 0.107971
v 0.993182 -1.000000 0.116570
v 0.992136 -1.000000 0.125162
v 0.991016 -1.000000 0.133743
v 0.989821 -1.000000 0.142315
v 0.988553 -1.000000 0.150876
v 0.987210 -1.000000 0.159426
v 0.985793 -1.000000 0.167963
v 0.984303 -1.000000 0.176488
v 0.982738 -1.000000 0.185000
v 0.981101 -1.000000 0.193499
v 0.979389 -1.000000 0.201982
v 0.977605 -1.000000 0.210451
v 0.975747 -1.000000 0.218903
v 0.973816 -1.000000 0.227340
v 0.971812 -1.000000 0.235759
v 0.969735 -1.000000 0.244161
v 0.967585 -1.000000 0.252544
v 0.965364 -1.000000 0.260908
v 0.963069 -1.000000 0.269253
v 0.960703 -1.000000 0.277578
v 0.958265 -1.000000 0.285882
v 0.955755 -1.000000 0.294164
v 0.953173 -1.000000 0.302425
v 0.950520 -1.000000 0.310663
v 0.947796 -1.000000 0.318877
v 0.945001 -1.000000 0.327068
v 0.942135 -1.000000 0.335234
v 0.939198 -1.000000 0.343375
v 0.936191 -1.000000 0.351491
v 0.933114 -1.000000 0.359580
v 0.929968 -1.000000 0.367642
v 0.926751 -1.000000 0.375676
v 0.923465 -1.000000 0.383683
v 0.920110 -1.000000 0.391660
v 0.916686 -1.000000 0.399609
v 0.913193 -1.000000 0.407527
v 0.909632 -1.000000 0.415415
v 0.906003 -1.000000 0.423272
v 0.902306 -1.000000 0.431097
v 0.898541 -1.000000 0.438890
v 0.894709 -1.000000 0.446650
v 0.890810 -1.000000 0.454376
v 0.886844 -1.000000 0.462068
v 0.882812 -1.000000 0.469726
v 0.878714 -1.000000 0.477349
v 0.874550 -1.000000 0.484936
v 0.870320 -1.000000 0.492486
v 0.866025 -1.000000 0.500000
v 0.861666 -1.000000 0.507476
v 0.857242 -1.000000 0.514914
v 0.852753 -1.000000 0.522314
v 0.848201 -1.000000 0.529675
v 0.843585 -1.000000 0.536995
v 0.838906 -1.000000 0.544276
v 0.834164 -1.000000 0.551516
v 0.829360 -1.000000 0.558715
v 0.824494 -1.000000 0.565871
v 0.819565 -1.000000 0.572986
v 0.814576 -1.000000 0.580057
v 0.809525 -1.000000 0.587085
v 0.804414 -1.000000 0.594069
v 0.799243 -1.000000 0.601008
v 0.794011 -1.000000 0.607903
v 0.788721 -1.000000 0.614752
v 0.783371 -1.000000 0.621555
v 0.777962 -1.000000 0.628311
v 0.772495 -1.000000 0.635020
v 0.766971 -1.000000 0.641682
v 0.761389 -1.000000 0.648296
v 0.755750 -1.000000 0.654861
v 0.750054 -1.000000 0.661377
v 0.744302 -1.000000 0.667843
v 0.738494 -1.000000 0.674260
v 0.732631 -1.000000 0.680626
v 0.726713 -1.000000 0.686941
v 0.720741 -1.000000 0.693204
v 0.714715 -1.000000 0.699416
v 0.708635 -1.000000 0.705575
v 0.702502 -1.000000 0.711682
v 0.696317 -1.000000 0.717735
v 0.690079 -1.000000 0.723734
v 0.683790 -1.000000 0.729679
v 0.677449 -1.000000 0.735570
v 0.671058 -1.000000 0.741405
v 0.664616 -1.000000 0.747185
v 0.658125 -1.000000 0.752909
v 0.651584 -1.000000 0.758576
v 0.644995 -1.000000 0.764187
v 0.638357 -1.000000 0.769740
v 0.631672 -1.000000 0.775236
v 0.624939 -1.000000 0.780674
v 0.618159 -1.000000 0.786053
v 0.611333 -1.000000 0.791373
v 0.604461 -1.000000 0.796635
v 0.597544 -1.000000 0.801836
v 0.590582 -1.000000 0.806977
v 0.583576 -1.000000 0.812058
v 0.576527 -1.000000 0.817078
v 0.569434 -1.000000 0.822037
v 0.562298 -1.000000 0.826935
v 0.555120 -1.000000 0.831770
v 0.547901 -1.000000 0.836543
v 0.540641 -1.000000 0.841254
v 0.533340 -1.000000 0.845901
v 0.525999 -1.000000 0.850485
v 0.518619 -1.000000 0.855005
v 0.511200 -1.000000 0.859462
v 0.503743 -1.000000 0.863854
v 0.496248 -1.000000 0.868181
v 0.488716 -1.000000 0.872443
v 0.481147 -1.000000 0.876640
v 0.473542 -1.000000 0.880771
v 0.465902 -1.000000 0.884836
v 0.458227 -1.000000 0.888835
v 0.450517 -1.000000 0.892768
v 0.442774 -1.000000 0.896633
v 0.434997 -1.000000 0.900432
v 0.427188 -1.000000 0.904163
v 0.419347 -1.000000 0.907826
v 0.411475 -1.000000 0.911421
v 0.403572 -1.000000 0.914948
v 0.395638 -1.000000 0.918406
v 0.387675 -1.000000 0.921796
v 0.379683 -1.000000 0.925117
v 0.371662 -1.000000 0.928368
v 0.363614 -1.000000 0.931550
v 0.355538 -1.000000 0.934662
v 0.347436 -1.000000 0.937704
v 0.339308 -1.000000 0.940675
v 0.331154 -1.000000 0.943577
v 0.322976 -1.000000 0.946407
v 0.314773 -1.000000 0.949167
v 0.306547 -1.000000 0.951856
v 0.298297 -1.000000 0.954473
v 0.290026 -1.000000 0.957019
v 0.281733 -1.000000 0.959493
v 0.273418 -1.000000 0.961895
v 0.265083 -1.000000 0.964226
v 0.256729 -1.000000 0.966484
v 0.248355 -1.000000 0.968669
v 0.239962 -1.000000 0.970782
v 0.231551 -1.000000 0.972823
v 0.223124 -1.000000 0.974790
v 0.214679 -1.000000 0.976685
v 0.206218 -1.000000 0.978506
v 0.197742 -1.000000 0.980254
v 0.189251 -1.000000 0.981929
v 0.180746 -1.000000 0.983530
v 0.172227 -1.000000 0.985057
v 0.163696 -1.000000 0.986511
v 0.155152 -1.000000 0.987891
v 0.146597 -1.000000 0.989196
v 0.138030 -1.000000 0.990428
v 0.129454 -1.000000 0.991585
v 0.120867 -1.000000 0.992669
v 0.112272 -1.000000 0.993678
v 0.103668 -1.000000 0.994612
v 0.095056 -1.000000 0.995472
v 0.086437 -1.000000 0.996257
v 0.077812 -1.000000 0.996968
v 0.069181 -1.000000 0.997604
v 0.060545 -1.000000 0.998165
v 0.051904 -1.000000 0.998652
v 0.043259 -1.000000 0.999064
v 0.034611 -1.000000 0.999401
v 0.025961 -1.000000 0.999663
v 0.017308 -1.000000 0.999850
v 0.008654 -1.000000 0.999963
v 0.000000 -1.000000 1.000000
v -0.008654 -1.000000 0.999963
v -0.017308 -1.000000 0.999850
v -0.025961 -1.000000 0.999663
v -0.034611 -1.000000 0.999401
v -0.043259 -1.000000 0.999064
v -0.051904 -1.000000 0.998652
v -0.060545 -1.000000 0.998165
v -0.069181 -1.000000 0.997604
v -0.077812 -1.000000 0.996968
v -0.086437 -1.000000 0.996257
v -0.095056 -1.000000 0.995472
v -0.103668 -1.000000 0.994612
v -0.112272 -1.000000 0.993678
v -0.120867 -1.000000 0.992669
v -0.129454 -1.000000 0.991585
v -0.138030 -1.000000 0.990428
v -0.146597 -1.000000 0.989196
v -0.155152 -1.000000 0.987891
v -0.163696 -1.000000 0.986511
v -0.172227 -1.000000 0.985057
v -0.180746 -1.000000 0.983530
v -0.189251 -1.000000 0.981929
v -0.197742 -1.000000 0.980254
v -0.206218 -1.000000 0.978506
v -0.214679 -1.000000 0.976685
v -0.223124 -1.000000 0.974790
v -0.231551 -1.000000 0.972823
v -0.239962 -1.000000 0.970782
v -0.248355 -1.000000 0.968669
v -0.256729 -1.000000 0.966484
v -0.265083 -1.000000 0.964226
v -0.273418 -1.000000 0.961895
v -0.281733 -1.000000 0.959493
v -0.290026 -1.000000 0.957019
v -0.298297 -1.000000 0.954473
v -0.306547 -1.000000 0.951856
v -0.314773 -1.000000 0.949167
v -0.322976 -1.000000 0.946407
v -0.331154 -1.000000 0.943577
v -0.339308 -1.000000 0.940675
v -0.347436 -1.000000 0.937704
v -0.355538 -1.000000 0.934662
v -0.363614 -1.000000 0.931550
v -0.371662 -1.000000 0.928368
v -0.379683 -1.000000 0.925117
v -0.387675 -1.000000 0.921796
v -0.395638 -1.000000 0.918406
v -0.403572 -1.000000 0.914948
v -0.411475 -1.000000 0.911421
v -0.419347 -1.000000 0.907826
v -0.427188 -1.000000 0.904163
v -0.434997 -1.000000 0.900432
v -0.442774 -1.000000 0.896633
v -0.450517 -1.000000 0.892768
v -0.458227 -1.000000 0.888835
v -0.465902 -1.000000 0.884836
v -0.473542 -1.000000 0.880771
v -0.481147 -1.000000 0.876640
v -0.488716 -1.000000 0.872443
v -0.496248 -1.000000 0.868181
v -0.503743 -1.000000 0.863854
v -0.511200 -1.000000 0.859462
v -0.518619 -1.000000 0.855005
v -0.525999 -1.000000 0.850485
v -0.533340 -1.000000 0.845901
v -0.540641 -1.000000 0.841254
v -0.547901 -1.000000 0.836543
v -0.555120 -1.000000 0.831770
v -0.562298 -1.000000 0.826935
v -0.569434 -1.000000 0.822037
v -0.576527 -1.000000 0.817078
v -0.583576 -1.000000 0.812058
v -0.590582 -1.000000 0.806977
v -0.597544 -1.000000 0.801836
v -0.604461 -1.000000 0.796635
v -0.611333 -1.000000 0.791373
v -0.618159 -1.000000 0.786053
v -0.624939 -1.000000 0.780674
v -0.631672 -1.000000 0.775236
v -0.638357 -1.000000 0.769740
v -0.644995 -1.000000 0.764187
v -0.651584 -1.000000 0.758576
v -0.658125 -1.000000 0.752909
v -0.664616 -1.000000 0.747185
v -0.671058 -1.000000 0.741405
v -0.677449 -1.000000 0.735570
v -0.683790 -1.000000 0.729679
v -0.690079 -1.000000 0.723734
v -0.696317 -1.000000 0.717735
v -0.702502 -1.000000 0.711682
v -0.708635 -1.000000 0.705575
v -0.714715 -1.000000 0.699416
v -0.720741 -1.000000 0.693204
v -0.726713 -1.000000 0.686941
v -0.732631 -1.000000 0.680626
v -0.738494 -1.000000 0.674260
v -0.744302 -1.000000 0.667843
v -0.750054 -1.000000 0.661377
v -0.755750 -1.000000 0.654861
v -0.761389 -1.000000 0.648296
v -0.766971 -1.000000 0.641682
v -0.772495 -1.000000 0.635020
v -0.777962 -1.000000 0.628311
v -0.783371 -1.000000 0.621555
v -0.788721 -1.000000 0.614752
v -0.794011 -1.000000 0.607903
v -0.799243 -1.000000 0.601008
v -0.804414 -1.000000 0.594069
v -0.809525 -1.000000 0.587085
v -0.814576 -1.000000 0.580057
v -0.819565 -1.000000 0.572986
v -0.824494 -1.000000 0.565871
v -0.829360 -1.000000 0.558715
v -0.834164 -1.000000 0.551516
v -0.838906 -1.000000 0.544276
v -0.843585 -1.000000 0.536995
v -0.848201 -1.000000 0.529675
v -0.852753 -1.000000 0.522314
v -0.857242 -1.000000 0.514914
v -0.861666 -1.000000 0.507476
v -0.866025 -1.000000 0.500000
v -0.870320 -1.000000 0.492486
v -0.874550 -1.000000 0.484936
v -0.878714 -1.000000 0.477349
v -0.882812 -1.000000 0.469726
v -0.886844 -1.000000 0.462068
v -0.890810 -1.000000 0.454376
v -0.894709 -1.000000 0.446650
v -0.898541 -1.000000 0.438890
v -0.902306 -1.000000 0.431097
v -0.906003 -1.000000 0.423272
v -0.909632 -1.000000 0.415415
v -0.913193 -1.000000 0.407527
v -0.916686 -1.000000 0.399609
v -0.920110 -1.000000 0.391660
v -0.923465 -1.000000 0.383683
v -0.926751 -1.000000 0.375676
v -0.929968 -1.000000 0.367642
v -0.933114 -1.000000 0.359580
v -0.936191 -1.000000 0.351491
v -0.939198 -1.000000 0.343375
v -0.942135 -1.000000 0.335234
v -0.945001 -1.000000 0.327068
v -0.947796 -1.000000 0.318877
v -0.950520 -1.000000 0.310663
v -0.953173 -1.000000 0.302425
v -0.955755 -1.000000 0.294164
v -0.958265 -1.000000 0.285882
v -0.960703 -1.000000 0.277578
v -0.963069 -1.000000 0.269253
v -0.965364 -1.000000 0.260908
v -0.967585 -1.000000 0.252544
v -0.969735 -1.000000 0.244161
v -0.971812 -1.000000 0.235759
v -0.973816 -1.000000 0.227340
v -0.975747 -1.000000 0.218903
v -0.977605 -1.000000 0.210451
v -0.979389 -1.000000 0.201982
v -0.981101 -1.000000 0.193499
v -0.982738 -1.000000 0.185000
v -0.984303 -1.000000 0.176488
v -0.985793 -1.000000 0.167963
v -0.987210 -1.000000 0.159426
v -0.988553 -1.000000 0.150876
v -0.989821 -1.000000 0.142315
v -0.991016 -1.000000 0.133743
v -0.992136 -1.000000 0.125162
v -0.993182 -1.000000 0.116570
v -0.994154 -1.000000 0.107971
v -0.995051 -1.000000 0.099363
v -0.995874 -1.000000 0.090748
v -0.996622 -1.000000 0.082125
v -0.997295 -1.000000 0.073497
v -0.997894 -1.000000 0.064863
v -0.998418 -1.000000 0.056225
v -0.998867 -1.000000 0.047582
v -0.999242 -1.000000 0.038936
v -0.999541 -1.000000 0.030286
v -0.999766 -1.000000 0.021635
v -0.999916 -1.000000 0.012981
v -0.999991 -1.000000 0.004327
v -0.999991 -1.000000 -0.004327
v -0.999916 -1.000000 -0.012981
v -0.999766 -1.000000 -0.021635
v -0.999541 -1.000000 -0.030286
v -0.999242 -1.000000 -0.038936
v -0.998867 -1.000000 -0.047582
v -0.998418 -1.000000 -0.056225
v -0.997894 -1.000000 -0.064863
v -0.997295 -1.000000 -0.073497
v -0.996622 -1.000000 -0.082125
v -0.995874 -1.000000 -0.090748
v -0.995051 -1.000000 -0.099363
v -0.994154 -1.000000 -0.107971
v -0.993182 -1.000000 -0.116570
v -0.992136 -1.000000 -0.125162
v -0.991016 -1.000000 -0.133743
v -0.989821 -1.000000 -0.142315
v -0.988553 -1.000000 -0.150876
v -0.987210 -1.000000 -0.159426
v -0.985793 -1.000000 -0.167963
v -0.984303 -1.000000 -0.176488
v -0.982738 -1.000000 -0.185000
v -0.981101 -1.000000 -0.193499
v -0.979389 -1.000000 -0.201982
v -0.977605 -1.000000 -0.210451
v -0.975747 -1.000000 -0.218903
v -0.973816 -1.000000 -0.227340
v -0.971812 -1.000000 -0.235759
v -0.969735 -1.000000 -0.244161
v -0.967585 -1.000000 -0.252544
v -0.965364 -1.000000 -0.260908
v -0.963069 -1.000000 -0.269253
v -0.960703 -1.000000 -0.277578
v -0.958265 -1.000000 -0.285882
v -0.955755 -1.000000 -0.294164
v -0.953173 -1.000000 -0.302425
v -0.950520 -1.000000 -0.310663
v -0.947796 -1.000000 -0.318877
v -0.945001 -1.000000 -0.327068
v -0.942135 -1.000000 -0.335234
v -0.939198 -1.000000 -0.343375
v -0.936191 -1.000000 -0.351491
v -0.933114 -1.000000 -0.359580
v -0.929968 -1.000000 -0.367642
v -0.926751 -1.000000 -0.375676
v -0.923465 -1.000000 -0.383683
v -0.920110 -1.000000 -0.391660
v -0.916686 -1.000000 -0.399609
v -0.913193 -1.000000 -0.407527
v -0.909632 -1.000000 -0.415415
v -0.906003 -1.000000 -0.423272
v -0.902306 -1.000000 -0.431097
v -0.898541 -1.000000 -0.438890
v -0.894709 -1.000000 -0.446650
v -0.890810 -1.000000 -0.454376
v -0.886844 -1.000000 -0.462068
v -0.882812 -1.000000 -0.469726
v -0.878714 -1.000000 -0.477349
v -0.874550 -1.000000 -0.484936
v -0.870320 -1.000000 -0.492486
v -0.866025 -1.000000 -0.500000
v -0.861666 -1.000000 -0.507476
v -0.857242 -1.000000 -0.514914
v -0.852753 -1.000000 -0.522314
v -0.848201 -1.000000 -0.529675
v -0.843585 -1.000000 -0.536995
v -0.838906 -1.000000 -0.544276
v -0.834164 -1.000000 -0.551516
v -0.829360 -1.000000 -0.558715
v -0.824494 -1.000000 -0.565871
v -0.819565 -1.000000 -0.572986
v -0.814576 -1.000000 -0.580057
v -0.809525 -1.000000 -0.587085
v -0.804414 -1.000000 -0.594069
v -0.799243 -1.000000 -0.601008
v -0.794011 -1.000000 -0.607903
v -0.788721 -1.000000 -0.614752
v -0.783371 -1.000000 -0.621555
v -0.777962 -1.000000 -0.628311
v -0.772495 -1.000000 -0.635020
v -0.766971 -1.000000 -0.641682
v -0.761389 -1.000000 -0.648296
v -0.755750 -1.000000 -0.654861
v -0.750054 -1.000000 -0.661377
v -0.744302 -1.000000 -0.667843
v -0.738494 -1.000000 -0.674260
v -0.732631 -1.000000 -0.680626
v -0.726713 -1.000000 -0.686941
v -0.720741 -1.000000 -0.693204
v -0.714715 -1.000000 -0.699416
v -0.708635 -1.000000 -0.705575
v -0.702502 -1.000000 -0.711682
v -0.696317 -1.000000 -0.717735
v -0.690079 -1.000000 -0.723734
v -0.683790 -1.000000 -0.729679
v -0.677449 -1.000000 -0.735570
v -0.671058 -1.000000 -0.741405
v -0.664616 -1.000000 -0.747185
v -0.658125 -1.000000 -0.752909
v -0.651584 -1.000000 -0.758576
v -0.644995 -1.000000 -0.764187
v -0.638357 -1.000000 -0.769740
v -0.631672 -1.000000 -0.775236
v -0.624939 -1.000000 -0.780674
v -0.618159 -1.000000 -0.786053
v -0.611333 -1.000000 -0.791373
v -0.604461 -1.000000 -0.796635
v -0.597544 -1.000000 -0.801836
v -0.590582 -1.000000 -0.806977
v -0.583576 -1.000000 -0.812058
v -0.576527 -1.000000 -0.817078
v -0.569434 -1.000000 -0.822037
v -0.562298 -1.000000 -0.826935
v -0.555120 -1.000000 -0.831770
v -0.547901 -1.000000 -0.836543
v -0.540641 -1.000000 -0.841254
v -0.533340 -1.000000 -0.845901
v -0.525999 -1.000000 -0.850485
v -0.518619 -1.000000 -0.855005
v -0.511200 -1.000000 -0.859462
v -0.503743 -1.000000 -0.863854
v -0.496248 -1.000000 -0.868181
v -0.488716 -1.000000 -0.872443
v -0.481147 -1.000000 -0.876640
v -0.473542 -1.000000 -0.880771
v -0.465902 -1.000000 -0.884836
v -0.458227 -1.000000 -0.888835
v -0.450517 -1.000000 -0.892768
v -0.442774 -1.000000 -0.896633
v -0.434997 -1.000000 -0.900432
v -0.427188 -1.000000 -0.904163
v -0.419347 -1.000000 -0.907826
v -0.411475 -1.000000 -0.911421
v -0.403572 -1.000000 -0.914948
v -0.395638 -1.000000 -0.918406
v -0.387675 -1.000000 -0.921796
v -0.379683 -1.000000 -0.925117
v -0.371662 -1.000000 -0.928368
v -0.363614 -1.000000 -0.931550
v -0.355538 -1.000000 -0.934662
v -0.347436 -1.000000 -0.937704
v -0.339308 -1.000000 -0.940675
v -0.331154 -1.000000 -0.943577
v -0.322976 -1.000000 -0.946407
v -0.314773 -1.000000 -0.949167
v -0.306547 -1.000000 -0.951856
v -0.298297 -1.000000 -0.954473
v -0.290026 -1.000000 -0.957019
v -0.281733 -1.000000 -0.959493
v -0.273418 -1.000000 -0.961895
v -0.265083 -1.000000 -0.964226
v -0.256729 -1.000000 -0.966484
v -0.248355 -1.000000 -0.968669
v -0.239962 -1.000000 -0.970782
v -0.231551 -1.000000 -0.972823
v -0.223124 -1.000000 -0.974790
v -0.214679 -1.000000 -0.976685
v -0.206218 -1.000000 -0.978506
v -0.197742 -1.000000 -0.980254
v -0.189251 -1.000000 -0.981929
v -0.180746 -1.000000 -0.983530
v -0.172227 -1.000000 -0.985057
v -0.163696 -1.000000 -0.986511
v -0.155152 -1.000000 -0.987891
v -0.146597 -1.000000 -0.989196
v -0.138030 -1.000000 -0.990428
v -0.129454 -1.000000 -0.991585
v -0.120867 -1.000000 -0.992669
v -0.112272 -1.000000 -0.993678
v -0.103668 -1.000000 -0.994612
v -0.095056 -1.000000 -0.995472
v -0.086437 -1.000000 -0.996257
v -0.077812 -1.000000 -0.996968
v -0.069181 -1.000000 -0.997604
v -0.060545 -1.000000 -0.998165
v -0.051904 -1.000000 -0.998652
v -0.043259 -1.000000 -0.999064
v -0.034611 -1.000000 -0.999401
v -0.025961 -1.000000 -0.999663
v -0.017308 -1.000000 -0.999850
v -0.008654 -1.000000 -0.999963
v 0.000000 1.000000 0.000000
vn 0.0039 0.4472 -0.8944
vn 0.0116 0.4472 -0.8944
vn 0.0194 0.4472 -0.8942
vn 0.0271 0.4472 -0.8940
vn 0.0348 0.4472 -0.8938
vn 0.0426 0.4472 -0.8934
vn 0.0503 0.4472 -0.8930
vn 0.0580 0.4472 -0.8925
vn 0.0657 0.4472 -0.8920
vn 0.0735 0.4472 -0.8914
vn 0.0812 0.4472 -0.8907
vn 0.0889 0.4472 -0.8900
vn 0.0966 0.4472 -0.8892
vn 0.1043 0.4472 -0.8883
vn 0.1119 0.4472 -0.8874
vn 0.1196 0.4472 -0.8864
vn 0.1273 0.4472 -0.8853
vn 0.1349 0.4472 -0.8842
vn 0.1426 0.4472 -0.8830
vn 0.1502 0.4472 -0.8817
vn 0.1579 0.4472 -0.8804
vn 0.1655 0.4472 -0.8790
vn 0.1731 0.4472 -0.8775
vn 0.1807 0.4472 -0.8760
vn 0.1882 0.4472 -0.8744
vn 0.1958 0.4472 -0.8727
vn 0.2033 0.4472 -0.8710
vn 0.2109 0.4472 -0.8692
vn 0.2184 0.4472 -0.8674
vn 0.2259 0.4472 -0.8654
vn 0.2334 0.4472 -0.8634
vn 0.2408 0.4472 -0.8614
vn 0.2483 0.4472 -0.8593
vn 0.2557 0.4472 -0.8571
vn 0.2631 0.4472 -0.8549
vn 0.2705 0.4472 -0.8525
vn 0.2779 0.4472 -0.8502
vn 0.2852 0.4472 -0.8477
vn 0.2925 0.4472 -0.8452
vn 0.2998 0.4472 -0.8427
vn 0.3071 0.4472 -0.8400
vn 0.3144 0.4472 -0.8374
vn 0.3216 0.4472 -0.8346
vn 0.3288 0.4472 -0.8318
vn 0.3360 0.4472 -0.8289
vn 0.3432 0.4472 -0.8260
vn 0.3503 0.4472 -0.8230
vn 0.3574 0.4472 -0.8199
vn 0.3645 0.4472 -0.8168
vn 0.3716 0.4472 -0.8136
vn 0.3786 0.4472 -0.8104
vn 0.3856 0.4472 -0.8071
vn 0.3926 0.4472 -0.8037
vn 0.3995 0.4472 -0.8003
vn 0.4064 0.4472 -0.7968
vn 0.4133 0.4472 -0.7932
vn 0.4201 0.4472 -0.7896
vn 0.4270 0.4472 -0.7859
vn 0.4337 0.4472 -0.7822
vn 0.4405 0.4472 -0.7784
vn 0.4472 0.4472 -0.7746
vn 0.4539 0.4472 -0.7707
vn 0.4606 0.4472 -0.7667
vn 0.4672 0.4472 -0.7627
vn 0.4738 0.4472 -0.7587
vn 0.4803 0.4472 -0.7545
vn 0.4868 0.4472 -0.7503
vn 0.4933 0.4472 -0.7461
vn 0.4997 0.4472 -0.7418
vn 0.5061 0.4472 -0.7375
vn 0.5125 0.4472 -0.7330
vn 0.5188 0.4472 -0.7286
vn 0.5251 0.4472 -0.7241
vn 0.5314 0.4472 -0.7195
vn 0.5376 0.4472 -0.7149
vn 0.5437 0.4472 -0.7102
vn 0.5499 0.4472 -0.7055
vn 0.5559 0.4472 -0.7007
vn 0.5620 0.4472 -0.6958
vn 0.5680 0.4472 -0.6909
vn 0.5739 0.4472 -0.6860
vn 0.5799 0.4472 -0.6810
vn 0.5857 0.4472 -0.6760
vn 0.5916 0.4472 -0.6709
vn 0.5973 0.4472 -0.6657
vn 0.6031 0.4472 -0.6605
vn 0.6088 0.4472 -0.6553
vn 0.6144 0.4472 -0.6500
vn 0.6200 0.4472 -0.6447
vn 0.6256 0.4472 -0.6393
vn 0.6311 0.4472 -0.6338
vn 0.6365 0.4472 -0.6283
vn 0.6420 0.4472 -0.6228
vn 0.6473 0.4472 -0.6172
vn 0.6526 0.4472 -0.6116
vn 0.6579 0.4472 -0.6059
vn 0.6631 0.4472 -0.6002
vn 0.6683 0.4472 -0.5945
vn 0.6734 0.4472 -0.5886
vn 0.6785 0.4472 -0.5828
vn 0.6835 0.4472 -0.5769
vn 0.6885 0.4472 -0.5710
vn 0.6934 0.4472 -0.5650
vn 0.6983 0.4472 -0.5590
vn 0.7031 0.4472 -0.5529
vn 0.7078 0.4472 -0.5468
vn 0.7125 0.4472 -0.5406
vn 0.7172 0.4472 -0.5345
vn 0.7218 0.4472 -0.5282
vn 0.7263 0.4472 -0.5220
vn 0.7308 0.4472 -0.5157
vn 0.7353 0.4472 -0.5093
vn 0.7396 0.4472 -0.5029
vn 0.7440 0.4472 -0.4965
vn 0.7482 0.4472 -0.4901
vn 0.7524 0.4472 -0.4836
vn 0.7566 0.4472 -0.4770
vn 0.7607 0.4472 -0.4705
vn 0.7647 0.4472 -0.4639
vn 0.7687 0.4472 -0.4572
vn 0.7727 0.4472 -0.4506
vn 0.7765 0.4472 -0.4439
vn 0.7803 0.4472 -0.4371
vn 0.7841 0.4472 -0.4304
vn 0.7878 0.4472 -0.4236
vn 0.7914 0.4472 -0.4167
vn 0.7950 0.4472 -0.4099
vn 0.7985 0.4472 -0.4030
vn 0.8020 0.4472 -0.3960
vn 0.8054 0.4472 -0.3891
vn 0.8087 0.4472 -0.3821
vn 0.8120 0.4472 -0.3751
vn 0.8152 0.4472 -0.3680
vn 0.8184 0.4472 -0.3610
vn 0.8214 0.4472 -0.3539
vn 0.8245 0.4472 -0.3467
vn 0.8275 0.4472 -0.3396
vn 0.8304 0.4472 -0.3324
vn 0.8332 0.4472 -0.3252
vn 0.8360 0.4472 -0.3180
vn 0.8387 0.4472 -0.3108
vn 0.8414 0.4472 -0.3035
vn 0.8440 0.4472 -0.2962
vn 0.8465 0.4472 -0.2889
vn 0.8490 0.4472 -0.2815
vn 0.8514 0.4472 -0.2742
vn 0.8537 0.4472 -0.2668
vn 0.8560 0.4472 -0.2594
vn 0.8582 0.4472 -0.2520
vn 0.8603 0.4472 -0.2446
vn 0.8624 0.4472 -0.2371
vn 0.8644 0.4472 -0.2296
vn 0.8664 0.4472 -0.2221
vn 0.8683 0.4472 -0.2146
vn 0.8701 0.4472 -0.2071
vn 0.8719 0.4472 -0.1996
vn 0.8736 0.4472 -0.1920
vn 0.8752 0.4472 -0.1844
vn 0.8768 0.4472 -0.1769
vn 0.8783 0.4472 -0.1693
vn 0.8797 0.4472 -0.1617
vn 0.8811 0.4472 -0.1540
vn 0.8824 0.4472 -0.1464
vn 0.8836 0.4472 -0.1388
vn 0.8848 0.4472 -0.1311
vn 0.8859 0.4472 -0.1235
vn 0.8869 0.4472 -0.1158
vn 0.8879 0.4472 -0.1081
vn 0.8888 0.4472 -0.1004
vn 0.8896 0.4472 -0.0927
vn 0.8904 0.4472 -0.0850
vn 0.8911 0.4472 -0.0773
vn 0.8917 0.4472 -0.0696
vn 0.8923 0.4472 -0.0619
vn 0.8928 0.4472 -0.0542
vn 0.8932 0.4472 -0.0464
vn 0.8936 0.4472 -0.0387
vn 0.8939 0.4472 -0.0310
vn 0.8941 0.4472 -0.0232
vn 0.8943 0.4472 -0.0155
vn 0.8944 0.4472 -0.0077
vn 0.8944 0.4472 -0.0000
vn 0.8944 0.4472 0.0077
vn 0.8943 0.4472 0.0155
vn 0.8941 0.4472 0.0232
vn 0.8939 0.4472 0.0310
vn 0.8936 0.4472 0.0387
vn 0.8932 0.4472 0.0464
vn 0.8928 0.4472 0.0542
vn 0.8923 0.4472 0.0619
vn 0.8917 0.4472 0.0696
vn 0.8911 0.4472 0.0773
vn 0.8904 0.4472 0.0850
vn 0.8896 0.4472 0.0927
vn 0.8888 0.4472 0.1004
vn 0.8879 0.4472 0.1081
vn 0.8869 0.4472 0.1158
vn 0.8859 0.4472 0.1235
vn 0.8848 0.4472 0.1311
vn 0.8836 0.4472 0.1388
vn 0.8824 0.4472 0.1464
vn 0.8811 0.4472 0.1540
vn 0.8797 0.4472 0.1617
vn 0.8783 0.4472 0.1693
vn 0.8768 0.4472 0.1769
vn 0.8752 0.4472 0.1844
vn 0.8736 0.4472 0.1920
vn 0.8719 0.4472 0.1996
vn 0.8701 0.4472 0.2071
vn 0.8683 0.4472 0.2146
vn 0.8664 0.4472 0.2221
vn 0.8644 0.4472 0.2296
vn 0.8624 0.4472 0.2371
vn 0.8603 0.4472 0.2446
vn 0.8582 0.4472 0.2520
vn 0.8560 0.4472 0.2594
vn 0.8537 0.4472 0.2668
vn 0.8514 0.4472 0.2742
vn 0.8490 0.4472 0.2815
vn 0.8465 0.4472 0.2889
vn 0.8440 0.4472 0.2962
vn 0.8414 0.4472 0.3035
vn 0.8387 0.4472 0.3108
vn 0.8360 0.4472 0.3180
vn 0.8332 0.4472 0.3252
vn 0.8304 0.4472 0.3324
vn 0.8275 0.4472 0.3396
vn 0.8245 0.4472 0.3467
vn 0.8214 0.4472 0.3539
vn 0.8184 0.4472 0.3610
vn 0.8152 0.4472 0.3680
vn 0.8120 0.4472 0.3751
vn 0.8087 0.4472 0.3821
vn 0.8054 0.4472 0.3891
vn 0.8020 0.4472 0.3960
vn 0.7985 0.4472 0.4030
vn 0.7950 0.4472 0.4099
vn 0.7914 0.4472 0.4167
vn 0.7878 0.4472 0.4236
vn 0.7841 0.4472 0.4304
vn 0.7803 0.4472 0.4371
vn 0.7765 0.4472 0.4439
vn 0.7727 0.4472 0.4506
vn 0.7687 0.4472 0.4572
vn 0.7647 0.4472 0.4639
vn 0.7607 0.4472 0.4705
vn 0.7566 0.4472 0.4770
vn 0.7524 0.4472 0.4836
vn 0.7482 0.4472 0.4901
vn 0.7440 0.4472 0.4965
vn 0.7396 0.4472 0.5029
vn 0.7353 0.4472 0.5093
vn 0.7308 0.4472 0.5157
vn 0.7263 0.4472 0.5220
vn 0.7218 0.4472 0.5282
vn 0.7172 0.4472 0.5345
vn 0.7125 0.4472 0.5406
vn 0.7078 0.4472 0.5468
vn 0.7031 0.4472 0.5529
vn 0.6983 0.4472 0.5590
vn 0.6934 0.4472 0.5650
vn 0.6885 0.4472 0.5710
vn 0.6835 0.4472 0.5769
vn 0.6785 0.4472 0.5828
vn 0.6734 0.4472 0.5886
vn 0.6683 0.4472 0.5945
vn 0.6631 0.4472 0.6002
vn 0.6579 0.4472 0.6059
vn 0.6526 0.4472 0.6116
vn 0.6473 0.4472 0.6172
vn 0.6420 0.4472 0.6228
vn 0.6365 0.4472 0.6283
vn 0.6311 0.4472 0.6338
vn 0.6256 0.4472 0.6393
vn 0.6200 0.4472 0.6447
vn 0.6144 0.4472 0.6500
vn 0.6088 0.4472 0.6553
vn 0.6031 0.4472 0.6605
vn 0.5973 0.4472 0.6657
vn 0.5916 0.4472 0.6709
vn 0.5857 0.4472 0.6760
vn 0.5799 0.4472 0.6810
vn 0.5739 0.4472 0.6860
vn 0.5680 0.4472 0.6909
vn 0.5620 0.4472 0.6958
vn 0.5559 0.4472 0.7007
vn 0.5499 0.4472 0.7055
vn 0.5437 0.4472 0.7102
vn 0.5376 0.4472 0.7149
vn 0.5314 0.4472 0.7195
vn 0.5251 0.4472 0.7241
vn 0.5188 0.4472 0.7286
vn 0.5125 0.4472 0.7330
vn 0.5061 0.4472 0.7375
vn 0.4997 0.4472 0.7418
vn 0.4933 0.4472 0.7461
vn 0.4868 0.4472 0.7503
vn 0.4803 0.4472 0.7545
vn 0.4738 0.4472 0.7587
vn 0.4672 0.4472 0.7627
vn 0.4606 0.4472 0.7667
vn 0.4539 0.4472 0.7707
vn 0.4472 0.4472 0.7746
vn 0.4405 0.4472 0.7784
vn 0.4337 0.4472 0.7822
vn 0.4270 0.4472 0.7859
vn 0.4201 0.4472 0.7896
vn 0.4133 0.4472 0.7932
vn 0.4064 0.4472 0.7968
vn 0.3995 0.4472 0.8003
vn 0.3926 0.4472 0.8037
vn 0.3856 0.4472 0.8071
vn 0.3786 0.4472 0.8104
vn 0.3716 0.4472 0.8136
vn 0.3645 0.4472 0.8168
vn 0.3574 0.4472 0.8199
vn 0.3503 0.4472 0.8230
vn 0.3432 0.4472 0.8260
vn 0.3360 0.4472 0.8289
vn 0.3288 0.4472 0.8318
vn 0.3216 0.4472 0.8346
vn 0.3144 0.4472 0.8374
vn 0.3071 0.4472 0.8400
vn 0.2998 0.4472 0.8427
vn 0.2925 0.4472 0.8452
vn 0.2852 0.4472 0.8477
vn 0.2779 0.4472 0.8502
vn 0.2705 0.4472 0.8525
vn 0.2631 0.4472 0.8549
vn 0.2557 0.4472 0.8571
vn 0.2483 0.4472 0.8593
vn 0.2408 0.4472 0.8614
vn 0.2334 0.4472 0.8634
vn 0.2259 0.4472 0.8654
vn 0.2184 0.4472 0.8674
vn 0.2109 0.4472 0.8692
vn 0.2033 0.4472 0.8710
vn 0.1958 0.4472 0.8727
vn 0.1882 0.4472 0.8744
vn 0.1807 0.4472 0.8760
vn 0.1731 0.4472 0.8775
vn 0.1655 0.4472 0.8790
vn 0.1579 0.4472 0.8804
vn 0.1502 0.4472 0.8817
vn 0.1426 0.4472 0.8830
vn 0.1349 0.4472 0.8842
vn 0.1273 0.4472 0.8853
vn 0.1196 0.4472 0.8864
vn 0.1119 0.4472 0.8874
vn 0.1043 0.4472 0.8883
vn 0.0966 0.4472 0.8892
vn 0.0889 0.4472 0.8900
vn 0.0812 0.4472 0.8907
vn 0.0735 0.4472 0.8914
vn 0.0657 0.4472 0.8920
vn 0.0580 0.4472 0.8925
vn 0.0503 0.4472 0.8930
vn 0.0426 0.4472 0.8934
vn 0.0348 0.4472 0.8938
vn 0.0271 0.4472 0.8940
vn 0.0194 0.4472 0.8942
vn 0.0116 0.4472 0.8944
vn 0.0039 0.4472 0.8944
vn -0.0039 0.4472 0.8944
vn -0.0116 0.4472 0.8944
vn -0.0194 0.4472 0.8942
vn -0.0271 0.4472 0.8940
vn -0.0348 0.4472 0.8938
vn -0.0426 0.4472 0.8934
vn -0.0503 0.4472 0.8930
vn -0.0580 0.4472 0.8925
vn -0.0657 0.4472 0.8920
vn -0.0735 0.4472 0.8914
vn -0.0812 0.4472 0.8907
vn -0.0889 0.4472 0.8900
vn -0.0966 0.4472 0.8892
vn -0.1043 0.4472 0.8883
vn -0.1119 0.4472 0.8874
vn -0.1196 0.4472 0.8864
vn -0.1273 0.4472 0.8853
vn -0.1349 0.4472 0.8842
vn -0.1426 0.4472 0.8830
vn -0.1502 0.4472 0.8817
vn -0.1579 0.4472 0.8804
vn -0.1655 0.4472 0.8790
vn -0.1731 0.4472 0.8775
vn -0.1807 0.4472 0.8760
vn -0.1882 0.4472 0.8744
vn -0.1958 0.4472 0.8727
vn -0.2033 0.4472 0.8710
vn -0.2109 0.4472 0.8692
vn -0.2184 0.4472 0.8674
vn -0.2259 0.4472 0.8654
vn -0.2334 0.4472 0.8634
vn -0.2408 0.4472 0.8614
vn -0.2483 0.4472 0.8593
vn -0.2557 0.4472 0.8571
vn -0.2631 0.4472 0.8549
vn -0.2705 0.4472 0.8525
vn -0.2779 0.4472 0.8502
vn -0.2852 0.4472 0.8477
vn -0.2925 0.4472 0.8452
vn -0.2998 0.4472 0.8427
vn -0.3071 0.4472 0.8400
vn -0.3144 0.4472 0.8374
vn -0.3216 0.4472 0.8346
vn -0.3288 0.4472 0.8318
vn -0.3360 0.4472 0.8289
vn -0.3432 0.4472 0.8260
vn -0.3503 0.4472 0.8230
vn -0.3574 0.4472 0.8199
vn -0.3645 0.4472 0.8168
vn -0.3716 0.4472 0.8136
vn -0.3786 0.4472 0.8104
vn -0.3856 0.4472 0.8071
vn -0.3926 0.4472 0.8037
vn -0.3995 0.4472 0.8003
vn -0.4064 0.4472 0.7968
vn -0.4133 0.4472 0.7932
vn -0.4201 0.4472 0.7896
vn -0.4270 0.4472 0.7859
vn -0.4337 0.4472 0.7822
vn -0.4405 0.4472 0.7784
vn -0.4472 0.4472 0.7746
vn -0.4539 0.4472 0.7707
vn -0.4606 0.4472 0.7667
vn -0.4672 0.4472 0.7627
vn -0.4738 0.4472 0.7587
vn -0.4803 0.4472 0.7545
vn -0.4868 0.4472 0.7503
vn -0.4933 0.4472 0.7461
vn -0.4997 0.4472 0.7418
vn -0.5061 0.4472 0.7375
vn -0.5125 0.4472 0.7330
vn -0.5188 0.4472 0.7286
vn -0.5251 0.4472 0.7241
vn -0.5314 0.4472 0.7195
vn -0.5376 0.4472 0.7149
vn -0.5437 0.4472 0.7102
vn -0.5499 0.4472 0.7055
vn -0.5559 0.4472 0.7007
vn -0.5620 0.4472 0.6958
vn -0.5680 0.4472 0.6909
vn -0.5739 0.4472 0.6860
vn -0.5799 0.4472 0.6810
vn -0.5857 0.4472 0.6760
vn -0.5916 0.4472 0.6709
vn -0.5973 0.4472 0.6657
vn -0.6031 0.4472 0.6605
vn -0.6088 0.4472 0.6553
vn -0.6144 0.4472 0.6500
vn -0.6200 0.4472 0.6447
vn -0.6256 0.4472 0.6393
vn -0.6311 0.4472 0.6338
vn -0.6365 0.4472 0.6283
vn -0.6420 0.4472 0.6228
vn -0.6473 0.4472 0.6172
vn -0.6526 0.4472 0.6116
vn -0.6579 0.4472 0.6059
vn -0.6631 0.4472 0.6002
vn -0.6683 0.4472 0.5945
vn -0.6734 0.4472 0.5886
vn -0.6785 0.4472 0.5828
vn -0.6835 0.4472 0.5769
vn -0.6885 0.4472 0.5710
vn -0.6934 0.4472 0.5650
vn -0.6983 0.4472 0.5590
vn -0.7031 0.4472 0.5529
vn -0.7078 0.4472 0.5468
vn -0.7125 0.4472 0.5406
vn -0.7172 0.4472 0.5345
vn -0.7218 0.4472 0.5282
vn -0.7263 0.4472 0.5220
vn -0.7308 0.4472 0.5157
vn -0.7353 0.4472 0.5093
vn -0.7396 0.4472 0.5029
vn -0.7440 0.4472 0.4965
vn -0.7482 0.4472 0.4901
vn -0.7524 0.4472 0.4836
vn -0.7566 0.4472 0.4770
vn -0.7607 0.4472 0.4705
vn -0.7647 0.4472 0.4639
vn -0.7687 0.4472 0.4572
vn -0.7727 0.4472 0.4506
vn -0.7765 0.4472 0.4439
vn -0.7803 0.4472 0.4371
vn -0.7841 0.4472 0.4304
vn -0.7878 0.4472 0.4236
vn -0.7914 0.4472 0.4167
vn -0.7950 0.4472 0.4099
vn -0.7985 0.4472 0.4030
vn -0.8020 0.4472 0.3960
vn -0.8054 0.4472 0.3891
vn -0.8087 0.4472 0.3821
vn -0.8120 0.4472 0.3751
vn -0.8152 0.4472 0.3680
vn -0.8184 0.4472 0.3610
vn -0.8214 0.4472 0.3539
vn -0.8245 0.4472 0.3467
vn -0.8275 0.4472 0.3396
vn -0.8304 0.4472 0.3324
vn -0.8332 0.4472 0.3252
vn -0.8360 0.4472 0.3180
vn -0.8387 0.4472 0.3108
vn -0.8414 0.4472 0.3035
vn -0.8440 0.4472 0.2962
vn -0.8465 0.4472 0.2889
vn -0.8490 0.4472 0.2815
vn -0.8514 0.4472 0.2742
vn -0.8537 0.4472 0.2668
vn -0.8560 0.4472 0.2594
vn -0.8582 0.4472 0.2520
vn -0.8603 0.4472 0.2446
vn -0.8624 0.4472 0.2371
vn -0.8644 0.4472 0.2296
vn -0.8664 0.4472 0.2221
vn -0.8683 0.4472 0.2146
vn -0.8701 0.4472 0.2071
vn -0.8719 0.4472 0.1996
vn -0.8736 0.4472 0.1920
vn -0.8752 0.4472 0.1844
vn -0.8768 0.4472 0.1769
vn -0.8783 0.4472 0.1693
vn -0.8797 0.4472 0.1617
vn -0.8811 0.4472 0.1540
vn -0.8824 0.4472 0.1464
vn -0.8836 0.4472 0.1388
vn -0.8848 0.4472 0.1311
vn -0.8859 0.4472 0.1235
vn -0.8869 0.4472 0.1158
vn -0.8879 0.4472 0.1081
vn -0.8888 0.4472 0.1004
vn -0.8896 0.4472 0.0927
vn -0.8904 0.4472 0.0850
vn -0.8911 0.4472 0.0773
vn -0.8917 0.4472 0.0696
vn -0.8923 0.4472 0.0619
vn -0.8928 0.4472 0.0542
vn -0.8932 0.4472 0.0464
vn -0.8936 0.4472 0.0387
vn -0.8939 0.4472 0.0310
vn -0.8941 0.4472 0.0232
vn -0.8943 0.4472 0.0155
vn -0.8944 0.4472 0.0077
vn -0.8944 0.4472 -0.0000
vn -0.8944 0.4472 -0.0077
vn -0.8943 0.4472 -0.0155
vn -0.8941 0.4472 -0.0232
vn -0.8939 0.4472 -0.0310
vn -0.8936 0.4472 -0.0387
vn -0.8932 0.4472 -0.0464
vn -0.8928 0.4472 -0.0542
vn -0.8923 0.4472 -0.0619
vn -0.8917 0.4472 -0.0696
vn -0.8911 0.4472 -0.0773
vn -0.8904 0.4472 -0.0850
vn -0.8896 0.4472 -0.0927
vn -0.8888 0.4472 -0.1004
vn -0.8879 0.4472 -0.1081
vn -0.8869 0.4472 -0.1158
vn -0.8859 0.4472 -0.1235
vn -0.8848 0.4472 -0.1311
vn -0.8836 0.4472 -0.1388
vn -0.8824 0.4472 -0.1464
vn -0.8811 0.4472 -0.1540
vn -0.8797 0.4472 -0.1617
vn -0.8783 0.4472 -0.1693
vn -0.8768 0.4472 -0.1769
vn -0.8752 0.4472 -0.1844
vn -0.8736 0.4472 -0.1920
vn -0.8719 0.4472 -0.1996
vn -0.8701 0.4472 -0.2071
vn -0.8683 0.4472 -0.2146
vn -0.8664 0.4472 -0.2221
vn -0.8644 0.4472 -0.2296
vn -0.8624 0.4472 -0.2371
vn -0.8603 0.4472 -0.2446
vn -0.8582 0.4472 -0.2520
vn -0.8560 0.4472 -0.2594
vn -0.8537 0.4472 -0.2668
vn -0.8514 0.4472 -0.2742
vn -0.8490 0.4472 -0.2815
vn -0.8465 0.4472 -0.2889
vn -0.8440 0.4472 -0.2962
vn -0.8414 0.4472 -0.3035
vn -0.8387 0.4472 -0.3108
vn -0.8360 0.4472 -0.3180
vn -0.8332 0.4472 -0.3252
vn -0.8304 0.4472 -0.3324
vn -0.8275 0.4472 -0.3396
vn -0.8245 0.4472 -0.3467
vn -0.8214 0.4472 -0.3539
vn -0.8184 0.4472 -0.3610
vn -0.8152 0.4472 -0.3680
vn -0.8120 0.4472 -0.3751
vn -0.8087 0.4472 -0.3821
vn -0.8054 0.4472 -0.3891
vn -0.8020 0.4472 -0.3960
vn -0.7985 0.4472 -0.4030
vn -0.7950 0.4472 -0.4099
vn -0.7914 0.4472 -0.4167
vn -0.7878 0.4472 -0.4236
vn -0.7841 0.4472 -0.4304
vn -0.7803 0.4472 -0.4371
vn -0.7765 0.4472 -0.4439
vn -0.7727 0.4472 -0.4506
vn -0.7687 0.4472 -0.4572
vn -0.7647 0.4472 -0.4639
vn -0.7607 0.4472 -0.4705
vn -0.7566 0.4472 -0.4770
vn -0.7524 0.4472 -0.4836
vn -0.7482 0.4472 -0.4901
vn -0.7440 0.4472 -0.4965
vn -0.7396 0.4472 -0.5029
vn -0.7353 0.4472 -0.5093
vn -0.7308 0.4472 -0.5157
vn -0.7263 0.4472 -0.5220
vn -0.7218 0.4472 -0.5282
vn -0.7172 0.4472 -0.5345
vn -0.7125 0.4472 -0.5406
vn -0.7078 0.4472 -0.5468
vn -0.7031 0.4472 -0.5529
vn -0.6983 0.4472 -0.5590
vn -0.6934 0.4472 -0.5650
vn -0.6885 0.4472 -0.5710
vn -0.6835 0.4472 -0.5769
vn -0.6785 0.4472 -0.5828
vn -0.6734 0.4472 -0.5886
vn -0.6683 0.4472 -0.5945
vn -0.6631 0.4472 -0.6002
vn -0.6579 0.4472 -0.6059
vn -0.6526 0.4472 -0.6116
vn -0.6473 0.4472 -0.6172
vn -0.6420 0.4472 -0.6228
vn -0.6365 0.4472 -0.6283
vn -0.6311 0.4472 -0.6338
vn -0.6256 0.4472 -0.6393
vn -0.6200 0.4472 -0.6447
vn -0.6144 0.4472 -0.6500
vn -0.6088 0.4472 -0.6553
vn -0.6031 0.4472 -0.6605
vn -0.5973 0.4472 -0.6657
vn -0.5916 0.4472 -0.6709
vn -0.5857 0.4472 -0.6760
vn -0.5799 0.4472 -0.6810
vn -0.5739 0.4472 -0.6860
vn -0.5680 0.4472 -0.6909
vn -0.5620 0.4472 -0.6958
vn -0.5559 0.4472 -0.7007
vn -0.5499 0.4472 -0.7055
vn -0.5437 0.4472 -0.7102
vn -0.5376 0.4472 -0.7149
vn -0.5314 0.4472 -0.7195
vn -0.5251 0.4472 -0.7241
vn -0.5188 0.4472 -0.7286
vn -0.5125 0.4472 -0.7330
vn -0.5061 0.4472 -0.7375
vn -0.4997 0.4472 -0.7418
vn -0.4933 0.4472 -0.7461
vn -0.4868 0.4472 -0.7503
vn -0.4803 0.4472 -0.7545
vn -0.4738 0.4472 -0.7587
vn -0.4672 0.4472 -0.7627
vn -0.4606 0.4472 -0.7667
vn -0.4539 0.4472 -0.7707
vn -0.4472 0.4472 -0.7746
vn -0.4405 0.4472 -0.7784
vn -0.4337 0.4472 -0.7822
vn -0.4270 0.4472 -0.7859
vn -0.4201 0.4472 -0.7896
vn -0.4133 0.4472 -0.7932
vn -0.4064 0.4472 -0.7968
vn -0.3995 0.4472 -0.8003
vn -0.3926 0.4472 -0.8037
vn -0.3856 0.4472 -0.8071
vn -0.3786 0.4472 -0.8104
vn -0.3716 0.4472 -0.8136
vn -0.3645 0.4472 -0.8168
vn -0.3574 0.4472 -0.8199
vn -0.3503 0.4472 -0.8230
vn -0.3432 0.4472 -0.8260
vn -0.3360 0.4472 -0.8289
vn -0.3288 0.4472 -0.8318
vn -0.3216 0.4472 -0.8346
vn -0.3144 0.4472 -0.8374
vn -0.3071 0.4472 -0.8400
vn -0.2998 0.4472 -0.8427
vn -0.2925 0.4472 -0.8452
vn -0.2852 0.4472 -0.8477
vn -0.2779 0.4472 -0.8502
vn -0.2705 0.4472 -0.8525
vn -0.2631 0.4472 -0.8549
vn -0.2557 0.4472 -0.8571
vn -0.2483 0.4472 -0.8593
vn -0.2408 0.4472 -0.8614
vn -0.2334 0.4472 -0.8634
vn -0.2259 0.4472 -0.8654
vn -0.2184 0.4472 -0.8674
vn -0.2109 0.4472 -0.8692
vn -0.2033 0.4472 -0.8710
vn -0.1958 0.4472 -0.8727
vn -0.1882 0.4472 -0.8744
vn -0.1807 0.4472 -0.8760
vn -0.1731 0.4472 -0.8775
vn -0.1655 0.4472 -0.8790
vn -0.1579 0.4472 -0.8804
vn -0.1502 0.4472 -0.8817
vn -0.1426 0.4472 -0.8830
vn -0.1349 0.4472 -0.8842
vn -0.1273 0.4472 -0.8853
vn -0.1196 0.4472 -0.8864
vn -0.1119 0.4472 -0.8874
vn -0.1043 0.4472 -0.8883
vn -0.0966 0.4472 -0.8892
vn -0.0889 0.4472 -0.8900
vn -0.0812 0.4472 -0.8907
vn -0.0735 0.4472 -0.8914
vn -0.0657 0.4472 -0.8920
vn -0.0580 0.4472 -0.8925
vn -0.0503 0.4472 -0.8930
vn -0.0426 0.4472 -0.8934
vn -0.0348 0.4472 -0.8938
vn -0.0271 0.4472 -0.8940
vn -0.0194 0.4472 -0.8942
vn -0.0000 -1.0000 -0.0000
vn -0.0116 0.4472 -0.8944
vn -0.0039 0.4472 -0.8944
vt 0.250000 0.490000
vt 0.250000 0.250000
vt 0.252077 0.489991
vt 0.254154 0.489964
vt 0.256231 0.489919
vt 0.258307 0.489856
vt 0.260382 0.489775
vt 0.262457 0.489677
vt 0.264531 0.489560
vt 0.266603 0.489425
vt 0.268675 0.489272
vt 0.270745 0.489102
vt 0.272813 0.488913
vt 0.274880 0.488707
vt 0.276945 0.488483
vt 0.279008 0.488240
vt 0.281069 0.487981
vt 0.283127 0.487703
vt 0.285183 0.487407
vt 0.287237 0.487094
vt 0.289287 0.486763
vt 0.291335 0.486414
vt 0.293379 0.486047
vt 0.295420 0.485663
vt 0.297458 0.485261
vt 0.299492 0.484841
vt 0.301523 0.484404
vt 0.303550 0.483950
vt 0.305572 0.483477
vt 0.307591 0.482988
vt 0.309605 0.482481
vt 0.311615 0.481956
vt 0.313620 0.481414
vt 0.315620 0.480855
vt 0.317616 0.480278
vt 0.319606 0.479685
vt 0.321591 0.479074
vt 0.323571 0.478445
vt 0.325545 0.477800
vt 0.327514 0.477138
vt 0.329477 0.476458
vt 0.331434 0.475762
vt 0.333385 0.475049
vt 0.335329 0.474319
vt 0.337267 0.473572
vt 0.339199 0.472808
vt 0.341124 0.472028
vt 0.343042 0.471231
vt 0.344953 0.470418
vt 0.346857 0.469588
vt 0.348754 0.468741
vt 0.350643 0.467878
vt 0.352525 0.466999
vt 0.354399 0.466104
vt 0.356266 0.465192
vt 0.358124 0.464264
vt 0.359974 0.463320
vt 0.361816 0.462361
vt 0.363650 0.461385
vt 0.365475 0.460394
vt 0.367292 0.459386
vt 0.369099 0.458363
vt 0.370898 0.457325
vt 0.372688 0.456271
vt 0.374469 0.455201
vt 0.376240 0.454116
vt 0.378002 0.453016
vt 0.379754 0.451901
vt 0.381496 0.450770
vt 0.383229 0.449625
vt 0.384952 0.448464
vt 0.386664 0.447289
vt 0.388366 0.446099
vt 0.390058 0.444894
vt 0.391740 0.443675
vt 0.393411 0.442441
vt 0.395071 0.441192
vt 0.396720 0.439930
vt 0.398358 0.438653
vt 0.399985 0.437362
vt 0.401601 0.436057
vt 0.403206 0.434738
vt 0.404799 0.433405
vt 0.406380 0.432058
vt 0.407950 0.430698
vt 0.409508 0.429324
vt 0.411054 0.427937
vt 0.412588 0.426537
vt 0.414110 0.425123
vt 0.415619 0.423696
vt 0.417116 0.422256
vt 0.418601 0.420804
vt 0.420072 0.419338
vt 0.421532 0.417860
vt 0.422978 0.416369
vt 0.424411 0.414866
vt 0.425831 0.413350
vt 0.427239 0.411822
vt 0.428632 0.410282
vt 0.430013 0.408730
vt 0.431380 0.407167
vt 0.432733 0.405591
vt 0.434073 0.404004
vt 0.435399 0.402405
vt 0.436711 0.400795
vt 0.438009 0.399173
vt 0.439293 0.397540
vt 0.440563 0.395897
vt 0.441818 0.394242
vt 0.443059 0.392577
vt 0.444286 0.390900
vt 0.445498 0.389214
vt 0.446696 0.387517
vt 0.447878 0.385809
vt 0.449046 0.384091
vt 0.450199 0.382364
vt 0.451337 0.380626
vt 0.452460 0.378879
vt 0.453568 0.377122
vt 0.454661 0.375355
vt 0.455738 0.373579
vt 0.456800 0.371794
vt 0.457846 0.370000
vt 0.458877 0.368197
vt 0.459892 0.366385
vt 0.460891 0.364564
vt 0.461875 0.362734
vt 0.462843 0.360896
vt 0.463794 0.359050
vt 0.464730 0.357196
vt 0.465650 0.355334
vt 0.466553 0.353463
vt 0.467441 0.351585
vt 0.468312 0.349700
vt 0.469166 0.347807
vt 0.470005 0.345906
vt 0.470826 0.343998
vt 0.471632 0.342084
vt 0.472420 0.340162
vt 0.473192 0.338234
vt 0.473947 0.336299
vt 0.474686 0.334358
vt 0.475408 0.332410
vt 0.476112 0.330456
vt 0.476800 0.328496
vt 0.477471 0.326531
vt 0.478125 0.324559
vt 0.478762 0.322582
vt 0.479381 0.320599
vt 0.479984 0.318612
vt 0.480569 0.316619
vt 0.481137 0.314621
vt 0.481687 0.312618
vt 0.482221 0.310611
vt 0.482736 0.308599
vt 0.483235 0.306582
vt 0.483716 0.304562
vt 0.484179 0.302537
vt 0.484625 0.300508
vt 0.485053 0.298476
vt 0.485464 0.296440
vt 0.485857 0.294400
vt 0.486233 0.292357
vt 0.486590 0.290311
vt 0.486930 0.288262
vt 0.487253 0.286210
vt 0.487557 0.284156
vt 0.487844 0.282098
vt 0.488113 0.280039
vt 0.488364 0.277977
vt 0.488597 0.275913
vt 0.488812 0.273847
vt 0.489010 0.271779
vt 0.489189 0.269710
vt 0.489351 0.267639
vt 0.489495 0.265567
vt 0.489620 0.263494
vt 0.489728 0.261420
vt 0.489818 0.259345
vt 0.489890 0.257269
vt 0.489944 0.255192
vt 0.489980 0.253116
vt 0.489998 0.251039
vt 0.489998 0.248961
vt 0.489980 0.246884
vt 0.489944 0.244808
vt 0.489890 0.242731
vt 0.489818 0.240655
vt 0.489728 0.238580
vt 0.489620 0.236506
vt 0.489495 0.234433
vt 0.489351 0.232361
vt 0.489189 0.230290
vt 0.489010 0.228221
vt 0.488812 0.226153
vt 0.488597 0.224087
vt 0.488364 0.222023
vt 0.488113 0.219961
vt 0.487844 0.217902
vt 0.487557 0.215844
vt 0.487253 0.213790
vt 0.486930 0.211738
vt 0.486590 0.209689
vt 0.486233 0.207643
vt 0.485857 0.205600
vt 0.485464 0.203560
vt 0.485053 0.201524
vt 0.484625 0.199492
vt 0.484179 0.197463
vt 0.483716 0.195438
vt 0.483235 0.193418
vt 0.482736 0.191401
vt 0.482221 0.189389
vt 0.481687 0.187382
vt 0.481137 0.185379
vt 0.480569 0.183381
vt 0.479984 0.181388
vt 0.479381 0.179401
vt 0.478762 0.177418
vt 0.478125 0.175441
vt 0.477471 0.173469
vt 0.476800 0.171504
vt 0.476112 0.169544
vt 0.475408 0.167590
vt 0.474686 0.165642
vt 0.473947 0.163701
vt 0.473192 0.161766
vt 0.472420 0.159838
vt 0.471632 0.157916
vt 0.470826 0.156002
vt 0.470005 0.154094
vt 0.469166 0.152193
vt 0.468312 0.150300
vt 0.467441 0.148415
vt 0.466553 0.146537
vt 0.465650 0.144666
vt 0.464730 0.142804
vt 0.463794 0.140950
vt 0.462843 0.139104
vt 0.461875 0.137266
vt 0.460891 0.135436
vt 0.459892 0.133615
vt 0.458877 0.131803
vt 0.457846 0.130000
vt 0.456800 0.128206
vt 0.455738 0.126421
vt 0.454661 0.124645
vt 0.453568 0.122878
vt 0.452460 0.121121
vt 0.451337 0.119374
vt 0.450199 0.117636
vt 0.449046 0.115909
vt 0.447878 0.114191
vt 0.446696 0.112483
vt 0.445498 0.110786
vt 0.444286 0.109100
vt 0.443059 0.107423
vt 0.441818 0.105758
vt 0.440563 0.104103
vt 0.439293 0.102460
vt 0.438009 0.100827
vt 0.436711 0.099205
vt 0.435399 0.097595
vt 0.434073 0.095996
vt 0.432733 0.094409
vt 0.431380 0.092833
vt 0.430013 0.091270
vt 0.428632 0.089718
vt 0.427239 0.088178
vt 0.425831 0.086650
vt 0.424411 0.085134
vt 0.422978 0.083631
vt 0.421532 0.082140
vt 0.420072 0.080662
vt 0.418601 0.079196
vt 0.417116 0.077744
vt 0.415619 0.076304
vt 0.414110 0.074877
vt 0.412588 0.073463
vt 0.411054 0.072063
vt 0.409508 0.070676
vt 0.407950 0.069302
vt 0.406380 0.067942
vt 0.404799 0.066595
vt 0.403206 0.065262
vt 0.401601 0.063943
vt 0.399985 0.062638
vt 0.398358 0.061347
vt 0.396720 0.060070
vt 0.395071 0.058808
vt 0.393411 0.057559
vt 0.391740 0.056325
vt 0.390058 0.055106
vt 0.388366 0.053901
vt 0.386664 0.052711
vt 0.384952 0.051536
vt 0.383229 0.050375
vt 0.381496 0.049230
vt 0.379754 0.048099
vt 0.378002 0.046984
vt 0.376240 0.045884
vt 0.374469 0.044799
vt 0.372688 0.043729
vt 0.370898 0.042675
vt 0.369099 0.041637
vt 0.367292 0.040614
vt 0.365475 0.039606
vt 0.363650 0.038615
vt 0.361816 0.037639
vt 0.359974 0.036680
vt 0.358124 0.035736
vt 0.356266 0.034808
vt 0.354399 0.033896
vt 0.352525 0.033001
vt 0.350643 0.032122
vt 0.348754 0.031259
vt 0.346857 0.030412
vt 0.344953 0.029582
vt 0.343042 0.028769
vt 0.341124 0.027972
vt 0.339199 0.027192
vt 0.337267 0.026428
vt 0.335329 0.025681
vt 0.333385 0.024951
vt 0.331434 0.024238
vt 0.329477 0.023542
vt 0.327514 0.022862
vt 0.325545 0.022200
vt 0.323571 0.021555
vt 0.321591 0.020926
vt 0.319606 0.020315
vt 0.317616 0.019722
vt 0.315620 0.019145
vt 0.313620 0.018586
vt 0.311615 0.018044
vt 0.309605 0.017519
vt 0.307591 0.017012
vt 0.305572 0.016523
vt 0.303550 0.016050
vt 0.301523 0.015596
vt 0.299492 0.015159
vt 0.297458 0.014739
vt 0.295420 0.014337
vt 0.293379 0.013953
vt 0.291335 0.013586
vt 0.289287 0.013237
vt 0.287237 0.012906
vt 0.285183 0.012593
vt 0.283127 0.012297
vt 0.281069 0.012019
vt 0.279008 0.011760
vt 0.276945 0.011517
vt 0.274880 0.011293
vt 0.272813 0.011087
vt 0.270745 0.010898
vt 0.268675 0.010728
vt 0.266603 0.010575
vt 0.264531 0.010440
vt 0.262457 0.010323
vt 0.260382 0.010225
vt 0.258307 0.010144
vt 0.256231 0.010081
vt 0.254154 0.010036
vt 0.252077 0.010009
vt 0.250000 0.010000
vt 0.247923 0.010009
vt 0.245846 0.010036
vt 0.243769 0.010081
vt 0.241693 0.010144
vt 0.239618 0.010225
vt 0.237543 0.010323
vt 0.235469 0.010440
vt 0.233397 0.010575
vt 0.231325 0.010728
vt 0.229255 0.010898
vt 0.227187 0.011087
vt 0.225120 0.011293
vt 0.223055 0.011517
vt 0.220992 0.011760
vt 0.218931 0.012019
vt 0.216873 0.012297
vt 0.214817 0.012593
vt 0.212763 0.012906
vt 0.210713 0.013237
vt 0.208665 0.013586
vt 0.206621 0.013953
vt 0.204580 0.014337
vt 0.202542 0.014739
vt 0.200508 0.015159
vt 0.198477 0.015596
vt 0.196450 0.016050
vt 0.194428 0.016523
vt 0.192409 0.017012
vt 0.190395 0.017519
vt 0.188385 0.018044
vt 0.186380 0.018586
vt 0.184380 0.019145
vt 0.182384 0.019722
vt 0.180394 0.020315
vt 0.178409 0.020926
vt 0.176429 0.021555
vt 0.174454 0.022200
vt 0.172486 0.022862
vt 0.170523 0.023542
vt 0.168566 0.024238
vt 0.166615 0.024951
vt 0.164671 0.025681
vt 0.162733 0.026428
vt 0.160801 0.027192
vt 0.158876 0.027972
vt 0.156958 0.028769
vt 0.155047 0.029582
vt 0.153143 0.030412
vt 0.151246 0.031259
vt 0.149357 0.032122
vt 0.147475 0.033001
vt 0.145601 0.033896
vt 0.143734 0.034808
vt 0.141876 0.035736
vt 0.140026 0.036680
vt 0.138184 0.037639
vt 0.136350 0.038615
vt 0.134525 0.039606
vt 0.132708 0.040614
vt 0.130901 0.041637
vt 0.129102 0.042675
vt 0.127312 0.043729
vt 0.125531 0.044799
vt 0.123760 0.045884
vt 0.121998 0.046984
vt 0.120246 0.048099
vt 0.118504 0.049230
vt 0.116771 0.050375
vt 0.115048 0.051536
vt 0.113336 0.052711
vt 0.111634 0.053901
vt 0.109942 0.055106
vt 0.108260 0.056325
vt 0.106589 0.057559
vt 0.104929 0.058808
vt 0.103280 0.060070
vt 0.101642 0.061347
vt 0.100015 0.062638
vt 0.098399 0.063943
vt 0.096794 0.065262
vt 0.095201 0.066595
vt 0.093620 0.067942
vt 0.092050 0.069302
vt 0.090492 0.070676
vt 0.088946 0.072063
vt 0.087412 0.073463
vt 0.085890 0.074877
vt 0.084381 0.076304
vt 0.082884 0.077744
vt 0.081399 0.079196
vt 0.079928 0.080662
vt 0.078468 0.082140
vt 0.077022 0.083631
vt 0.075589 0.085134
vt 0.074169 0.086650
vt 0.072761 0.088178
vt 0.071368 0.089718
vt 0.069987 0.091270
vt 0.068620 0.092833
vt 0.067267 0.094409
vt 0.065927 0.095996
vt 0.064601 0.097595
vt 0.063289 0.099205
vt 0.061991 0.100827
vt 0.060707 0.102460
vt 0.059437 0.104103
vt 0.058182 0.105758
vt 0.056941 0.107423
vt 0.055714 0.109100
vt 0.054502 0.110786
vt 0.053304 0.112483
vt 0.052122 0.114191
vt 0.050954 0.115909
vt 0.049801 0.117636
vt 0.048663 0.119374
vt 0.047540 0.121121
vt 0.046432 0.122878
vt 0.045339 0.124645
vt 0.044262 0.126421
vt 0.043200 0.128206
vt 0.042154 0.130000
vt 0.041123 0.131803
vt 0.040108 0.133615
vt 0.039109 0.135436
vt 0.038125 0.137266
vt 0.037157 0.139104
vt 0.036206 0.140950
vt 0.035270 0.142804
vt 0.034350 0.144666
vt 0.033447 0.146537
vt 0.032559 0.148415
vt 0.031688 0.150300
vt 0.030834 0.152193
vt 0.029995 0.154094
vt 0.029174 0.156002
vt 0.028368 0.157916
vt 0.027580 0.159838
vt 0.026808 0.161766
vt 0.026053 0.163701
vt 0.025314 0.165642
vt 0.024592 0.167590
vt 0.023888 0.169544
vt 0.023200 0.171504
vt 0.022529 0.173469
vt 0.021875 0.175441
vt 0.021238 0.177418
vt 0.020619 0.179401
vt 0.020016 0.181388
vt 0.019431 0.183381
vt 0.018863 0.185379
vt 0.018313 0.187382
vt 0.017779 0.189389
vt 0.017264 0.191401
vt 0.016765 0.193418
vt 0.016284 0.195438
vt 0.015821 0.197463
vt 0.015375 0.199492
vt 0.014947 0.201524
vt 0.014536 0.203560
vt 0.014143 0.205600
vt 0.013767 0.207643
vt 0.013410 0.209689
vt 0.013070 0.211738
vt 0.012747 0.213790
vt 0.012443 0.215844
vt 0.012156 0.217902
vt 0.011887 0.219961
vt 0.011636 0.222023
vt 0.011403 0.224087
vt 0.011188 0.226153
vt 0.010990 0.228221
vt 0.010811 0.230290
vt 0.010649 0.232361
vt 0.010505 0.234433
vt 0.010380 0.236506
vt 0.010272 0.238580
vt 0.010182 0.240655
vt 0.010110 0.242731
vt 0.010056 0.244808
vt 0.010020 0.246884
vt 0.010002 0.248961
vt 0.010002 0.251039
vt 0.010020 0.253116
vt 0.010056 0.255192
vt 0.010110 0.257269
vt 0.010182 0.259345
vt 0.010272 0.261420
vt 0.010380 0.263494
vt 0.010505 0.265567
vt 0.010649 0.267639
vt 0.010811 0.269710
vt 0.010990 0.271779
vt 0.011188 0.273847
vt 0.011403 0.275913
vt 0.011636 0.277977
vt 0.011887 0.280039
vt 0.012156 0.282098
vt 0.012443 0.284156
vt 0.012747 0.286210
vt 0.013070 0.288262
vt 0.013410 0.290311
vt 0.013767 0.292357
vt 0.014143 0.294400
vt 0.014536 0.296440
vt 0.014947 0.298476
vt 0.015375 0.300508
vt 0.015821 0.302537
vt 0.016284 0.304562
vt 0.016765 0.306582
vt 0.017264 0.308599
vt 0.017779 0.310611
vt 0.018313 0.312618
vt 0.018863 0.314621
vt 0.019431 0.316619
vt 0.020016 0.318612
vt 0.020619 0.320599
vt 0.021238 0.322582
vt 0.021875 0.324559
vt 0.022529 0.326531
vt 0.023200 0.328496
vt 0.023888 0.330456
vt 0.024592 0.332410
vt 0.025314 0.334358
vt 0.026053 0.336299
vt 0.026808 0.338234
vt 0.027580 0.340162
vt 0.028368 0.342084
vt 0.029174 0.343998
vt 0.029995 0.345906
vt 0.030834 0.347807
vt 0.031688 0.349700
vt 0.032559 0.351585
vt 0.033447 0.353463
vt 0.034350 0.355334
vt 0.035270 0.357196
vt 0.036206 0.359050
vt 0.037157 0.360896
vt 0.038125 0.362734
vt 0.039109 0.364564
vt 0.040108 0.366385
vt 0.041123 0.368197
vt 0.042154 0.370000
vt 0.043200 0.371794
vt 0.044262 0.373579
vt 0.045339 0.375355
vt 0.046432 0.377122
vt 0.047540 0.378879
vt 0.048663 0.380626
vt 0.049801 0.382364
vt 0.050954 0.384091
vt 0.052122 0.385809
vt 0.053304 0.387517
vt 0.054502 0.389214
vt 0.055714 0.390900
vt 0.056941 0.392577
vt 0.058182 0.394242
vt 0.059437 0.395897
vt 0.060707 0.397540
vt 0.061991 0.399173
vt 0.063289 0.400795
vt 0.064601 0.402405
vt 0.065927 0.404004
vt 0.067267 0.405591
vt 0.068620 0.407167
vt 0.069987 0.408730
vt 0.071368 0.410282
vt 0.072761 0.411822
vt 0.074169 0.413350
vt 0.075589 0.414866
vt 0.077022 0.416369
vt 0.078468 0.417860
vt 0.079928 0.419338
vt 0.081399 0.420804
vt 0.082884 0.422256
vt 0.084381 0.423696
vt 0.085890 0.425123
vt 0.087412 0.426537
vt 0.088946 0.427937
vt 0.090492 0.429324
vt 0.092050 0.430698
vt 0.093620 0.432058
vt 0.095201 0.433405
vt 0.096794 0.434738
vt 0.098399 0.436057
vt 0.100015 0.437362
vt 0.101642 0.438653
vt 0.103280 0.439930
vt 0.104929 0.441192
vt 0.106589 0.442441
vt 0.108260 0.443675
vt 0.109942 0.444894
vt 0.111634 0.446099
vt 0.113336 0.447289
vt 0.115048 0.448464
vt 0.116771 0.449625
vt 0.118504 0.450770
vt 0.120246 0.451901
vt 0.121998 0.453016
vt 0.123760 0.454116
vt 0.125531 0.455201
vt 0.127312 0.456271
vt 0.129102 0.457325
vt 0.130901 0.458363
vt 0.132708 0.459386
vt 0.134525 0.460394
vt 0.136350 0.461385
vt 0.138184 0.462361
vt 0.140026 0.463320
vt 0.141876 0.464264
vt 0.143734 0.465192
vt 0.145601 0.466104
vt 0.147475 0.466999
vt 0.149357 0.467878
vt 0.151246 0.468741
vt 0.153143 0.469588
vt 0.155047 0.470418
vt 0.156958 0.471231
vt 0.158876 0.472028
vt 0.160801 0.472808
vt 0.162733 0.473572
vt 0.164671 0.474319
vt 0.166615 0.475049
vt 0.168566 0.475762
vt 0.170523 0.476458
vt 0.172486 0.477138
vt 0.174454 0.477800
vt 0.176429 0.478445
vt 0.178409 0.479074
vt 0.180394 0.479685
vt 0.182384 0.480278
vt 0.184380 0.480855
vt 0.186380 0.481414
vt 0.188385 0.481956
vt 0.190395 0.482481
vt 0.192409 0.482988
vt 0.194428 0.483477
vt 0.196450 0.483950
vt 0.198477 0.484404
vt 0.200508 0.484841
vt 0.202542 0.485261
vt 0.204580 0.485663
vt 0.206621 0.486047
vt 0.208665 0.486414
vt 0.210713 0.486763
vt 0.212763 0.487094
vt 0.214817 0.487407
vt 0.216873 0.487703
vt 0.218931 0.487981
vt 0.220992 0.488240
vt 0.223055 0.488483
vt 0.225120 0.488707
vt 0.227187 0.488913
vt 0.229255 0.489102
vt 0.231325 0.489272
vt 0.233397 0.489425
vt 0.235469 0.489560
vt 0.237543 0.489677
vt 0.239618 0.489775
vt 0.241693 0.489856
vt 0.243769 0.489919
vt 0.245846 0.489964
vt 0.750000 0.490000
vt 0.752077 0.489991
vt 0.754154 0.489964
vt 0.756231 0.489919
vt 0.758307 0.489856
vt 0.760382 0.489775
vt 0.762457 0.489677
vt 0.764531 0.489560
vt 0.766603 0.489425
vt 0.768675 0.489272
vt 0.770745 0.489102
vt 0.772813 0.488913
vt 0.774880 0.488707
vt 0.776945 0.488483
vt 0.779008 0.488240
vt 0.781069 0.487981
vt 0.783127 0.487703
vt 0.785183 0.487407
vt 0.787237 0.487094
vt 0.789287 0.486763
vt 0.791335 0.486414
vt 0.793379 0.486047
vt 0.795420 0.485663
vt 0.797458 0.485261
vt 0.799492 0.484841
vt 0.801523 0.484404
vt 0.803550 0.483950
vt 0.805572 0.483477
vt 0.807591 0.482988
vt 0.809605 0.482481
vt 0.811615 0.481956
vt 0.813620 0.481414
vt 0.815620 0.480855
vt 0.817616 0.480278
vt 0.819606 0.479685
vt 0.821591 0.479074
vt 0.823571 0.478445
vt 0.825545 0.477800
vt 0.827514 0.477138
vt 0.829477 0.476458
vt 0.831434 0.475762
vt 0.833385 0.475049
vt 0.835329 0.474319
vt 0.837267 0.473572
vt 0.839199 0.472808
vt 0.841124 0.472028
vt 0.843042 0.471231
vt 0.844953 0.470418
vt 0.846857 0.469588
vt 0.848754 0.468741
vt 0.850643 0.467878
vt 0.852525 0.466999
vt 0.854399 0.466104
vt 0.856266 0.465192
vt 0.858124 0.464264
vt 0.859974 0.463320
vt 0.861816 0.462361
vt 0.863650 0.461385
vt 0.865475 0.460394
vt 0.867292 0.459386
vt 0.869099 0.458363
vt 0.870898 0.457325
vt 0.872688 0.456271
vt 0.874469 0.455201
vt 0.876240 0.454116
vt 0.878002 0.453016
vt 0.879754 0.451901
vt 0.881496 0.450770
vt 0.883229 0.449625
vt 0.884952 0.448464
vt 0.886664 0.447289
vt 0.888366 0.446099
vt 0.890058 0.444894
vt 0.891740 0.443675
vt 0.893411 0.442441
vt 0.895071 0.441192
vt 0.896720 0.439930
vt 0.898358 0.438653
vt 0.899985 0.437362
vt 0.901601 0.436057
vt 0.903206 0.434738
vt 0.904799 0.433405
vt 0.906380 0.432058
vt 0.907950 0.430698
vt 0.909508 0.429324
vt 0.911054 0.427937
vt 0.912588 0.426537
vt 0.914110 0.425123
vt 0.915619 0.423696
vt 0.917116 0.422256
vt 0.918601 0.420804
vt 0.920072 0.419338
vt 0.921532 0.417860
vt 0.922978 0.416369
vt 0.924411 0.414866
vt 0.925831 0.413350
vt 0.927239 0.411822
vt 0.928632 0.410282
vt 0.930013 0.408730
vt 0.931380 0.407167
vt 0.932733 0.405591
vt 0.934073 0.404004
vt 0.935399 0.402405
vt 0.936711 0.400795
vt 0.938009 0.399173
vt 0.939293 0.397540
vt 0.940563 0.395897
vt 0.941818 0.394242
vt 0.943059 0.392577
vt 0.944286 0.390900
vt 0.945498 0.389214
vt 0.946696 0.387517
vt 0.947878 0.385809
vt 0.949046 0.384091
vt 0.950199 0.382364
vt 0.951337 0.380626
vt 0.952460 0.378879
vt 0.953568 0.377122
vt 0.954661 0.375355
vt 0.955738 0.373579
vt 0.956800 0.371794
vt 0.957846 0.370000
vt 0.958877 0.368197
vt 0.959892 0.366385
vt 0.960891 0.364564
vt 0.961875 0.362734
vt 0.962843 0.360896
vt 0.963794 0.359050
vt 0.964730 0.357196
vt 0.965650 0.355334
vt 0.966553 0.353463
vt 0.967441 0.351585
vt 0.968312 0.349700
vt 0.969166 0.347807
vt 0.970005 0.345906
vt 0.970826 0.343998
vt 0.971632 0.342084
vt 0.972420 0.340162
vt 0.973192 0.338234
vt 0.973947 0.336299
vt 0.974686 0.334358
vt 0.975408 0.332410
vt 0.976112 0.330456
vt 0.976800 0.328496
vt 0.977471 0.326531
vt 0.978125 0.324559
vt 0.978762 0.322582
vt 0.979381 0.320599
vt 0.979984 0.318612
vt 0.980569 0.316619
vt 0.981137 0.314621
vt 0.981687 0.312618
vt 0.982221 0.310611
vt 0.982736 0.308599
vt 0.983235 0.306582
vt 0.983716 0.304562
vt 0.984179 0.302537
vt 0.984625 0.300508
vt 0.985053 0.298476
vt 0.985464 0.296440
vt 0.985857 0.294400
vt 0.986233 0.292357
vt 0.986590 0.290311
vt 0.986930 0.288262
vt 0.987253 0.286210
vt 0.987557 0.284156
vt 0.987844 0.282098
vt 0.988113 0.280039
vt 0.988364 0.277977
vt 0.988597 0.275913
vt 0.988812 0.273847
vt 0.989010 0.271779
vt 0.989189 0.269710
vt 0.989351 0.267639
vt 0.989495 0.265567
vt 0.989620 0.263494
vt 0.989728 0.261420
vt 0.989818 0.259345
vt 0.989890 0.257269
vt 0.989944 0.255192
vt 0.989980 0.253116
vt 0.989998 0.251039
vt 0.989998 0.248961
vt 0.989980 0.246884
vt 0.989944 0.244808
vt 0.989890 0.242731
vt 0.989818 0.240655
vt 0.989728 0.238580
vt 0.989620 0.236506
vt 0.989495 0.234433
vt 0.989351 0.232361
vt 0.989189 0.230290
vt 0.989010 0.228221
vt 0.988812 0.226153
vt 0.988597 0.224087
vt 0.988364 0.222023
vt 0.988113 0.219961
vt 0.987844 0.217902
vt 0.987557 0.215844
vt 0.987253 0.213790
vt 0.986930 0.211738
vt 0.986590 0.209689
vt 0.986233 0.207643
vt 0.985857 0.205600
vt 0.985464 0.203560
vt 0.985053 0.201524
vt 0.984625 0.199492
vt 0.984179 0.197463
vt 0.983716 0.195438
vt 0.983235 0.193418
vt 0.982736 0.191401
vt 0.982221 0.189389
vt 0.981687 0.187382
vt 0.981137 0.185379
vt 0.980569 0.183381
vt 0.979984 0.181388
vt 0.979381 0.179401
vt 0.978762 0.177418
vt 0.978125 0.175441
vt 0.977471 0.173469
vt 0.976800 0.171504
vt 0.976112 0.169544
vt 0.975408 0.167590
vt 0.974686 0.165642
vt 0.973947 0.163701
vt 0.973192 0.161766
vt 0.972420 0.159838
vt 0.971632 0.157916
vt 0.970826 0.156002
vt 0.970005 0.154094
vt 0.969166 0.152193
vt 0.968312 0.150300
vt 0.967441 0.148415
vt 0.966553 0.146537
vt 0.965650 0.144666
vt 0.964730 0.142804
vt 0.963794 0.140950
vt 0.962843 0.139104
vt 0.961875 0.137266
vt 0.960891 0.135436
vt 0.959892 0.133615
vt 0.958877 0.131803
vt 0.957846 0.130000
vt 0.956800 0.128206
vt 0.955738 0.126421
vt 0.954661 0.124645
vt 0.953568 0.122878
vt 0.952460 0.121121
vt 0.951337 0.119374
vt 0.950199 0.117636
vt 0.949046 0.115909
vt 0.947878 0.114191
vt 0.946696 0.112483
vt 0.945498 0.110786
vt 0.944286 0.109100
vt 0.943059 0.107423
vt 0.941818 0.105758
vt 0.940563 0.104103
vt 0.939293 0.102460
vt 0.938009 0.100827
vt 0.936711 0.099205
vt 0.935399 0.097595
vt 0.934073 0.095996
vt 0.932733 0.094409
vt 0.931380 0.092833
vt 0.930013 0.091270
vt 0.928632 0.089718
vt 0.927239 0.088178
vt 0.925831 0.086650
vt 0.924411 0.085134
vt 0.922978 0.083631
vt 0.921532 0.082140
vt 0.920072 0.080662
vt 0.918601 0.079196
vt 0.917116 0.077744
vt 0.915619 0.076304
vt 0.914110 0.074877
vt 0.912588 0.073463
vt 0.911054 0.072063
vt 0.909508 0.070676
vt 0.907950 0.069302
vt 0.906380 0.067942
vt 0.904799 0.066595
vt 0.903206 0.065262
vt 0.901601 0.063943
vt 0.899985 0.062638
vt 0.898358 0.061347
vt 0.896720 0.060070
vt 0.895071 0.058808
vt 0.893411 0.057559
vt 0.891740 0.056325
vt 0.890058 0.055106
vt 0.888366 0.053901
vt 0.886664 0.052711
vt 0.884952 0.051536
vt 0.883229 0.050375
vt 0.881496 0.049230
vt 0.879754 0.048099
vt 0.878002 0.046984
vt 0.876240 0.045884
vt 0.874469 0.044799
vt 0.872688 0.043729
vt 0.870898 0.042675
vt 0.869099 0.041637
vt 0.867292 0.040614
vt 0.865475 0.039606
vt 0.863650 0.038615
vt 0.861816 0.037639
vt 0.859974 0.036680
vt 0.858124 0.035736
vt 0.856266 0.034808
vt 0.854399 0.033896
vt 0.852525 0.033001
vt 0.850643 0.032122
vt 0.848754 0.031259
vt 0.846857 0.030412
vt 0.844953 0.029582
vt 0.843042 0.028769
vt 0.841124 0.027972
vt 0.839199 0.027192
vt 0.837267 0.026428
vt 0.835329 0.025681
vt 0.833385 0.024951
vt 0.831434 0.024238
vt 0.829477 0.023542
vt 0.827514 0.022862
vt 0.825545 0.022200
vt 0.823571 0.021555
vt 0.821591 0.020926
vt 0.819606 0.020315
vt 0.817616 0.019722
vt 0.815620 0.019145
vt 0.813620 0.018586
vt 0.811615 0.018044
vt 0.809605 0.017519
vt 0.807591 0.017012
vt 0.805572 0.016523
vt 0.803550 0.016050
vt 0.801523 0.015596
vt 0.799492 0.015159
vt 0.797458 0.014739
vt 0.795420 0.014337
vt 0.793379 0.013953
vt 0.791335 0.013586
vt 0.789287 0.013237
vt 0.787237 0.012906
vt 0.785183 0.012593
vt 0.783127 0.012297
vt 0.781069 0.012019
vt 0.779008 0.011760
vt 0.776945 0.011517
vt 0.774880 0.011293
vt 0.772813 0.011087
vt 0.770745 0.010898
vt 0.768675 0.010728
vt 0.766603 0.010575
vt 0.764531 0.010440
vt 0.762457 0.010323
vt 0.760382 0.010225
vt 0.758307 0.010144
vt 0.756231 0.010081
vt 0.754154 0.010036
vt 0.752077 0.010009
vt 0.750000 0.010000
vt 0.747923 0.010009
vt 0.745846 0.010036
vt 0.743769 0.010081
vt 0.741693 0.010144
vt 0.739618 0.010225
vt 0.737543 0.010323
vt 0.735469 0.010440
vt 0.733397 0.010575
vt 0.731325 0.010728
vt 0.729255 0.010898
vt 0.727187 0.011087
vt 0.725120 0.011293
vt 0.723055 0.011517
vt 0.720992 0.011760
vt 0.718931 0.012019
vt 0.716873 0.012297
vt 0.714817 0.012593
vt 0.712763 0.012906
vt 0.710713 0.013237
vt 0.708665 0.013586
vt 0.706621 0.013953
vt 0.704580 0.014337
vt 0.702542 0.014739
vt 0.700508 0.015159
vt 0.698477 0.015596
vt 0.696450 0.016050
vt 0.694428 0.016523
vt 0.692409 0.017012
vt 0.690395 0.017519
vt 0.688385 0.018044
vt 0.686380 0.018586
vt 0.684380 0.019145
vt 0.682384 0.019722
vt 0.680394 0.020315
vt 0.678409 0.020926
vt 0.676429 0.021555
vt 0.674455 0.022200
vt 0.672486 0.022862
vt 0.670523 0.023542
vt 0.668566 0.024238
vt 0.666615 0.024951
vt 0.664671 0.025681
vt 0.662733 0.026428
vt 0.660801 0.027192
vt 0.658876 0.027972
vt 0.656958 0.028769
vt 0.655047 0.029582
vt 0.653143 0.030412
vt 0.651246 0.031259
vt 0.649357 0.032122
vt 0.647475 0.033001
vt 0.645601 0.033896
vt 0.643734 0.034808
vt 0.641876 0.035736
vt 0.640026 0.036680
vt 0.638184 0.037639
vt 0.636350 0.038615
vt 0.634525 0.039606
vt 0.632708 0.040614
vt 0.630901 0.041637
vt 0.629102 0.042675
vt 0.627312 0.043729
vt 0.625531 0.044799
vt 0.623760 0.045884
vt 0.621998 0.046984
vt 0.620246 0.048099
vt 0.618504 0.049230
vt 0.616771 0.050375
vt 0.615048 0.051536
vt 0.613336 0.052711
vt 0.611634 0.053901
vt 0.609942 0.055106
vt 0.608260 0.056325
vt 0.606589 0.057559
vt 0.604929 0.058808
vt 0.603280 0.060070
vt 0.601642 0.061347
vt 0.600015 0.062638
vt 0.598399 0.063943
vt 0.596794 0.065262
vt 0.595201 0.066595
vt 0.593620 0.067942
vt 0.592050 0.069302
vt 0.590492 0.070676
vt 0.588946 0.072063
vt 0.587412 0.073463
vt 0.585890 0.074877
vt 0.584381 0.076304
vt 0.582884 0.077744
vt 0.581399 0.079196
vt 0.579928 0.080662
vt 0.578468 0.082140
vt 0.577022 0.083631
vt 0.575589 0.085134
vt 0.574169 0.086650
vt 0.572761 0.088178
vt 0.571368 0.089718
vt 0.569987 0.091270
vt 0.568620 0.092833
vt 0.567267 0.094409
vt 0.565927 0.095996
vt 0.564601 0.097595
vt 0.563289 0.099205
vt 0.561991 0.100827
vt 0.560707 0.102460
vt 0.559437 0.104103
vt 0.558182 0.105758
vt 0.556941 0.107423
vt 0.555714 0.109100
vt 0.554502 0.110786
vt 0.553304 0.112483
vt 0.552122 0.114191
vt 0.550954 0.115909
vt 0.549801 0.117636
vt 0.548663 0.119374
vt 0.547540 0.121121
vt 0.546432 0.122878
vt 0.545339 0.124645
vt 0.544262 0.126421
vt 0.543200 0.128206
vt 0.542154 0.130000
vt 0.541123 0.131803
vt 0.540108 0.133615
vt 0.539109 0.135436
vt 0.538125 0.137266
vt 0.537157 0.139104
vt 0.536206 0.140950
vt 0.535270 0.142804
vt 0.534350 0.144666
vt 0.533447 0.146537
vt 0.532559 0.148415
vt 0.531688 0.150300
vt 0.530834 0.152193
vt 0.529995 0.154094
vt 0.529174 0.156002
vt 0.528368 0.157916
vt 0.527580 0.159838
vt 0.526808 0.161766
vt 0.526053 0.163701
vt 0.525314 0.165642
vt 0.524592 0.167590
vt 0.523888 0.169544
vt 0.523200 0.171504
vt 0.522529 0.173469
vt 0.521875 0.175441
vt 0.521238 0.177418
vt 0.520619 0.179401
vt 0.520016 0.181388
vt 0.519431 0.183381
vt 0.518863 0.185379
vt 0.518313 0.187382
vt 0.517779 0.189389
vt 0.517264 0.191401
vt 0.516765 0.193418
vt 0.516284 0.195438
vt 0.515821 0.197463
vt 0.515375 0.199492
vt 0.514947 0.201524
vt 0.514536 0.203560
vt 0.514143 0.205600
vt 0.513767 0.207643
vt 0.513410 0.209689
vt 0.513070 0.211738
vt 0.512747 0.213790
vt 0.512443 0.215844
vt 0.512156 0.217902
vt 0.511887 0.219961
vt 0.511636 0.222023
vt 0.511403 0.224087
vt 0.511188 0.226153
vt 0.510990 0.228221
vt 0.510811 0.230290
vt 0.510649 0.232361
vt 0.510505 0.234433
vt 0.510380 0.236506
vt 0.510272 0.238580
vt 0.510182 0.240655
vt 0.510110 0.242731
vt 0.510056 0.244808
vt 0.510020 0.246884
vt 0.510002 0.248961
vt 0.510002 0.251039
vt 0.510020 0.253116
vt 0.510056 0.255192
vt 0.510110 0.257269
vt 0.510182 0.259345
vt 0.510272 0.261420
vt 0.510380 0.263494
vt 0.510505 0.265567
vt 0.510649 0.267639
vt 0.510811 0.269710
vt 0.510990 0.271779
vt 0.511188 0.273847
vt 0.511403 0.275913
vt 0.511636 0.277977
vt 0.511887 0.280039
vt 0.512156 0.282098
vt 0.512443 0.284156
vt 0.512747 0.286210
vt 0.513070 0.288262
vt 0.513410 0.290311
vt 0.513767 0.292357
vt 0.514143 0.294400
vt 0.514536 0.296440
vt 0.514947 0.298476
vt 0.515375 0.300508
vt 0.515821 0.302537
vt 0.516284 0.304562
vt 0.516765 0.306582
vt 0.517264 0.308599
vt 0.517779 0.310611
vt 0.518313 0.312618
vt 0.518863 0.314621
vt 0.519431 0.316619
vt 0.520016 0.318612
vt 0.520619 0.320599
vt 0.521238 0.322582
vt 0.521875 0.324559
vt 0.522529 0.326531
vt 0.523200 0.328496
vt 0.523888 0.330456
vt 0.524592 0.332410
vt 0.525314 0.334358
vt 0.526053 0.336299
vt 0.526808 0.338234
vt 0.527580 0.340162
vt 0.528368 0.342084
vt 0.529174 0.343998
vt 0.529995 0.345906
vt 0.530834 0.347807
vt 0.531688 0.349700
vt 0.532559 0.351585
vt 0.533447 0.353463
vt 0.534350 0.355334
vt 0.535270 0.357196
vt 0.536206 0.359050
vt 0.537157 0.360896
vt 0.538125 0.362734
vt 0.539109 0.364564
vt 0.540108 0.366385
vt 0.541123 0.368197
vt 0.542154 0.370000
vt 0.543200 0.371794
vt 0.544262 0.373579
vt 0.545339 0.375355
vt 0.546432 0.377122
vt 0.547540 0.378879
vt 0.548663 0.380626
vt 0.549801 0.382364
vt 0.550954 0.384091
vt 0.552122 0.385809
vt 0.553304 0.387517
vt 0.554502 0.389214
vt 0.555714 0.390900
vt 0.556941 0.392577
vt 0.558182 0.394242
vt 0.559437 0.395897
vt 0.560707 0.397540
vt 0.561991 0.399173
vt 0.563289 0.400795
vt 0.564601 0.402405
vt 0.565927 0.404004
vt 0.567267 0.405591
vt 0.568620 0.407167
vt 0.569987 0.408730
vt 0.571368 0.410282
vt 0.572761 0.411822
vt 0.574169 0.413350
vt 0.575589 0.414866
vt 0.577022 0.416369
vt 0.578468 0.417860
vt 0.579928 0.419338
vt 0.581399 0.420804
vt 0.582884 0.422256
vt 0.584381 0.423696
vt 0.585890 0.425123
vt 0.587412 0.426537
vt 0.588946 0.427937
vt 0.590492 0.429324
vt 0.592050 0.430698
vt 0.593620 0.432058
vt 0.595201 0.433405
vt 0.596794 0.434738
vt 0.598399 0.436057
vt 0.600015 0.437362
vt 0.601642 0.438653
vt 0.603280 0.439930
vt 0.604929 0.441192
vt 0.606589 0.442441
vt 0.608260 0.443675
vt 0.609942 0.444894
vt 0.611634 0.446099
vt 0.613336 0.447289
vt 0.615048 0.448464
vt 0.616771 0.449625
vt 0.618504 0.450770
vt 0.620246 0.451901
vt 0.621998 0.453016
vt 0.623760 0.454116
vt 0.625531 0.455201
vt 0.627312 0.456271
vt 0.629102 0.457325
vt 0.630901 0.458363
vt 0.632708 0.459386
vt 0.634525 0.460394
vt 0.636350 0.461385
vt 0.638184 0.462361
vt 0.640026 0.463320
vt 0.641876 0.464264
vt 0.643734 0.465192
vt 0.645601 0.466104
vt 0.647475 0.466999
vt 0.649357 0.467878
vt 0.651246 0.468741
vt 0.653143 0.469588
vt 0.655047 0.470418
vt 0.656958 0.471231
vt 0.658876 0.472028
vt 0.660801 0.472808
vt 0.662733 0.473572
vt 0.664671 0.474319
vt 0.666615 0.475049
vt 0.668566 0.475762
vt 0.670523 0.476458
vt 0.672486 0.477138
vt 0.674455 0.477800
vt 0.676429 0.478445
vt 0.678409 0.479074
vt 0.680394 0.479685
vt 0.682384 0.480278
vt 0.684380 0.480855
vt 0.686380 0.481414
vt 0.688385 0.481956
vt 0.690395 0.482481
vt 0.692409 0.482988
vt 0.694428 0.483477
vt 0.696450 0.483950
vt 0.698477 0.484404
vt 0.700508 0.484841
vt 0.702542 0.485261
vt 0.704580 0.485663
vt 0.706621 0.486047
vt 0.708665 0.486414
vt 0.710713 0.486763
vt 0.712763 0.487094
vt 0.714817 0.487407
vt 0.716873 0.487703
vt 0.718931 0.487981
vt 0.720992 0.488240
vt 0.723055 0.488483
vt 0.725120 0.488707
vt 0.727187 0.488913
vt 0.729255 0.489102
vt 0.731325 0.489272
vt 0.733397 0.489425
vt 0.735469 0.489560
vt 0.737543 0.489677
vt 0.739618 0.489775
vt 0.741693 0.489856
vt 0.743769 0.489919
vt 0.745846 0.489964
vt 0.747923 0.489991
vt 0.247923 0.489991
s 0
f 1/1/1 727/2/1 2/3/1
f 2/3/2 727/2/2 3/4/2
f 3/4/3 727/2/3 4/5/3
f 4/5/4 727/2/4 5/6/4
f 5/6/5 727/2/5 6/7/5
f 6/7/6 727/2/6 7/8/6
f 7/8/7 727/2/7 8/9/7
f 8/9/8 727/2/8 9/10/8
f 9/10/9 727/2/9 10/11/9
f 10/11/10 727/2/10 11/12/10
f 11/12/11 727/2/11 12/13/11
f 12/13/12 727/2/12 13/14/12
f 13/14/13 727/2/13 14/15/13
f 14/15/14 727/2/14 15/16/14
f 15/16/15 727/2/15 16/17/15
f 16/17/16 727/2/16 17/18/16
f 17/18/17 727/2/17 18/19/17
f 18/19/18 727/2/18 19/20/18
f 19/20/19 727/2/19 20/21/19
f 20/21/20 727/2/20 21/22/20
f 21/22/21 727/2/21 22/23/21
f 22/23/22 727/2/22 23/24/22
f 23/24/23 727/2/23 24/25/23
f 24/25/24 727/2/24 25/26/24
f 25/26/25 727/2/25 26/27/25
f 26/27/26 727/2/26 27/28/26
f 27/28/27 727/2/27 28/29/27
f 28/29/28 727/2/28 29/30/28
f 29/30/29 727/2/29 30/31/29
f 30/31/30 727/2/30 31/32/30
f 31/32/31 727/2/31 32/33/31
f 32/33/32 727/2/32 33/34/32
f 33/34/33 727/2/33 34/35/33
f 34/35/34 727/2/34 35/36/34
f 35/36/35 727/2/35 36/37/35
f 36/37/36 727/2/36 37/38/36
f 37/38/37 727/2/37 38/39/37
f 38/39/38 727/2/38 39/40/38
f 39/40/39 727/2/39 40/41/39
f 40/41/40 727/2/40 41/42/40
f 41/42/41 727/2/41 42/43/41
f 42/43/42 727/2/42 43/44/42
f 43/44/43 727/2/43 44/45/43
f 44/45/44 727/2/44 45/46/44
f 45/46/45 727/2/45 46/47/45
f 46/47/46 727/2/46 47/48/46
f 47/48/47 727/2/47 48/49/47
f 48/49/48 727/2/48 49/50/48
f 49/50/49 727/2/49 50/51/49
f 50/51/50 727/2/50 51/52/50
f 51/52/51 727/2/51 52/53/51
f 52/53/52 727/2/52 53/54/52
f 53/54/53 727/2/53 54/55/53
f 54/55/54 727/2/54 55/56/54
f 55/56/55 727/2/55 56/57/55
f 56/57/56 727/2/56 57/58/56
f 57/58/57 727/2/57 58/59/57
f 58/59/58 727/2/58 59/60/58
f 59/60/59 727/2/59 60/61/59
f 60/61/60 727/2/60 61/62/60
f 61/62/61 727/2/61 62/63/61
f 62/63/62 727/2/62 63/64/62
f 63/64/63 727/2/63 64/65/63
f 64/65/64 727/2/64 65/66/64
f 65/66/65 727/2/65 66/67/65
f 66/67/66 727/2/66 67/68/66
f 67/68/67 727/2/67 68/69/67
f 68/69/68 727/2/68 69/70/68
f 69/70/69 727/2/69 70/71/69
f 70/71/70 727/2/70 71/72/70
f 71/72/71 727/2/71 72/73/71
f 72/73/72 727/2/72 73/74/72
f 73/74/73 727/2/73 74/75/73
f 74/75/74 727/2/74 75/76/74
f 75/76/75 727/2/75 76/77/75
f 76/77/76 727/2/76 77/78/76
f 77/78/77 727/2/77 78/79/77
f 78/79/78 727/2/78 79/80/78
f 79/80/79 727/2/79 80/81/79
f 80/81/80 727/2/80 81/82/80
f 81/82/81 727/2/81 82/83/81
f 82/83/82 727/2/82 83/84/82
f 83/84/83 727/2/83 84/85/83
f 84/85/84 727/2/84 85/86/84
f 85/86/85 727/2/85 86/87/85
f 86/87/86 727/2/86 87/88/86
f 87/88/87 727/2/87 88/89/87
f 88/89/88 727/2/88 89/90/88
f 89/90/89 727/2/89 90/91/89
f 90/91/90 727/2/90 91/92/90
f 91/92/91 727/2/91 92/93/91
f 92/93/92 727/2/92 93/94/92
f 93/94/93 727/2/93 94/95/93
f 94/95/94 727/2/94 95/96/94
f 95/96/95 727/2/95 96/97/95
f 96/97/96 727/2/96 97/98/96
f 97/98/97 727/2/97 98/99/97
f 98/99/98 727/2/98 99/100/98
f 99/100/99 727/2/99 100/101/99
f 100/101/100 727/2/100 101/102/100
f 101/102/101 727/2/101 102/103/101
f 102/103/102 727/2/102 103/104/102
f 103/104/103 727/2/103 104/105/103
f 104/105/104 727/2/104 105/106/104
f 105/106/105 727/2/105 106/107/105
f 106/107/106 727/2/106 107/108/106
f 107/108/107 727/2/107 108/109/107
f 108/109/108 727/2/108 109/110/108
f 109/110/109 727/2/109 110/111/109
f 110/111/110 727/2/110 111/112/110
f 111/112/111 727/2/111 112/113/111
f 112/113/112 727/2/112 113/114/112
f 113/114/113 727/2/113 114/115/113
f 114/115/114 727/2/114 115/116/114
f 115/116/115 727/2/115 116/117/115
f 116/117/116 727/2/116 117/118/116
f 117/118/117 727/2/117 118/119/117
f 118/119/118 727/2/118 119/120/118
f 119/120/119 727/2/119 120/121/119
f 120/121/120 727/2/120 121/122/120
f 121/122/121 727/2/121 122/123/121
f 122/123/122 727/2/122 123/124/122
f 123/124/123 727/2/123 124/125/123
f 124/125/124 727/2/124 125/126/124
f 125/126/125 727/2/125 126/127/125
f 126/127/126 727/2/126 127/128/126
f 127/128/127 727/2/127 128/129/127
f 128/129/128 727/2/128 129/130/128
f 129/130/129 727/2/129 130/131/129
f 130/131/130 727/2/130 131/132/130
f 131/132/131 727/2/131 132/133/131
f 132/133/132 727/2/132 133/134/132
f 133/134/133 727/2/133 134/135/133
f 134/135/134 727/2/134 135/136/134
f 135/136/135 727/2/135 136/137/135
f 136/137/136 727/2/136 137/138/136
f 137/138/137 727/2/137 138/139/137
f 138/139/138 727/2/138 139/140/138
f 139/140/139 727/2/139 140/141/139
f 140/141/140 727/2/140 141/142/140
f 141/142/141 727/2/141 142/143/141
f 142/143/142 727/2/142 143/144/142
f 143/144/143 727/2/143 144/145/143
f 144/145/144 727/2/144 145/146/144
f 145/146/145 727/2/145 146/147/145
f 146/147/146 727/2/146 147/148/146
f 147/148/147 727/2/147 148/149/147
f 148/149/148 727/2/148 149/150/148
f 149/150/149 727/2/149 150/151/149
f 150/151/150 727/2/150 151/152/150
f 151/152/151 727/2/151 152/153/151
f 152/153/152 727/2/152 153/154/152
f 153/154/153 727/2/153 154/155/153
f 154/155/154 727/2/154 155/156/154
f 155/156/155 727/2/155 156/157/155
f 156/157/156 727/2/156 157/158/156
f 157/158/157 727/2/157 158/159/157
f 158/159/158 727/2/158 159/160/158
f 159/160/159 727/2/159 160/161/159
f 160/161/160 727/2/160 161/162/160
f 161/162/161 727/2/161 162/163/161
f 162/163/162 727/2/162 163/164/162
f 163/164/163 727/2/163 164/165/163
f 164/165/164 727/2/164 165/166/164
f 165/166/165 727/2/165 166/167/165
f 166/167/166 727/2/166 167/168/166
f 167/168/167 727/2/167 168/169/167
f 168/169/168 727/2/168 169/170/168
f 169/170/169 727/2/169 170/171/169
f 170/171/170 727/2/170 171/172/170
f 171/172/171 727/2/171 172/173/171
f 172/173/172 727/2/172 173/174/172
f 173/174/173 727/2/173 174/175/173
f 174/175/174 727/2/174 175/176/174
f 175/176/175 727/2/175 176/177/175
f 176/177/176 727/2/176 177/178/176
f 177/178/177 727/2/177 178/179/177
f 178/179/178 727/2/178 179/180/178
f 179/180/179 727/2/179 180/181/179
f 180/181/180 727/2/180 181/182/180
f 181/182/181 727/2/181 182/183/181
f 182/183/182 727/2/182 183/184/182
f 183/184/183 727/2/183 184/185/183
f 184/185/184 727/2/184 185/186/184
f 185/186/185 727/2/185 186/187/185
f 186/187/186 727/2/186 187/188/186
f 187/188/187 727/2/187 188/189/187
f 188/189/188 727/2/188 189/190/188
f 189/190/189 727/2/189 190/191/189
f 190/191/190 727/2/190 191/192/190
f 191/192/191 727/2/191 192/193/191
f 192/193/192 727/2/192 193/194/192
f 193/194/193 727/2/193 194/195/193
f 194/195/194 727/2/194 195/196/194
f 195/196/195 727/2/195 196/197/195
f 196/197/196 727/2/196 197/198/196
f 197/198/197 727/2/197 198/199/197
f 198/199/198 727/2/198 199/200/198
f 199/200/199 727/2/199 200/201/199
f 200/201/200 727/2/200 201/202/200
f 201/202/201 727/2/201 202/203/201
f 202/203/202 727/2/202 203/204/202
f 203/204/203 727/2/203 204/205/203
f 204/205/204 727/2/204 205/206/204
f 205/206/205 727/2/205 206/207/205
f 206/207/206 727/2/206 207/208/206
f 207/208/207 727/2/207 208/209/207
f 208/209/208 727/2/208 209/210/208
f 209/210/209 727/2/209 210/211/209
f 210/211/210 727/2/210 211/212/210
f 211/212/211 727/2/211 212/213/211
f 212/213/212 727/2/212 213/214/212
f 213/214/213 727/2/213 214/215/213
f 214/215/214 727/2/214 215/216/214
f 215/216/215 727/2/215 216/217/215
f 216/217/216 727/2/216 217/218/216
f 217/218/217 727/2/217 218/219/217
f 218/219/218 727/2/218 219/220/218
f 219/220/219 727/2/219 220/221/219
f 220/221/220 727/2/220 221/222/220
f 221/222/221 727/2/221 222/223/221
f 222/223/222 727/2/222 223/224/222
f 223/224/223 727/2/223 224/225/223
f 224/225/224 727/2/224 225/226/224
f 225/226/225 727/2/225 226/227/225
f 226/227/226 727/2/226 227/228/226
f 227/228/227 727/2/227 228/229/227
f 228/229/228 727/2/228 229/230/228
f 229/230/229 727/2/229 230/231/229
f 230/231/230 727/2/230 231/232/230
f 231/232/231 727/2/231 232/233/231
f 232/233/232 727/2/232 233/234/232
f 233/234/233 727/2/233 234/235/233
f 234/235/234 727/2/234 235/236/234
f 235/236/235 727/2/235 236/237/235
f 236/237/236 727/2/236 237/238/236
f 237/238/237 727/2/237 238/239/237
f 238/239/238 727/2/238 239/240/238
f 239/240/239 727/2/239 240/241/239
f 240/241/240 727/2/240 241/242/240
f 241/242/241 727/2/241 242/243/241
f 242/243/242 727/2/242 243/244/242
f 243/244/243 727/2/243 244/245/243
f 244/245/244 727/2/244 245/246/244
f 245/246/245 727/2/245 246/247/245
f 246/247/246 727/2/246 247/248/246
f 247/248/247 727/2/247 248/249/247
f 248/249/248 727/2/248 249/250/248
f 249/250/249 727/2/249 250/251/249
f 250/251/250 727/2/250 251/252/250
f 251/252/251 727/2/251 252/253/251
f 252/253/252 727/2/252 253/254/252
f 253/254/253 727/2/253 254/255/253
f 254/255/254 727/2/254 255/256/254
f 255/256/255 727/2/255 256/257/255
f 256/257/256 727/2/256 257/258/256
f 257/258/257 727/2/257 258/259/257
f 258/259/258 727/2/258 259/260/258
f 259/260/259 727/2/259 260/261/259
f 260/261/260 727/2/260 261/262/260
f 261/262/261 727/2/261 262/263/261
f 262/263/262 727/2/262 263/264/262
f 263/264/263 727/2/263 264/265/263
f 264/265/264 727/2/264 265/266/264
f 265/266/265 727/2/265 266/267/265
f 266/267/266 727/2/266 267/268/266
f 267/268/267 727/2/267 268/269/267
f 268/269/268 727/2/268 269/270/268
f 269/270/269 727/2/269 270/271/269
f 270/271/270 727/2/270 271/272/270
f 271/272/271 727/2/271 272/273/271
f 272/273/272 727/2/272 273/274/272
f 273/274/273 727/2/273 274/275/273
f 274/275/274 727/2/274 275/276/274
f 275/276/275 727/2/275 276/277/275
f 276/277/276 727/2/276 277/278/276
f 277/278/277 727/2/277 278/279/277
f 278/279/278 727/2/278 279/280/278
f 279/280/279 727/2/279 280/281/279
f 280/281/280 727/2/280 281/282/280
f 281/282/281 727/2/281 282/283/281
f 282/283/282 727/2/282 283/284/282
f 283/284/283 727/2/283 284/285/283
f 284/285/284 727/2/284 285/286/284
f 285/286/285 727/2/285 286/287/285
f 286/287/286 727/2/286 287/288/286
f 287/288/287 727/2/287 288/289/287
f 288/289/288 727/2/288 289/290/288
f 289/290/289 727/2/289 290/291/289
f 290/291/290 727/2/290 291/292/290
f 291/292/291 727/2/291 292/293/291
f 292/293/292 727/2/292 293/294/292
f 293/294/293 727/2/293 294/295/293
f 294/295/294 727/2/294 295/296/294
f 295/296/295 727/2/295 296/297/295
f 296/297/296 727/2/296 297/298/296
f 297/298/297 727/2/297 298/299/297
f 298/299/298 727/2/298 299/300/298
f 299/300/299 727/2/299 300/301/299
f 300/301/300 727/2/300 301/302/300
f 301/302/301 727/2/301 302/303/301
f 302/303/302 727/2/302 303/304/302
f 303/304/303 727/2/303 304/305/303
f 304/305/304 727/2/304 305/306/304
f 305/306/305 727/2/305 306/307/305
f 306/307/306 727/2/306 307/308/306
f 307/308/307 727/2/307 308/309/307
f 308/309/308 727/2/308 309/310/308
f 309/310/309 727/2/309 310/311/309
f 310/311/310 727/2/310 311/312/310
f 311/312/311 727/2/311 312/313/311
f 312/313/312 727/2/312 313/314/312
f 313/314/313 727/2/313 314/315/313
f 314/315/314 727/2/314 315/316/314
f 315/316/315 727/2/315 316/317/315
f 316/317/316 727/2/316 317/318/316
f 317/318/317 727/2/317 318/319/317
f 318/319/318 727/2/318 319/320/318
f 319/320/319 727/2/319 320/321/319
f 320/321/320 727/2/320 321/322/320
f 321/322/321 727/2/321 322/323/321
f 322/323/322 727/2/322 323/324/322
f 323/324/323 727/2/323 324/325/323
f 324/325/324 727/2/324 325/326/324
f 325/326/325 727/2/325 326/327/325
f 326/327/326 727/2/326 327/328/326
f 327/328/327 727/2/327 328/329/327
f 328/329/328 727/2/328 329/330/328
f 329/330/329 727/2/329 330/331/329
f 330/331/330 727/2/330 331/332/330
f 331/332/331 727/2/331 332/333/331
f 332/333/332 727/2/332 333/334/332
f 333/334/333 727/2/333 334/335/333
f 334/335/334 727/2/334 335/336/334
f 335/336/335 727/2/335 336/337/335
f 336/337/336 727/2/336 337/338/336
f 337/338/337 727/2/337 338/339/337
f 338/339/338 727/2/338 339/340/338
f 339/340/339 727/2/339 340/341/339
f 340/341/340 727/2/340 341/342/340
f 341/342/341 727/2/341 342/343/341
f 342/343/342 727/2/342 343/344/342
f 343/344/343 727/2/343 344/345/343
f 344/345/344 727/2/344 345/346/344
f 345/346/345 727/2/345 346/347/345
f 346/347/346 727/2/346 347/348/346
f 347/348/347 727/2/347 348/349/347
f 348/349/348 727/2/348 349/350/348
f 349/350/349 727/2/349 350/351/349
f 350/351/350 727/2/350 351/352/350
f 351/352/351 727/2/351 352/353/351
f 352/353/352 727/2/352 353/354/352
f 353/354/353 727/2/353 354/355/353
f 354/355/354 727/2/354 355/356/354
f 355/356/355 727/2/355 356/357/355
f 356/357/356 727/2/356 357/358/356
f 357/358/357 727/2/357 358/359/357
f 358/359/358 727/2/358 359/360/358
f 359/360/359 727/2/359 360/361/359
f 360/361/360 727/2/360 361/362/360
f 361/362/361 727/2/361 362/363/361
f 362/363/362 727/2/362 363/364/362
f 363/364/363 727/2/363 364/365/363
f 364/365/364 727/2/364 365/366/364
f 365/366/365 727/2/365 366/367/365
f 366/367/366 727/2/366 367/368/366
f 367/368/367 727/2/367 368/369/367
f 368/369/368 727/2/368 369/370/368
f 369/370/369 727/2/369 370/371/369
f 370/371/370 727/2/370 371/372/370
f 371/372/371 727/2/371 372/373/371
f 372/373/372 727/2/372 373/374/372
f 373/374/373 727/2/373 374/375/373
f 374/375/374 727/2/374 375/376/374
f 375/376/375 727/2/375 376/377/375
f 376/377/376 727/2/376 377/378/376
f 377/378/377 727/2/377 378/379/377
f 378/379/378 727/2/378 379/380/378
f 379/380/379 727/2/379 380/381/379
f 380/381/380 727/2/380 381/382/380
f 381/382/381 727/2/381 382/383/381
f 382/383/382 727/2/382 383/384/382
f 383/384/383 727/2/383 384/385/383
f 384/385/384 727/2/384 385/386/384
f 385/386/385 727/2/385 386/387/385
f 386/387/386 727/2/386 387/388/386
f 387/388/387 727/2/387 388/389/387
f 388/389/388 727/2/388 389/390/388
f 389/390/389 727/2/389 390/391/389
f 390/391/390 727/2/390 391/392/390
f 391/392/391 727/2/391 392/393/391
f 392/393/392 727/2/392 393/394/392
f 393/394/393 727/2/393 394/395/393
f 394/395/394 727/2/394 395/396/394
f 395/396/395 727/2/395 396/397/395
f 396/397/396 727/2/396 397/398/396
f 397/398/397 727/2/397 398/399/397
f 398/399/398 727/2/398 399/400/398
f 399/400/399 727/2/399 400/401/399
f 400/401/400 727/2/400 401/402/400
f 401/402/401 727/2/401 402/403/401
f 402/403/402 727/2/402 403/404/402
f 403/404/403 727/2/403 404/405/403
f 404/405/404 727/2/404 405/406/404
f 405/406/405 727/2/405 406/407/405
f 406/407/406 727/2/406 407/408/406
f 407/408/407 727/2/407 408/409/407
f 408/409/408 727/2/408 409/410/408
f 409/410/409 727/2/409 410/411/409
f 410/411/410 727/2/410 411/412/410
f 411/412/411 727/2/411 412/413/411
f 412/413/412 727/2/412 413/414/412
f 413/414/413 727/2/413 414/415/413
f 414/415/414 727/2/414 415/416/414
f 415/416/415 727/2/415 416/417/415
f 416/417/416 727/2/416 417/418/416
f 417/418/417 727/2/417 418/419/417
f 418/419/418 727/2/418 419/420/418
f 419/420/419 727/2/419 420/421/419
f 420/421/420 727/2/420 421/422/420
f 421/422/421 727/2/421 422/423/421
f 422/423/422 727/2/422 423/424/422
f 423/424/423 727/2/423 424/425/423
f 424/425/424 727/2/424 425/426/424
f 425/426/425 727/2/425 426/427/425
f 426/427/426 727/2/426 427/428/426
f 427/428/427 727/2/427 428/429/427
f 428/429/428 727/2/428 429/430/428
f 429/430/429 727/2/429 430/431/429
f 430/431/430 727/2/430 431/432/430
f 431/432/431 727/2/431 432/433/431
f 432/433/432 727/2/432 433/434/432
f 433/434/433 727/2/433 434/435/433
f 434/435/434 727/2/434 435/436/434
f 435/436/435 727/2/435 436/437/435
f 436/437/436 727/2/436 437/438/436
f 437/438/437 727/2/437 438/439/437
f 438/439/438 727/2/438 439/440/438
f 439/440/439 727/2/439 440/441/439
f 440/441/440 727/2/440 441/442/440
f 441/442/441 727/2/441 442/443/441
f 442/443/442 727/2/442 443/444/442
f 443/444/443 727/2/443 444/445/443
f 444/445/444 727/2/444 445/446/444
f 445/446/445 727/2/445 446/447/445
f 446/447/446 727/2/446 447/448/446
f 447/448/447 727/2/447 448/449/447
f 448/449/448 727/2/448 449/450/448
f 449/450/449 727/2/449 450/451/449
f 450/451/450 727/2/450 451/452/450
f 451/452/451 727/2/451 452/453/451
f 452/453/452 727/2/452 453/454/452
f 453/454/453 727/2/453 454/455/453
f 454/455/454 727/2/454 455/456/454
f 455/456/455 727/2/455 456/457/455
f 456/457/456 727/2/456 457/458/456
f 457/458/457 727/2/457 458/459/457
f 458/459/458 727/2/458 459/460/458
f 459/460/459 727/2/459 460/461/459
f 460/461/460 727/2/460 461/462/460
f 461/462/461 727/2/461 462/463/461
f 462/463/462 727/2/462 463/464/462
f 463/464/463 727/2/463 464/465/463
f 464/465/464 727/2/464 465/466/464
f 465/466/465 727/2/465 466/467/465
f 466/467/466 727/2/466 467/468/466
f 467/468/467 727/2/467 468/469/467
f 468/469/468 727/2/468 469/470/468
f 469/470/469 727/2/469 470/471/469
f 470/471/470 727/2/470 471/472/470
f 471/472/471 727/2/471 472/473/471
f 472/473/472 727/2/472 473/474/472
f 473/474/473 727/2/473 474/475/473
f 474/475/474 727/2/474 475/476/474
f 475/476/475 727/2/475 476/477/475
f 476/477/476 727/2/476 477/478/476
f 477/478/477 727/2/477 478/479/477
f 478/479/478 727/2/478 479/480/478
f 479/480/479 727/2/479 480/481/479
f 480/481/480 727/2/480 481/482/480
f 481/482/481 727/2/481 482/483/481
f 482/483/482 727/2/482 483/484/482
f 483/484/483 727/2/483 484/485/483
f 484/485/484 727/2/484 485/486/484
f 485/486/485 727/2/485 486/487/485
f 486/487/486 727/2/486 487/488/486
f 487/488/487 727/2/487 488/489/487
f 488/489/488 727/2/488 489/490/488
f 489/490/489 727/2/489 490/491/489
f 490/491/490 727/2/490 491/492/490
f 491/492/491 727/2/491 492/493/491
f 492/493/492 727/2/492 493/494/492
f 493/494/493 727/2/493 494/495/493
f 494/495/494 727/2/494 495/496/494
f 495/496/495 727/2/495 496/497/495
f 496/497/496 727/2/496 497/498/496
f 497/498/497 727/2/497 498/499/497
f 498/499/498 727/2/498 499/500/498
f 499/500/499 727/2/499 500/501/499
f 500/501/500 727/2/500 501/502/500
f 501/502/501 727/2/501 502/503/501
f 502/503/502 727/2/502 503/504/502
f 503/504/503 727/2/503 504/505/503
f 504/505/504 727/2/504 505/506/504
f 505/506/505 727/2/505 506/507/505
f 506/507/506 727/2/506 507/508/506
f 507/508/507 727/2/507 508/509/507
f 508/509/508 727/2/508 509/510/508
f 509/510/509 727/2/509 510/511/509
f 510/511/510 727/2/510 511/512/510
f 511/512/511 727/2/511 512/513/511
f 512/513/512 727/2/512 513/514/512
f 513/514/513 727/2/513 514/515/513
f 514/515/514 727/2/514 515/516/514
f 515/516/515 727/2/515 516/517/515
f 516/517/516 727/2/516 517/518/516
f 517/518/517 727/2/517 518/519/517
f 518/519/518 727/2/518 519/520/518
f 519/520/519 727/2/519 520/521/519
f 520/521/520 727/2/520 521/522/520
f 521/522/521 727/2/521 522/523/521
f 522/523/522 727/2/522 523/524/522
f 523/524/523 727/2/523 524/525/523
f 524/525/524 727/2/524 525/526/524
f 525/526/525 727/2/525 526/527/525
f 526/527/526 727/2/526 527/528/526
f 527/528/527 727/2/527 528/529/527
f 528/529/528 727/2/528 529/530/528
f 529/530/529 727/2/529 530/531/529
f 530/531/530 727/2/530 531/532/530
f 531/532/531 727/2/531 532/533/531
f 532/533/532 727/2/532 533/534/532
f 533/534/533 727/2/533 534/535/533
f 534/535/534 727/2/534 535/536/534
f 535/536/535 727/2/535 536/537/535
f 536/537/536 727/2/536 537/538/536
f 537/538/537 727/2/537 538/539/537
f 538/539/538 727/2/538 539/540/538
f 539/540/539 727/2/539 540/541/539
f 540/541/540 727/2/540 541/542/540
f 541/542/541 727/2/541 542/543/541
f 542/543/542 727/2/542 543/544/542
f 543/544/543 727/2/543 544/545/543
f 544/545/544 727/2/544 545/546/544
f 545/546/545 727/2/545 546/547/545
f 546/547/546 727/2/546 547/548/546
f 547/548/547 727/2/547 548/549/547
f 548/549/548 727/2/548 549/550/548
f 549/550/549 727/2/549 550/551/549
f 550/551/550 727/2/550 551/552/550
f 551/552/551 727/2/551 552/553/551
f 552/553/552 727/2/552 553/554/552
f 553/554/553 727/2/553 554/555/553
f 554/555/554 727/2/554 555/556/554
f 555/556/555 727/2/555 556/557/555
f 556/557/556 727/2/556 557/558/556
f 557/558/557 727/2/557 558/559/557
f 558/559/558 727/2/558 559/560/558
f 559/560/559 727/2/559 560/561/559
f 560/561/560 727/2/560 561/562/560
f 561/562/561 727/2/561 562/563/561
f 562/563/562 727/2/562 563/564/562
f 563/564/563 727/2/563 564/565/563
f 564/565/564 727/2/564 565/566/564
f 565/566/565 727/2/565 566/567/565
f 566/567/566 727/2/566 567/568/566
f 567/568/567 727/2/567 568/569/567
f 568/569/568 727/2/568 569/570/568
f 569/570/569 727/2/569 570/571/569
f 570/571/570 727/2/570 571/572/570
f 571/572/571 727/2/571 572/573/571
f 572/573/572 727/2/572 573/574/572
f 573/574/573 727/2/573 574/575/573
f 574/575/574 727/2/574 575/576/574
f 575/576/575 727/2/575 576/577/575
f 576/577/576 727/2/576 577/578/576
f 577/578/577 727/2/577 578/579/577
f 578/579/578 727/2/578 579/580/578
f 579/580/579 727/2/579 580/581/579
f 580/581/580 727/2/580 581/582/580
f 581/582/581 727/2/581 582/583/581
f 582/583/582 727/2/582 583/584/582
f 583/584/583 727/2/583 584/585/583
f 584/585/584 727/2/584 585/586/584
f 585/586/585 727/2/585 586/587/585
f 586/587/586 727/2/586 587/588/586
f 587/588/587 727/2/587 588/589/587
f 588/589/588 727/2/588 589/590/588
f 589/590/589 727/2/589 590/591/589
f 590/591/590 727/2/590 591/592/590
f 591/592/591 727/2/591 592/593/591
f 592/593/592 727/2/592 593/594/592
f 593/594/593 727/2/593 594/595/593
f 594/595/594 727/2/594 595/596/594
f 595/596/595 727/2/595 596/597/595
f 596/597/596 727/2/596 597/598/596
f 597/598/597 727/2/597 598/599/597
f 598/599/598 727/2/598 599/600/598
f 599/600/599 727/2/599 600/601/599
f 600/601/600 727/2/600 601/602/600
f 601/602/601 727/2/601 602/603/601
f 602/603/602 727/2/602 603/604/602
f 603/604/603 727/2/603 604/605/603
f 604/605/604 727/2/604 605/606/604
f 605/606/605 727/2/605 606/607/605
f 606/607/606 727/2/606 607/608/606
f 607/608/607 727/2/607 608/609/607
f 608/609/608 727/2/608 609/610/608
f 609/610/609 727/2/609 610/611/609
f 610/611/610 727/2/610 611/612/610
f 611/612/611 727/2/611 612/613/611
f 612/613/612 727/2/612 613/614/612
f 613/614/613 727/2/613 614/615/613
f 614/615/614 727/2/614 615/616/614
f 615/616/615 727/2/615 616/617/615
f 616/617/616 727/2/616 617/618/616
f 617/618/617 727/2/617 618/619/617
f 618/619/618 727/2/618 619/620/618
f 619/620/619 727/2/619 620/621/619
f 620/621/620 727/2/620 621/622/620
f 621/622/621 727/2/621 622/623/621
f 622/623/622 727/2/622 623/624/622
f 623/624/623 727/2/623 624/625/623
f 624/625/624 727/2/624 625/626/624
f 625/626/625 727/2/625 626/627/625
f 626/627/626 727/2/626 627/628/626
f 627/628/627 727/2/627 628/629/627
f 628/629/628 727/2/628 629/630/628
f 629/630/629 727/2/629 630/631/629
f 630/631/630 727/2/630 631/632/630
f 631/632/631 727/2/631 632/633/631
f 632/633/632 727/2/632 633/634/632
f 633/634/633 727/2/633 634/635/633
f 634/635/634 727/2/634 635/636/634
f 635/636/635 727/2/635 636/637/635
f 636/637/636 727/2/636 637/638/636
f 637/638/637 727/2/637 638/639/637
f 638/639/638 727/2/638 639/640/638
f 639/640/639 727/2/639 640/641/639
f 640/641/640 727/2/640 641/642/640
f 641/642/641 727/2/641 642/643/641
f 642/643/642 727/2/642 643/644/642
f 643/644/643 727/2/643 644/645/643
f 644/645/644 727/2/644 645/646/644
f 645/646/645 727/2/645 646/647/645
f 646/647/646 727/2/646 647/648/646
f 647/648/647 727/2/647 648/649/647
f 648/649/648 727/2/648 649/650/648
f 649/650/649 727/2/649 650/651/649
f 650/651/650 727/2/650 651/652/650
f 651/652/651 727/2/651 652/653/651
f 652/653/652 727/2/652 653/654/652
f 653/654/653 727/2/653 654/655/653
f 654/655/654 727/2/654 655/656/654
f 655/656/655 727/2/655 656/657/655
f 656/657/656 727/2/656 657/658/656
f 657/658/657 727/2/657 658/659/657
f 658/659/658 727/2/658 659/660/658
f 659/660/659 727/2/659 660/661/659
f 660/661/660 727/2/660 661/662/660
f 661/662/661 727/2/661 662/663/661
f 662/663/662 727/2/662 663/664/662
f 663/664/663 727/2/663 664/665/663
f 664/665/664 727/2/664 665/666/664
f 665/666/665 727/2/665 666/667/665
f 666/667/666 727/2/666 667/668/666
f 667/668/667 727/2/667 668/669/667
f 668/669/668 727/2/668 669/670/668
f 669/670/669 727/2/669 670/671/669
f 670/671/670 727/2/670 671/672/670
f 671/672/671 727/2/671 672/673/671
f 672/673/672 727/2/672 673/674/672
f 673/674/673 727/2/673 674/675/673
f 674/675/674 727/2/674 675/676/674
f 675/676/675 727/2/675 676/677/675
f 676/677/676 727/2/676 677/678/676
f 677/678/677 727/2/677 678/679/677
f 678/679/678 727/2/678 679/680/678
f 679/680/679 727/2/679 680/681/679
f 680/681/680 727/2/680 681/682/680
f 681/682/681 727/2/681 682/683/681
f 682/683/682 727/2/682 683/684/682
f 683/684/683 727/2/683 684/685/683
f 684/685/684 727/2/684 685/686/684
f 685/686/685 727/2/685 686/687/685
f 686/687/686 727/2/686 687/688/686
f 687/688/687 727/2/687 688/689/687
f 688/689/688 727/2/688 689/690/688
f 689/690/689 727/2/689 690/691/689
f 690/691/690 727/2/690 691/692/690
f 691/692/691 727/2/691 692/693/691
f 692/693/692 727/2/692 693/694/692
f 693/694/693 727/2/693 694/695/693
f 694/695/694 727/2/694 695/696/694
f 695/696/695 727/2/695 696/697/695
f 696/697/696 727/2/696 697/698/696
f 697/698/697 727/2/697 698/699/697
f 698/699/698 727/2/698 699/700/698
f 699/700/699 727/2/699 700/701/699
f 700/701/700 727/2/700 701/702/700
f 701/702/701 727/2/701 702/703/701
f 702/703/702 727/2/702 703/704/702
f 703/704/703 727/2/703 704/705/703
f 704/705/704 727/2/704 705/706/704
f 705/706/705 727/2/705 706/707/705
f 706/707/706 727/2/706 707/708/706
f 707/708/707 727/2/707 708/709/707
f 708/709/708 727/2/708 709/710/708
f 709/710/709 727/2/709 710/711/709
f 710/711/710 727/2/710 711/712/710
f 711/712/711 727/2/711 712/713/711
f 712/713/712 727/2/712 713/714/712
f 713/714/713 727/2/713 714/715/713
f 714/715/714 727/2/714 715/716/714
f 715/716/715 727/2/715 716/717/715
f 716/717/716 727/2/716 717/718/716
f 717/718/717 727/2/717 718/719/717
f 718/719/718 727/2/718 719/720/718
f 719/720/719 727/2/719 720/721/719
f 720/721/720 727/2/720 721/722/720
f 721/722/721 727/2/721 722/723/721
f 722/723/722 727/2/722 723/724/722
f 723/724/723 727/2/723 724/725/723
f 724/725/724 727/2/724 725/726/724
f 1/727/725 2/728/725 3/729/725 4/730/725 5/731/725 6/732/725 7/733/725 8/734/725 9/735/725 10/736/725 11/737/725 12/738/725 13/739/725 14/740/725 15/741/725 16/742/725 17/743/725 18/744/725 19/745/725 20/746/725 21/747/725 22/748/725 23/749/725 24/750/725 25/751/725 26/752/725 27/753/725 28/754/725 29/755/725 30/756/725 31/757/725 32/758/725 33/759/725 34/760/725 35/761/725 36/762/725 37/763/725 38/764/725 39/765/725 40/766/725 41/767/725 42/768/725 43/769/725 44/770/725 45/771/725 46/772/725 47/773/725 48/774/725 49/775/725 50/776/725 51/777/725 52/778/725 53/779/725 54/780/725 55/781/725 56/782/725 57/783/725 58/784/725 59/785/725 60/786/725 61/787/725 62/788/725 63/789/725 64/790/725 65/791/725 66/792/725 67/793/725 68/794/725 69/795/725 70/796/725 71/797/725 72/798/725 73/799/725 74/800/725 75/801/725 76/802/725 77/803/725 78/804/725 79/805/725 80/806/725 81/807/725 82/808/725 83/809/725 84/810/725 85/811/725 86/812/725 87/813/725 88/814/725 89/815/725 90/816/725 91/817/725 92/818/725 93/819/725 94/820/725 95/821/725 96/822/725 97/823/725 98/824/725 99/825/725 100/826/725 101/827/725 102/828/725 103/829/725 104/830/725 105/831/725 106/832/725 107/833/725 108/834/725 109/835/725 110/836/725 111/837/725 112/838/725 113/839/725 114/840/725 115/841/725 116/842/725 117/843/725 118/844/725 119/845/725 120/846/725 121/847/725 122/848/725 123/849/725 124/850/725 125/851/725 126/852/725 127/853/725 128/854/725 129/855/725 130/856/725 131/857/725 132/858/725 133/859/725 134/860/725 135/861/725 136/862/725 137/863/725 138/864/725 139/865/725 140/866/725 141/867/725 142/868/725 143/869/725 144/870/725 145/871/725 146/872/725 147/873/725 148/874/725 149/875/725 150/876/725 151/877/725 152/878/725 153/879/725 154/880/725 155/881/725 156/882/725 157/883/725 158/884/725 159/885/725 160/886/725 161/887/725 162/888/725 163/889/725 164/890/725 165/891/725 166/892/725 167/893/725 168/894/725 169/895/725 170/896/725 171/897/725 172/898/725 173/899/725 174/900/725 175/901/725 176/902/725 177/903/725 178/904/725 179/905/725 180/906/725 181/907/725 182/908/725 183/909/725 184/910/725 185/911/725 186/912/725 187/913/725 188/914/725 189/915/725 190/916/725 191/917/725 192/918/725 193/919/725 194/920/725 195/921/725 196/922/725 197/923/725 198/924/725 199/925/725 200/926/725 201/927/725 202/928/725 203/929/725 204/930/725 205/931/725 206/932/725 207/933/725 208/934/725 209/935/725 210/936/725 211/937/725 212/938/725 213/939/725 214/940/725 215/941/725 216/942/725 217/943/725 218/944/725 219/945/725 220/946/725 221/947/725 222/948/725 223/949/725 224/950/725 225/951/725 226/952/725 227/953/725 228/954/725 229/955/725 230/956/725 231/957/725 232/958/725 233/959/725 234/960/725 235/961/725 236/962/725 237/963/725 238/964/725 239/965/725 240/966/725 241/967/725 242/968/725 243/969/725 244/970/725 245/971/725 246/972/725 247/973/725 248/974/725 249/975/725 250/976/725 251/977/725 252/978/725 253/979/725 254/980/725 255/981/725 256/982/725 257/983/725 258/984/725 259/985/725 260/986/725 261/987/725 262/988/725 263/989/725 264/990/725 265/991/725 266/992/725 267/993/725 268/994/725 269/995/725 270/996/725 271/997/725 272/998/725 273/999/725 274/1000/725 275/1001/725 276/1002/725 277/1003/725 278/1004/725 279/1005/725 280/1006/725 281/1007/725 282/1008/725 283/1009/725 284/1010/725 285/1011/725 286/1012/725 287/1013/725 288/1014/725 289/1015/725 290/1016/725 291/1017/725 292/1018/725 293/1019/725 294/1020/725 295/1021/725 296/1022/725 297/1023/725 298/1024/725 299/1025/725 300/1026/725 301/1027/725 302/1028/725 303/1029/725 304/1030/725 305/1031/725 306/1032/725 307/1033/725 308/1034/725 309/1035/725 310/1036/725 311/1037/725 312/1038/725 313/1039/725 314/1040/725 315/1041/725 316/1042/725 317/1043/725 318/1044/725 319/1045/725 320/1046/725 321/1047/725 322/1048/725 323/1049/725 324/1050/725 325/1051/725 326/1052/725 327/1053/725 328/1054/725 329/1055/725 330/1056/725 331/1057/725 332/1058/725 333/1059/725 334/1060/725 335/1061/725 336/1062/725 337/1063/725 338/1064/725 339/1065/725 340/1066/725 341/1067/725 342/1068/725 343/1069/725 344/1070/725 345/1071/725 346/1072/725 347/1073/725 348/1074/725 349/1075/725 350/1076/725 351/1077/725 352/1078/725 353/1079/725 354/1080/725 355/1081/725 356/1082/725 357/1083/725 358/1084/725 359/1085/725 360/1086/725 361/1087/725 362/1088/725 363/1089/725 364/1090/725 365/1091/725 366/1092/725 367/1093/725 368/1094/725 369/1095/725 370/1096/725 371/1097/725 372/1098/725 373/1099/725 374/1100/725 375/1101/725 376/1102/725 377/1103/725 378/1104/725 379/1105/725 380/1106/725 381/1107/725 382/1108/725 383/1109/725 384/1110/725 385/1111/725 386/1112/725 387/1113/725 388/1114/725 389/1115/725 390/1116/725 391/1117/725 392/1118/725 393/1119/725 394/1120/725 395/1121/725 396/1122/725 397/1123/725 398/1124/725 399/1125/725 400/1126/725 401/1127/725 402/1128/725 403/1129/725 404/1130/725 405/1131/725 406/1132/725 407/1133/725 408/1134/725 409/1135/725 410/1136/725 411/1137/725 412/1138/725 413/1139/725 414/1140/725 415/1141/725 416/1142/725 417/1143/725 418/1144/725 419/1145/725 420/1146/725 421/1147/725 422/1148/725 423/1149/725 424/1150/725 425/1151/725 426/1152/725 427/1153/725 428/1154/725 429/1155/725 430/1156/725 431/1157/725 432/1158/725 433/1159/725 434/1160/725 435/1161/725 436/1162/725 437/1163/725 438/1164/725 439/1165/725 440/1166/725 441/1167/725 442/1168/725 443/1169/725 444/1170/725 445/1171/725 446/1172/725 447/1173/725 448/1174/725 449/1175/725 450/1176/725 451/1177/725 452/1178/725 453/1179/725 454/1180/725 455/1181/725 456/1182/725 457/1183/725 458/1184/725 459/1185/725 460/1186/725 461/1187/725 462/1188/725 463/1189/725 464/1190/725 465/1191/725 466/1192/725 467/1193/725 468/1194/725 469/1195/725 470/1196/725 471/1197/725 472/1198/725 473/1199/725 474/1200/725 475/1201/725 476/1202/725 477/1203/725 478/1204/725 479/1205/725 480/1206/725 481/1207/725 482/1208/725 483/1209/725 484/1210/725 485/1211/725 486/1212/725 487/1213/725 488/1214/725 489/1215/725 490/1216/725 491/1217/725 492/1218/725 493/1219/725 494/1220/725 495/1221/725 496/1222/725 497/1223/725 498/1224/725 499/1225/725 500/1226/725 501/1227/725 502/1228/725 503/1229/725 504/1230/725 505/1231/725 506/1232/725 507/1233/725 508/1234/725 509/1235/725 510/1236/725 511/1237/725 512/1238/725 513/1239/725 514/1240/725 515/1241/725 516/1242/725 517/1243/725 518/1244/725 519/1245/725 520/1246/725 521/1247/725 522/1248/725 523/1249/725 524/1250/725 525/1251/725 526/1252/725 527/1253/725 528/1254/725 529/1255/725 530/1256/725 531/1257/725 532/1258/725 533/1259/725 534/1260/725 535/1261/725 536/1262/725 537/1263/725 538/1264/725 539/1265/725 540/1266/725 541/1267/725 542/1268/725 543/1269/725 544/1270/725 545/1271/725 546/1272/725 547/1273/725 548/1274/725 549/1275/725 550/1276/725 551/1277/725 552/1278/725 553/1279/725 554/1280/725 555/1281/725 556/1282/725 557/1283/725 558/1284/725 559/1285/725 560/1286/725 561/1287/725 562/1288/725 563/1289/725 564/1290/725 565/1291/725 566/1292/725 567/1293/725 568/1294/725 569/1295/725 570/1296/725 571/1297/725 572/1298/725 573/1299/725 574/1300/725 575/1301/725 576/1302/725 577/1303/725 578/1304/725 579/1305/725 580/1306/725 581/1307/725 582/1308/725 583/1309/725 584/1310/725 585/1311/725 586/1312/725 587/1313/725 588/1314/725 589/1315/725 590/1316/725 591/1317/725 592/1318/725 593/1319/725 594/1320/725 595/1321/725 596/1322/725 597/1323/725 598/1324/725 599/1325/725 600/1326/725 601/1327/725 602/1328/725 603/1329/725 604/1330/725 605/1331/725 606/1332/725 607/1333/725 608/1334/725 609/1335/725 610/1336/725 611/1337/725 612/1338/725 613/1339/725 614/1340/725 615/1341/725 616/1342/725 617/1343/725 618/1344/725 619/1345/725 620/1346/725 621/1347/725 622/1348/725 623/1349/725 624/1350/725 625/1351/725 626/1352/725 627/1353/725 628/1354/725 629/1355/725 630/1356/725 631/1357/725 632/1358/725 633/1359/725 634/1360/725 635/1361/725 636/1362/725 637/1363/725 638/1364/725 639/1365/725 640/1366/725 641/1367/725 642/1368/725 643/1369/725 644/1370/725 645/1371/725 646/1372/725 647/1373/725 648/1374/725 649/1375/725 650/1376/725 651/1377/725 652/1378/725 653/1379/725 654/1380/725 655/1381/725 656/1382/725 657/1383/725 658/1384/725 659/1385/725 660/1386/725 661/1387/725 662/1388/725 663/1389/725 664/1390/725 665/1391/725 666/1392/725 667/1393/725 668/1394/725 669/1395/725 670/1396/725 671/1397/725 672/1398/725 673/1399/725 674/1400/725 675/1401/725 676/1402/725 677/1403/725 678/1404/725 679/1405/725 680/1406/725 681/1407/725 682/1408/725 683/1409/725 684/1410/725 685/1411/725 686/1412/725 687/1413/725 688/1414/725 689/1415/725 690/1416/725 691/1417/725 692/1418/725 693/1419/725 694/1420/725 695/1421/725 696/1422/725 697/1423/725 698/1424/725 699/1425/725 700/1426/725 701/1427/725 702/1428/725 703/1429/725 704/1430/725 705/1431/725 706/1432/725 707/1433/725 708/1434/725 709/1435/725 710/1436/725 711/1437/725 712/1438/725 713/1439/725 714/1440/725 715/1441/725 716/1442/725 717/1443/725 718/1444/725 719/1445/725 720/1446/725 721/1447/725 722/1448/725 723/1449/725 724/1450/725 725/1451/725 726/1452/725
f 725/726/726 727/2/726 726/1453/726
f 726/1453/727 727/2/727 1/1/727
