# Blender 4.2.1 LTS
# www.blender.org
o Sphere_6
v 0.000000 0.773010 -0.634393
v 0.000000 0.634393 -0.773010
v 0.000000 0.382683 -0.923880
v 0.000000 0.290285 -0.956940
v 0.000000 0.195090 -0.980785
v 0.000000 0.098017 -0.995185
v 0.000000 -0.098017 -0.995185
v 0.000000 -0.195090 -0.980785
v 0.000000 -0.471397 -0.881921
v 0.000000 -0.555570 -0.831470
v 0.000000 -0.634393 -0.773010
v 0.000000 -0.773010 -0.634393
v 0.000000 -0.831470 -0.555570
v 0.000000 -0.881921 -0.471397
v 0.000000 -0.980785 -0.195090
v 0.000000 -0.995185 -0.098017
v 0.019122 0.995185 -0.096134
v 0.038060 0.980785 -0.191342
v 0.056632 0.956940 -0.284707
v 0.074658 0.923880 -0.375330
v 0.091965 0.881921 -0.462339
v 0.108386 0.831470 -0.544895
v 0.123764 0.773010 -0.622204
v 0.137950 0.707107 -0.693520
v 0.150807 0.634393 -0.758157
v 0.162212 0.555570 -0.815493
v 0.172054 0.471397 -0.864975
v 0.180240 0.382683 -0.906127
v 0.186690 0.290285 -0.938553
v 0.191342 0.195090 -0.961940
v 0.194151 0.098017 -0.976062
v 0.195090 0.000000 -0.980785
v 0.194151 -0.098017 -0.976062
v 0.191342 -0.195090 -0.961940
v 0.186690 -0.290285 -0.938553
v 0.180240 -0.382683 -0.906127
v 0.172054 -0.471397 -0.864975
v 0.162212 -0.555570 -0.815493
v 0.150807 -0.634393 -0.758157
v 0.137950 -0.707107 -0.693520
v 0.123764 -0.773010 -0.622204
v 0.108386 -0.831470 -0.544895
v 0.091965 -0.881921 -0.462339
v 0.074658 -0.923880 -0.375330
v 0.056632 -0.956940 -0.284707
v 0.038060 -0.980785 -0.191342
v 0.019122 -0.995185 -0.096134
v 0.037510 0.995185 -0.090556
v 0.074658 0.980785 -0.180240
v 0.111087 0.956940 -0.268188
v 0.146447 0.923880 -0.353553
v 0.180396 0.881921 -0.435514
v 0.212608 0.831470 -0.513280
v 0.242772 0.773010 -0.586103
v 0.270598 0.707107 -0.653281
v 0.295818 0.634393 -0.714168
v 0.318190 0.555570 -0.768178
v 0.337497 0.471397 -0.814789
v 0.353553 0.382683 -0.853553
v 0.366205 0.290285 -0.884098
v 0.375330 0.195090 -0.906127
v 0.380841 0.098017 -0.919431
v 0.382683 0.000000 -0.923879
v 0.380841 -0.098017 -0.919431
v 0.375330 -0.195090 -0.906127
v 0.366205 -0.290285 -0.884098
v 0.353553 -0.382683 -0.853553
v 0.337497 -0.471397 -0.814789
v 0.318190 -0.555570 -0.768178
v 0.295818 -0.634393 -0.714168
v 0.270598 -0.707107 -0.653281
v 0.242772 -0.773010 -0.586103
v 0.212608 -0.831470 -0.513280
v 0.180396 -0.881921 -0.435514
v 0.146447 -0.923880 -0.353553
v 0.111087 -0.956940 -0.268188
v 0.074658 -0.980785 -0.180240
v 0.037510 -0.995185 -0.090556
v 0.054455 0.995185 -0.081498
v 0.108386 0.980785 -0.162212
v 0.161274 0.956940 -0.241363
v 0.212608 0.923880 -0.318190
v 0.261894 0.881921 -0.391952
v 0.308658 0.831470 -0.461940
v 0.352450 0.773010 -0.527479
v 0.392847 0.707107 -0.587938
v 0.429462 0.634393 -0.642735
v 0.461940 0.555570 -0.691342
v 0.489969 0.471397 -0.733291
v 0.513280 0.382683 -0.768178
v 0.531648 0.290285 -0.795667
v 0.544895 0.195090 -0.815493
v 0.552895 0.098017 -0.827466
v 0.555570 0.000000 -0.831469
v 0.552895 -0.098017 -0.827466
v 0.544895 -0.195090 -0.815493
v 0.531648 -0.290285 -0.795667
v 0.513280 -0.382683 -0.768178
v 0.489969 -0.471397 -0.733291
v 0.461940 -0.555570 -0.691342
v 0.429462 -0.634393 -0.642735
v 0.392847 -0.707107 -0.587938
v 0.352450 -0.773010 -0.527479
v 0.308658 -0.831470 -0.461940
v 0.261894 -0.881921 -0.391952
v 0.212608 -0.923880 -0.318190
v 0.161274 -0.956940 -0.241363
v 0.108386 -0.980785 -0.162212
v 0.054455 -0.995185 -0.081498
v 0.069309 0.995185 -0.069309
v 0.137950 0.980785 -0.137950
v 0.205262 0.956940 -0.205262
v 0.270598 0.923880 -0.270598
v 0.333328 0.881921 -0.333328
v 0.392847 0.831470 -0.392847
v 0.448584 0.773010 -0.448584
v 0.500000 0.707107 -0.500000
v 0.546601 0.634393 -0.546601
v 0.587938 0.555570 -0.587938
v 0.623612 0.471397 -0.623612
v 0.653281 0.382683 -0.653281
v 0.676659 0.290285 -0.676659
v 0.693520 0.195090 -0.693520
v 0.703702 0.098017 -0.703702
v 0.707107 0.000000 -0.707107
v 0.703702 -0.098017 -0.703702
v 0.693520 -0.195090 -0.693520
v 0.676659 -0.290285 -0.676659
v 0.653281 -0.382683 -0.653281
v 0.623612 -0.471397 -0.623612
v 0.587938 -0.555570 -0.587938
v 0.546601 -0.634393 -0.546601
v 0.500000 -0.707107 -0.500000
v 0.448584 -0.773010 -0.448584
v 0.392847 -0.831470 -0.392847
v 0.333328 -0.881921 -0.333328
v 0.270598 -0.923880 -0.270598
v 0.205262 -0.956940 -0.205262
v 0.137950 -0.980785 -0.137950
v 0.069309 -0.995185 -0.069309
v 0.081498 0.995185 -0.054455
v 0.162212 0.980785 -0.108386
v 0.241363 0.956940 -0.161273
v 0.318190 0.923880 -0.212608
v 0.391952 0.881921 -0.261894
v 0.461940 0.831470 -0.308658
v 0.527479 0.773010 -0.352450
v 0.587938 0.707107 -0.392847
v 0.642735 0.634393 -0.429462
v 0.691342 0.555570 -0.461940
v 0.733291 0.471397 -0.489969
v 0.768178 0.382683 -0.513280
v 0.795667 0.290285 -0.531647
v 0.815493 0.195090 -0.544895
v 0.827466 0.098017 -0.552895
v 0.831470 0.000000 -0.555570
v 0.827466 -0.098017 -0.552895
v 0.815493 -0.195090 -0.544895
v 0.795667 -0.290285 -0.531647
v 0.768178 -0.382683 -0.513280
v 0.733291 -0.471397 -0.489969
v 0.691342 -0.555570 -0.461940
v 0.642735 -0.634393 -0.429462
v 0.587938 -0.707107 -0.392847
v 0.527479 -0.773010 -0.352450
v 0.461940 -0.831470 -0.308658
v 0.391952 -0.881921 -0.261894
v 0.318190 -0.923880 -0.212608
v 0.241363 -0.956940 -0.161273
v 0.162212 -0.980785 -0.108386
v 0.081498 -0.995185 -0.054455
v 0.090556 0.995185 -0.037510
v 0.180240 0.980785 -0.074658
v 0.268188 0.956940 -0.111087
v 0.353553 0.923880 -0.146447
v 0.435514 0.881921 -0.180396
v 0.513280 0.831470 -0.212607
v 0.586103 0.773010 -0.242772
v 0.653281 0.707107 -0.270598
v 0.714168 0.634393 -0.295818
v 0.768178 0.555570 -0.318190
v 0.814789 0.471397 -0.337497
v 0.853553 0.382683 -0.353553
v 0.884098 0.290285 -0.366205
v 0.906127 0.195090 -0.375330
v 0.919431 0.098017 -0.380841
v 0.923879 0.000000 -0.382683
v 0.919431 -0.098017 -0.380841
v 0.906127 -0.195090 -0.375330
v 0.884098 -0.290285 -0.366205
v 0.853553 -0.382683 -0.353553
v 0.814789 -0.471397 -0.337497
v 0.768178 -0.555570 -0.318190
v 0.714168 -0.634393 -0.295818
v 0.653281 -0.707107 -0.270598
v 0.586103 -0.773010 -0.242772
v 0.513280 -0.831470 -0.212607
v 0.435514 -0.881921 -0.180396
v 0.353553 -0.923880 -0.146447
v 0.268188 -0.956940 -0.111087
v 0.180240 -0.980785 -0.074658
v 0.090556 -0.995185 -0.037510
v 0.096134 0.995185 -0.019122
v 0.191342 0.980785 -0.038060
v 0.284707 0.956940 -0.056632
v 0.375330 0.923880 -0.074658
v 0.462339 0.881921 -0.091965
v 0.544895 0.831470 -0.108386
v 0.622203 0.773010 -0.123764
v 0.693520 0.707107 -0.137950
v 0.758157 0.634393 -0.150807
v 0.815493 0.555570 -0.162212
v 0.864975 0.471397 -0.172054
v 0.906127 0.382683 -0.180240
v 0.938553 0.290285 -0.186690
v 0.961940 0.195090 -0.191342
v 0.976062 0.098017 -0.194151
v 0.980785 0.000000 -0.195090
v 0.976062 -0.098017 -0.194151
v 0.961940 -0.195090 -0.191342
v 0.938553 -0.290285 -0.186690
v 0.906127 -0.382683 -0.180240
v 0.864975 -0.471397 -0.172054
v 0.815493 -0.555570 -0.162212
v 0.758157 -0.634393 -0.150807
v 0.693520 -0.707107 -0.137950
v 0.622203 -0.773010 -0.123764
v 0.544895 -0.831470 -0.108386
v 0.462339 -0.881921 -0.091965
v 0.375330 -0.923880 -0.074658
v 0.284707 -0.956940 -0.056632
v 0.191342 -0.980785 -0.038060
v 0.096134 -0.995185 -0.019122
v 0.098017 0.995185 0.000000
v 0.195090 0.980785 0.000000
v 0.290285 0.956940 0.000000
v 0.382683 0.923880 0.000000
v 0.471397 0.881921 0.000000
v 0.555570 0.831470 0.000000
v 0.634393 0.773010 0.000000
v 0.707107 0.707107 -0.000000
v 0.773010 0.634393 0.000000
v 0.831469 0.555570 0.000000
v 0.881921 0.471397 0.000000
v 0.923879 0.382683 -0.000000
v 0.956940 0.290285 0.000000
v 0.980785 0.195090 0.000000
v 0.995184 0.098017 -0.000000
v 1.000000 0.000000 0.000000
v 0.995184 -0.098017 -0.000000
v 0.980785 -0.195090 0.000000
v 0.956940 -0.290285 0.000000
v 0.923879 -0.382683 -0.000000
v 0.881921 -0.471397 0.000000
v 0.831469 -0.555570 0.000000
v 0.773010 -0.634393 0.000000
v 0.707107 -0.707107 -0.000000
v 0.634393 -0.773010 0.000000
v 0.555570 -0.831470 0.000000
v 0.471397 -0.881921 0.000000
v 0.382683 -0.923880 0.000000
v 0.290285 -0.956940 0.000000
v 0.195090 -0.980785 0.000000
v 0.098017 -0.995185 0.000000
v 0.096134 0.995185 0.019122
v 0.191342 0.980785 0.038060
v 0.284707 0.956940 0.056632
v 0.375330 0.923880 0.074658
v 0.462339 0.881921 0.091965
v 0.544895 0.831470 0.108386
v 0.622203 0.773010 0.123764
v 0.693520 0.707107 0.137950
v 0.758157 0.634393 0.150807
v 0.815493 0.555570 0.162212
v 0.864975 0.471397 0.172054
v 0.906127 0.382683 0.180240
v 0.938553 0.290285 0.186690
v 0.961940 0.195090 0.191342
v 0.976062 0.098017 0.194151
v 0.980785 0.000000 0.195090
v 0.976062 -0.098017 0.194151
v 0.961940 -0.195090 0.191342
v 0.938553 -0.290285 0.186690
v 0.906127 -0.382683 0.180240
v 0.864975 -0.471397 0.172054
v 0.815493 -0.555570 0.162212
v 0.758157 -0.634393 0.150807
v 0.693520 -0.707107 0.137950
v 0.622203 -0.773010 0.123764
v 0.544895 -0.831470 0.108386
v 0.462339 -0.881921 0.091965
v 0.375330 -0.923880 0.074658
v 0.284707 -0.956940 0.056632
v 0.191342 -0.980785 0.038060
v 0.096134 -0.995185 0.019122
v 0.090556 0.995185 0.037510
v 0.180240 0.980785 0.074658
v 0.268188 0.956940 0.111087
v 0.353553 0.923880 0.146447
v 0.435514 0.881921 0.180396
v 0.513280 0.831470 0.212608
v 0.586103 0.773010 0.242772
v 0.653281 0.707107 0.270598
v 0.714168 0.634393 0.295818
v 0.768178 0.555570 0.318190
v 0.814789 0.471397 0.337497
v 0.853553 0.382683 0.353553
v 0.884097 0.290285 0.366205
v 0.906127 0.195090 0.375330
v 0.919430 0.098017 0.380841
v 0.923879 0.000000 0.382683
v 0.919430 -0.098017 0.380841
v 0.906127 -0.195090 0.375330
v 0.884097 -0.290285 0.366205
v 0.853553 -0.382683 0.353553
v 0.814789 -0.471397 0.337497
v 0.768178 -0.555570 0.318190
v 0.714168 -0.634393 0.295818
v 0.653281 -0.707107 0.270598
v 0.586103 -0.773010 0.242772
v 0.513280 -0.831470 0.212608
v 0.435514 -0.881921 0.180396
v 0.353553 -0.923880 0.146447
v 0.268188 -0.956940 0.111087
v 0.180240 -0.980785 0.074658
v 0.090556 -0.995185 0.037510
v 0.081498 0.995185 0.054455
v 0.162212 0.980785 0.108386
v 0.241363 0.956940 0.161273
v 0.318190 0.923880 0.212608
v 0.391952 0.881921 0.261894
v 0.461940 0.831470 0.308658
v 0.527478 0.773010 0.352450
v 0.587938 0.707107 0.392847
v 0.642735 0.634393 0.429462
v 0.691341 0.555570 0.461940
v 0.733290 0.471397 0.489969
v 0.768178 0.382683 0.513280
v 0.795667 0.290285 0.531648
v 0.815493 0.195090 0.544895
v 0.827466 0.098017 0.552895
v 0.831469 0.000000 0.555570
v 0.827466 -0.098017 0.552895
v 0.815493 -0.195090 0.544895
v 0.795667 -0.290285 0.531648
v 0.768178 -0.382683 0.513280
v 0.733290 -0.471397 0.489969
v 0.691341 -0.555570 0.461940
v 0.642735 -0.634393 0.429462
v 0.587938 -0.707107 0.392847
v 0.527478 -0.773010 0.352450
v 0.461940 -0.831470 0.308658
v 0.391952 -0.881921 0.261894
v 0.318190 -0.923880 0.212608
v 0.241363 -0.956940 0.161273
v 0.162212 -0.980785 0.108386
v 0.081498 -0.995185 0.054455
v 0.069309 0.995185 0.069309
v 0.137950 0.980785 0.137950
v 0.205262 0.956940 0.205262
v 0.270598 0.923880 0.270598
v 0.333328 0.881921 0.333328
v 0.392847 0.831470 0.392847
v 0.448584 0.773010 0.448584
v 0.500000 0.707107 0.500000
v 0.546601 0.634393 0.546601
v 0.587938 0.555570 0.587938
v 0.623612 0.471397 0.623612
v 0.653281 0.382683 0.653281
v 0.676659 0.290285 0.676659
v 0.693520 0.195090 0.693520
v 0.703702 0.098017 0.703702
v 0.707106 0.000000 0.707107
v 0.703702 -0.098017 0.703702
v 0.693520 -0.195090 0.693520
v 0.676659 -0.290285 0.676659
v 0.653281 -0.382683 0.653281
v 0.623612 -0.471397 0.623612
v 0.587938 -0.555570 0.587938
v 0.546601 -0.634393 0.546601
v 0.500000 -0.707107 0.500000
v 0.448584 -0.773010 0.448584
v 0.392847 -0.831470 0.392847
v 0.333328 -0.881921 0.333328
v 0.270598 -0.923880 0.270598
v 0.205262 -0.956940 0.205262
v 0.137950 -0.980785 0.137950
v 0.069309 -0.995185 0.069309
v 0.054455 0.995185 0.081498
v 0.108386 0.980785 0.162212
v 0.161273 0.956940 0.241363
v 0.212607 0.923880 0.318190
v 0.261894 0.881921 0.391952
v 0.308658 0.831470 0.461940
v 0.352450 0.773010 0.527479
v 0.392847 0.707107 0.587938
v 0.429461 0.634393 0.642735
v 0.461940 0.555570 0.691342
v 0.489969 0.471397 0.733290
v 0.513280 0.382683 0.768178
v 0.531647 0.290285 0.795667
v 0.544895 0.195090 0.815493
v 0.552895 0.098017 0.827466
v 0.555570 0.000000 0.831469
v 0.552895 -0.098017 0.827466
v 0.544895 -0.195090 0.815493
v 0.531647 -0.290285 0.795667
v 0.513280 -0.382683 0.768178
v 0.489969 -0.471397 0.733290
v 0.461940 -0.555570 0.691342
v 0.429461 -0.634393 0.642735
v 0.392847 -0.707107 0.587938
v 0.352450 -0.773010 0.527479
v 0.308658 -0.831470 0.461940
v 0.261894 -0.881921 0.391952
v 0.212607 -0.923880 0.318190
v 0.161273 -0.956940 0.241363
v 0.108386 -0.980785 0.162212
v 0.054455 -0.995185 0.081498
v 0.037510 0.995185 0.090556
v 0.074658 0.980785 0.180240
v 0.111087 0.956940 0.268188
v 0.146447 0.923880 0.353553
v 0.180396 0.881921 0.435514
v 0.212607 0.831470 0.513280
v 0.242772 0.773010 0.586103
v 0.270598 0.707107 0.653281
v 0.295818 0.634393 0.714168
v 0.318189 0.555570 0.768178
v 0.337497 0.471397 0.814789
v 0.353553 0.382683 0.853553
v 0.366205 0.290285 0.884097
v 0.375330 0.195090 0.906127
v 0.380840 0.098017 0.919430
v 0.382683 0.000000 0.923879
v 0.380840 -0.098017 0.919430
v 0.375330 -0.195090 0.906127
v 0.366205 -0.290285 0.884097
v 0.353553 -0.382683 0.853553
v 0.337497 -0.471397 0.814789
v 0.318189 -0.555570 0.768178
v 0.295818 -0.634393 0.714168
v 0.270598 -0.707107 0.653281
v 0.242772 -0.773010 0.586103
v 0.212607 -0.831470 0.513280
v 0.180396 -0.881921 0.435514
v 0.146447 -0.923880 0.353553
v 0.111087 -0.956940 0.268188
v 0.074658 -0.980785 0.180240
v 0.037510 -0.995185 0.090556
v 0.019122 0.995185 0.096134
v 0.038060 0.980785 0.191342
v 0.056632 0.956940 0.284707
v 0.074658 0.923880 0.375330
v 0.091965 0.881921 0.462339
v 0.108386 0.831470 0.544895
v 0.123764 0.773010 0.622203
v 0.137950 0.707107 0.693520
v 0.150807 0.634393 0.758157
v 0.162212 0.555570 0.815493
v 0.172054 0.471397 0.864975
v 0.180240 0.382683 0.906127
v 0.186690 0.290285 0.938553
v 0.191342 0.195090 0.961939
v 0.194151 0.098017 0.976062
v 0.195090 0.000000 0.980785
v 0.194151 -0.098017 0.976062
v 0.191342 -0.195090 0.961939
v 0.186690 -0.290285 0.938553
v 0.180240 -0.382683 0.906127
v 0.172054 -0.471397 0.864975
v 0.162212 -0.555570 0.815493
v 0.150807 -0.634393 0.758157
v 0.137950 -0.707107 0.693520
v 0.123764 -0.773010 0.622203
v 0.108386 -0.831470 0.544895
v 0.091965 -0.881921 0.462339
v 0.074658 -0.923880 0.375330
v 0.056632 -0.956940 0.284707
v 0.038060 -0.980785 0.191342
v 0.019122 -0.995185 0.096134
v -0.000000 0.995185 0.098017
v -0.000000 0.980785 0.195090
v -0.000000 0.956940 0.290285
v -0.000000 0.923880 0.382683
v -0.000000 0.881921 0.471397
v -0.000000 0.831470 0.555570
v -0.000000 0.773010 0.634393
v -0.000000 0.707107 0.707107
v -0.000000 0.634393 0.773010
v -0.000000 0.555570 0.831469
v -0.000000 0.471397 0.881921
v 0.000000 0.382683 0.923879
v -0.000000 0.290285 0.956940
v -0.000000 0.195090 0.980785
v -0.000000 0.098017 0.995184
v -0.000000 0.000000 0.999999
v -0.000000 -0.098017 0.995184
v -0.000000 -0.195090 0.980785
v -0.000000 -0.290285 0.956940
v 0.000000 -0.382683 0.923879
v -0.000000 -0.471397 0.881921
v -0.000000 -0.555570 0.831469
v -0.000000 -0.634393 0.773010
v -0.000000 -0.707107 0.707107
v -0.000000 -0.773010 0.634393
v -0.000000 -0.831470 0.555570
v -0.000000 -0.881921 0.471397
v -0.000000 -0.923880 0.382683
v -0.000000 -0.956940 0.290285
v -0.000000 -0.980785 0.195090
v -0.000000 -0.995185 0.098017
v 0.000000 -1.000000 0.000000
v 0.000000 1.000000 0.000000
v -0.019122 0.995185 0.096134
v -0.038060 0.980785 0.191342
v -0.056632 0.956940 0.284707
v -0.074658 0.923880 0.375330
v -0.091965 0.881921 0.462339
v -0.108386 0.831470 0.544895
v -0.123764 0.773010 0.622203
v -0.137950 0.707107 0.693520
v -0.150807 0.634393 0.758157
v -0.162212 0.555570 0.815493
v -0.172054 0.471397 0.864975
v -0.180240 0.382683 0.906127
v -0.186690 0.290285 0.938553
v -0.191342 0.195090 0.961939
v -0.194151 0.098017 0.976062
v -0.195091 0.000000 0.980785
v -0.194151 -0.098017 0.976062
v -0.191342 -0.195090 0.961939
v -0.186690 -0.290285 0.938553
v -0.180240 -0.382683 0.906127
v -0.172054 -0.471397 0.864975
v -0.162212 -0.555570 0.815493
v -0.150807 -0.634393 0.758157
v -0.137950 -0.707107 0.693520
v -0.123764 -0.773010 0.622203
v -0.108386 -0.831470 0.544895
v -0.091965 -0.881921 0.462339
v -0.074658 -0.923880 0.375330
v -0.056632 -0.956940 0.284707
v -0.038060 -0.980785 0.191342
v -0.019122 -0.995185 0.096134
v -0.037510 0.995185 0.090556
v -0.074658 0.980785 0.180240
v -0.111087 0.956940 0.268188
v -0.146447 0.923880 0.353553
v -0.180396 0.881921 0.435514
v -0.212608 0.831470 0.513280
v -0.242772 0.773010 0.586103
v -0.270598 0.707107 0.653281
v -0.295818 0.634393 0.714168
v -0.318190 0.555570 0.768177
v -0.337497 0.471397 0.814789
v -0.353553 0.382683 0.853553
v -0.366205 0.290285 0.884097
v -0.375330 0.195090 0.906127
v -0.380841 0.098017 0.919430
v -0.382683 0.000000 0.923879
v -0.380841 -0.098017 0.919430
v -0.375330 -0.195090 0.906127
v -0.366205 -0.290285 0.884097
v -0.353553 -0.382683 0.853553
v -0.337497 -0.471397 0.814789
v -0.318190 -0.555570 0.768177
v -0.295818 -0.634393 0.714168
v -0.270598 -0.707107 0.653281
v -0.242772 -0.773010 0.586103
v -0.212608 -0.831470 0.513280
v -0.180396 -0.881921 0.435514
v -0.146447 -0.923880 0.353553
v -0.111087 -0.956940 0.268188
v -0.074658 -0.980785 0.180240
v -0.037510 -0.995185 0.090556
v -0.054455 0.995185 0.081498
v -0.108386 0.980785 0.162212
v -0.161273 0.956940 0.241363
v -0.212608 0.923880 0.318190
v -0.261894 0.881921 0.391952
v -0.308658 0.831470 0.461939
v -0.352450 0.773010 0.527478
v -0.392847 0.707107 0.587938
v -0.429462 0.634393 0.642734
v -0.461940 0.555570 0.691341
v -0.489969 0.471397 0.733290
v -0.513280 0.382683 0.768178
v -0.531648 0.290285 0.795666
v -0.544895 0.195090 0.815493
v -0.552895 0.098017 0.827465
v -0.555570 0.000000 0.831469
v -0.552895 -0.098017 0.827465
v -0.544895 -0.195090 0.815493
v -0.531648 -0.290285 0.795666
v -0.513280 -0.382683 0.768178
v -0.489969 -0.471397 0.733290
v -0.461940 -0.555570 0.691341
v -0.429462 -0.634393 0.642734
v -0.392847 -0.707107 0.587938
v -0.352450 -0.773010 0.527478
v -0.308658 -0.831470 0.461939
v -0.261894 -0.881921 0.391952
v -0.212608 -0.923880 0.318190
v -0.161273 -0.956940 0.241363
v -0.108386 -0.980785 0.162212
v -0.054455 -0.995185 0.081498
v -0.069309 0.995185 0.069309
v -0.137950 0.980785 0.137950
v -0.205262 0.956940 0.205262
v -0.270598 0.923880 0.270598
v -0.333328 0.881921 0.333328
v -0.392847 0.831470 0.392847
v -0.448584 0.773010 0.448583
v -0.500000 0.707107 0.500000
v -0.546601 0.634393 0.546601
v -0.587938 0.555570 0.587937
v -0.623612 0.471397 0.623612
v -0.653281 0.382683 0.653281
v -0.676659 0.290285 0.676659
v -0.693520 0.195090 0.693520
v -0.703701 0.098017 0.703701
v -0.707106 0.000000 0.707106
v -0.703701 -0.098017 0.703701
v -0.693520 -0.195090 0.693520
v -0.676659 -0.290285 0.676659
v -0.653281 -0.382683 0.653281
v -0.623612 -0.471397 0.623612
v -0.587938 -0.555570 0.587937
v -0.546601 -0.634393 0.546601
v -0.500000 -0.707107 0.500000
v -0.448584 -0.773010 0.448583
v -0.392847 -0.831470 0.392847
v -0.333328 -0.881921 0.333328
v -0.270598 -0.923880 0.270598
v -0.205262 -0.956940 0.205262
v -0.137950 -0.980785 0.137950
v -0.069309 -0.995185 0.069309
v -0.081498 0.995185 0.054455
v -0.162212 0.980785 0.108386
v -0.241363 0.956940 0.161273
v -0.318190 0.923880 0.212607
v -0.391952 0.881921 0.261894
v -0.461940 0.831470 0.308658
v -0.527479 0.773010 0.352450
v -0.587938 0.707107 0.392847
v -0.642735 0.634393 0.429461
v -0.691341 0.555570 0.461939
v -0.733290 0.471397 0.489969
v -0.768177 0.382683 0.513280
v -0.795667 0.290285 0.531647
v -0.815493 0.195090 0.544895
v -0.827465 0.098017 0.552894
v -0.831469 0.000000 0.555569
v -0.827465 -0.098017 0.552894
v -0.815493 -0.195090 0.544895
v -0.795667 -0.290285 0.531647
v -0.768177 -0.382683 0.513280
v -0.733290 -0.471397 0.489969
v -0.691341 -0.555570 0.461939
v -0.642735 -0.634393 0.429461
v -0.587938 -0.707107 0.392847
v -0.527479 -0.773010 0.352450
v -0.461940 -0.831470 0.308658
v -0.391952 -0.881921 0.261894
v -0.318190 -0.923880 0.212607
v -0.241363 -0.956940 0.161273
v -0.162212 -0.980785 0.108386
v -0.081498 -0.995185 0.054455
v -0.090556 0.995185 0.037510
v -0.180240 0.980785 0.074658
v -0.268188 0.956940 0.111087
v -0.353553 0.923880 0.146447
v -0.435514 0.881921 0.180396
v -0.513280 0.831470 0.212607
v -0.586103 0.773010 0.242771
v -0.653281 0.707107 0.270598
v -0.714168 0.634393 0.295818
v -0.768177 0.555570 0.318189
v -0.814788 0.471397 0.337496
v -0.853553 0.382683 0.353553
v -0.884097 0.290285 0.366205
v -0.906127 0.195090 0.375330
v -0.919430 0.098017 0.380840
v -0.923879 0.000000 0.382683
v -0.919430 -0.098017 0.380840
v -0.906127 -0.195090 0.375330
v -0.884097 -0.290285 0.366205
v -0.853553 -0.382683 0.353553
v -0.814788 -0.471397 0.337496
v -0.768177 -0.555570 0.318189
v -0.714168 -0.634393 0.295818
v -0.653281 -0.707107 0.270598
v -0.586103 -0.773010 0.242771
v -0.513280 -0.831470 0.212607
v -0.435514 -0.881921 0.180396
v -0.353553 -0.923880 0.146447
v -0.268188 -0.956940 0.111087
v -0.180240 -0.980785 0.074658
v -0.090556 -0.995185 0.037510
v -0.096134 0.995185 0.019122
v -0.191342 0.980785 0.038060
v -0.284707 0.956940 0.056632
v -0.375330 0.923880 0.074658
v -0.462339 0.881921 0.091965
v -0.544895 0.831470 0.108386
v -0.622203 0.773010 0.123764
v -0.693520 0.707107 0.137950
v -0.758157 0.634393 0.150807
v -0.815493 0.555570 0.162211
v -0.864975 0.471397 0.172054
v -0.906127 0.382683 0.180240
v -0.938553 0.290285 0.186690
v -0.961939 0.195090 0.191341
v -0.976062 0.098017 0.194151
v -0.980784 0.000000 0.195090
v -0.976062 -0.098017 0.194151
v -0.961939 -0.195090 0.191341
v -0.938553 -0.290285 0.186690
v -0.906127 -0.382683 0.180240
v -0.864975 -0.471397 0.172054
v -0.815493 -0.555570 0.162211
v -0.758157 -0.634393 0.150807
v -0.693520 -0.707107 0.137950
v -0.622203 -0.773010 0.123764
v -0.544895 -0.831470 0.108386
v -0.462339 -0.881921 0.091965
v -0.375330 -0.923880 0.074658
v -0.284707 -0.956940 0.056632
v -0.191342 -0.980785 0.038060
v -0.096134 -0.995185 0.019122
v -0.098017 0.995185 -0.000000
v -0.195090 0.980785 -0.000000
v -0.290284 0.956940 -0.000000
v -0.382683 0.923880 -0.000000
v -0.471396 0.881921 -0.000000
v -0.555570 0.831470 -0.000000
v -0.634393 0.773010 -0.000000
v -0.707107 0.707107 -0.000000
v -0.773010 0.634393 -0.000000
v -0.831469 0.555570 -0.000000
v -0.881921 0.471397 -0.000000
v -0.923879 0.382683 -0.000000
v -0.956940 0.290285 -0.000000
v -0.980785 0.195090 -0.000000
v -0.995184 0.098017 -0.000000
v -0.999999 0.000000 -0.000000
v -0.995184 -0.098017 -0.000000
v -0.980785 -0.195090 -0.000000
v -0.956940 -0.290285 -0.000000
v -0.923879 -0.382683 -0.000000
v -0.881921 -0.471397 -0.000000
v -0.831469 -0.555570 -0.000000
v -0.773010 -0.634393 -0.000000
v -0.707107 -0.707107 -0.000000
v -0.634393 -0.773010 -0.000000
v -0.555570 -0.831470 -0.000000
v -0.471396 -0.881921 -0.000000
v -0.382683 -0.923880 -0.000000
v -0.290284 -0.956940 -0.000000
v -0.195090 -0.980785 -0.000000
v -0.098017 -0.995185 -0.000000
v -0.096134 0.995185 -0.019122
v -0.191342 0.980785 -0.038060
v -0.284707 0.956940 -0.056632
v -0.375330 0.923880 -0.074658
v -0.462339 0.881921 -0.091965
v -0.544895 0.831470 -0.108386
v -0.622203 0.773010 -0.123764
v -0.693520 0.707107 -0.137950
v -0.758157 0.634393 -0.150807
v -0.815493 0.555570 -0.162212
v -0.864975 0.471397 -0.172054
v -0.906127 0.382683 -0.180240
v -0.938552 0.290285 -0.186690
v -0.961939 0.195090 -0.191342
v -0.976062 0.098017 -0.194151
v -0.980784 0.000000 -0.195091
v -0.976062 -0.098017 -0.194151
v -0.961939 -0.195090 -0.191342
v -0.938552 -0.290285 -0.186690
v -0.906127 -0.382683 -0.180240
v -0.864975 -0.471397 -0.172054
v -0.815493 -0.555570 -0.162212
v -0.758157 -0.634393 -0.150807
v -0.693520 -0.707107 -0.137950
v -0.622203 -0.773010 -0.123764
v -0.544895 -0.831470 -0.108386
v -0.462339 -0.881921 -0.091965
v -0.375330 -0.923880 -0.074658
v -0.284707 -0.956940 -0.056632
v -0.191342 -0.980785 -0.038060
v -0.096134 -0.995185 -0.019122
v -0.090556 0.995185 -0.037510
v -0.180240 0.980785 -0.074658
v -0.268188 0.956940 -0.111087
v -0.353553 0.923880 -0.146447
v -0.435513 0.881921 -0.180396
v -0.513279 0.831470 -0.212607
v -0.586102 0.773010 -0.242772
v -0.653281 0.707107 -0.270598
v -0.714168 0.634393 -0.295818
v -0.768177 0.555570 -0.318190
v -0.814788 0.471397 -0.337496
v -0.853553 0.382683 -0.353553
v -0.884097 0.290285 -0.366205
v -0.906127 0.195090 -0.375330
v -0.919430 0.098017 -0.380840
v -0.923878 0.000000 -0.382683
v -0.919430 -0.098017 -0.380840
v -0.906127 -0.195090 -0.375330
v -0.884097 -0.290285 -0.366205
v -0.853553 -0.382683 -0.353553
v -0.814788 -0.471397 -0.337496
v -0.768177 -0.555570 -0.318190
v -0.714168 -0.634393 -0.295818
v -0.653281 -0.707107 -0.270598
v -0.586102 -0.773010 -0.242772
v -0.513279 -0.831470 -0.212607
v -0.435513 -0.881921 -0.180396
v -0.353553 -0.923880 -0.146447
v -0.268188 -0.956940 -0.111087
v -0.180240 -0.980785 -0.074658
v -0.090556 -0.995185 -0.037510
v -0.081498 0.995185 -0.054455
v -0.162212 0.980785 -0.108386
v -0.241363 0.956940 -0.161273
v -0.318189 0.923880 -0.212607
v -0.391952 0.881921 -0.261894
v -0.461939 0.831470 -0.308658
v -0.527478 0.773010 -0.352450
v -0.587938 0.707107 -0.392847
v -0.642734 0.634393 -0.429462
v -0.691341 0.555570 -0.461940
v -0.733290 0.471397 -0.489969
v -0.768177 0.382683 -0.513280
v -0.795666 0.290285 -0.531647
v -0.815493 0.195090 -0.544895
v -0.827465 0.098017 -0.552895
v -0.831468 0.000000 -0.555570
v -0.827465 -0.098017 -0.552895
v -0.815493 -0.195090 -0.544895
v -0.795666 -0.290285 -0.531647
v -0.768177 -0.382683 -0.513280
v -0.733290 -0.471397 -0.489969
v -0.691341 -0.555570 -0.461940
v -0.642734 -0.634393 -0.429462
v -0.587938 -0.707107 -0.392847
v -0.527478 -0.773010 -0.352450
v -0.461939 -0.831470 -0.308658
v -0.391952 -0.881921 -0.261894
v -0.318189 -0.923880 -0.212607
v -0.241363 -0.956940 -0.161273
v -0.162212 -0.980785 -0.108386
v -0.081498 -0.995185 -0.054455
v -0.069309 0.995185 -0.069309
v -0.137950 0.980785 -0.137950
v -0.205262 0.956940 -0.205262
v -0.270598 0.923880 -0.270598
v -0.333328 0.881921 -0.333328
v -0.392847 0.831470 -0.392847
v -0.448583 0.773010 -0.448584
v -0.500000 0.707107 -0.500000
v -0.546601 0.634393 -0.546601
v -0.587937 0.555570 -0.587938
v -0.623612 0.471397 -0.623612
v -0.653281 0.382683 -0.653281
v -0.676658 0.290285 -0.676659
v -0.693519 0.195090 -0.693520
v -0.703701 0.098017 -0.703701
v -0.707106 0.000000 -0.707106
v -0.703701 -0.098017 -0.703701
v -0.693519 -0.195090 -0.693520
v -0.676658 -0.290285 -0.676659
v -0.653281 -0.382683 -0.653281
v -0.623612 -0.471397 -0.623612
v -0.587937 -0.555570 -0.587938
v -0.546601 -0.634393 -0.546601
v -0.500000 -0.707107 -0.500000
v -0.448583 -0.773010 -0.448584
v -0.392847 -0.831470 -0.392847
v -0.333328 -0.881921 -0.333328
v -0.270598 -0.923880 -0.270598
v -0.205262 -0.956940 -0.205262
v -0.137950 -0.980785 -0.137950
v -0.069309 -0.995185 -0.069309
v -0.054455 0.995185 -0.081498
v -0.108386 0.980785 -0.162212
v -0.161273 0.956940 -0.241363
v -0.212607 0.923880 -0.318190
v -0.261894 0.881921 -0.391952
v -0.308658 0.831470 -0.461939
v -0.352450 0.773010 -0.527478
v -0.392847 0.707107 -0.587938
v -0.429461 0.634393 -0.642734
v -0.461939 0.555570 -0.691341
v -0.489969 0.471397 -0.733290
v -0.513280 0.382683 -0.768177
v -0.531647 0.290285 -0.795666
v -0.544895 0.195090 -0.815493
v -0.552894 0.098017 -0.827465
v -0.555569 0.000000 -0.831469
v -0.552894 -0.098017 -0.827465
v -0.544895 -0.195090 -0.815493
v -0.531647 -0.290285 -0.795666
v -0.513280 -0.382683 -0.768177
v -0.489969 -0.471397 -0.733290
v -0.461939 -0.555570 -0.691341
v -0.429461 -0.634393 -0.642734
v -0.392847 -0.707107 -0.587938
v -0.352450 -0.773010 -0.527478
v -0.308658 -0.831470 -0.461939
v -0.261894 -0.881921 -0.391952
v -0.212607 -0.923880 -0.318190
v -0.161273 -0.956940 -0.241363
v -0.108386 -0.980785 -0.162212
v -0.054455 -0.995185 -0.081498
v -0.037509 0.995185 -0.090556
v -0.074658 0.980785 -0.180240
v -0.111087 0.956940 -0.268188
v -0.146446 0.923880 -0.353553
v -0.180395 0.881921 -0.435513
v -0.212607 0.831470 -0.513279
v -0.242771 0.773010 -0.586102
v -0.270598 0.707107 -0.653281
v -0.295818 0.634393 -0.714168
v -0.318189 0.555570 -0.768177
v -0.337496 0.471397 -0.814788
v -0.353553 0.382683 -0.853553
v -0.366205 0.290285 -0.884097
v -0.375330 0.195090 -0.906127
v -0.380840 0.098017 -0.919430
v -0.382683 0.000000 -0.923879
v -0.380840 -0.098017 -0.919430
v -0.375330 -0.195090 -0.906127
v -0.366205 -0.290285 -0.884097
v -0.353553 -0.382683 -0.853553
v -0.337496 -0.471397 -0.814788
v -0.318189 -0.555570 -0.768177
v -0.295818 -0.634393 -0.714168
v -0.270598 -0.707107 -0.653281
v -0.242771 -0.773010 -0.586102
v -0.212607 -0.831470 -0.513279
v -0.180395 -0.881921 -0.435513
v -0.146446 -0.923880 -0.353553
v -0.111087 -0.956940 -0.268188
v -0.074658 -0.980785 -0.180240
v -0.037509 -0.995185 -0.090556
v -0.019122 0.995185 -0.096134
v -0.038060 0.980785 -0.191342
v -0.056632 0.956940 -0.284707
v -0.074658 0.923880 -0.375330
v -0.091965 0.881921 -0.462339
v -0.108386 0.831470 -0.544895
v -0.123764 0.773010 -0.622203
v -0.137950 0.707107 -0.693520
v -0.150807 0.634393 -0.758157
v -0.162211 0.555570 -0.815493
v -0.172054 0.471397 -0.864975
v -0.180240 0.382683 -0.906127
v -0.186689 0.290285 -0.938552
v -0.191341 0.195090 -0.961939
v -0.194151 0.098017 -0.976061
v -0.195090 0.000000 -0.980784
v -0.194151 -0.098017 -0.976061
v -0.191341 -0.195090 -0.961939
v -0.186689 -0.290285 -0.938552
v -0.180240 -0.382683 -0.906127
v -0.172054 -0.471397 -0.864975
v -0.162211 -0.555570 -0.815493
v -0.150807 -0.634393 -0.758157
v -0.137950 -0.707107 -0.693520
v -0.123764 -0.773010 -0.622203
v -0.108386 -0.831470 -0.544895
v -0.091965 -0.881921 -0.462339
v -0.074658 -0.923880 -0.375330
v -0.056632 -0.956940 -0.284707
v -0.038060 -0.980785 -0.191342
v -0.019122 -0.995185 -0.096134
v 0.000000 0.995185 -0.098017
v 0.000000 0.980785 -0.195090
v 0.000000 0.956940 -0.290284
v 0.000000 0.923880 -0.382683
v 0.000000 0.881921 -0.471396
v 0.000000 0.831470 -0.555570
v 0.000000 0.707107 -0.707107
v 0.000000 0.555570 -0.831469
v 0.000000 0.471397 -0.881920
v 0.000000 0.000000 -0.999999
v 0.000000 -0.290285 -0.956940
v 0.000000 -0.382683 -0.923879
v 0.000000 -0.707107 -0.707107
v 0.000000 -0.923880 -0.382683
v 0.000000 -0.956940 -0.290284
vn 0.0048 -0.9988 -0.0491
vn 0.0951 -0.2419 -0.9656
vn 0.0506 0.8566 -0.5134
vn 0.0923 -0.3355 -0.9375
vn 0.0586 0.8018 -0.5947
vn 0.0887 -0.4259 -0.9004
vn 0.0660 0.7393 -0.6701
vn 0.0842 -0.5123 -0.8547
vn 0.0728 0.6698 -0.7390
vn 0.0789 -0.5938 -0.8007
vn 0.0789 0.5938 -0.8007
vn 0.0728 -0.6698 -0.7390
vn 0.0842 0.5123 -0.8547
vn 0.0660 -0.7393 -0.6701
vn 0.0887 0.4259 -0.9004
vn 0.0586 -0.8018 -0.5947
vn 0.0923 0.3355 -0.9375
vn 0.0506 -0.8566 -0.5134
vn 0.0951 0.2419 -0.9656
vn 0.0048 0.9988 -0.0491
vn 0.0421 -0.9032 -0.4272
vn 0.0970 0.1460 -0.9845
vn 0.0145 0.9891 -0.1467
vn 0.0332 -0.9410 -0.3367
vn 0.0979 0.0488 -0.9940
vn 0.0239 0.9698 -0.2429
vn 0.0239 -0.9698 -0.2429
vn 0.0979 -0.0488 -0.9940
vn 0.0332 0.9410 -0.3367
vn 0.0145 -0.9891 -0.1467
vn 0.0970 -0.1460 -0.9845
vn 0.0421 0.9032 -0.4272
vn 0.1498 -0.8566 -0.4937
vn 0.2817 0.2419 -0.9285
vn 0.0143 0.9988 -0.0472
vn 0.1246 -0.9032 -0.4108
vn 0.2872 0.1460 -0.9467
vn 0.0428 0.9891 -0.1411
vn 0.0982 -0.9410 -0.3238
vn 0.2899 0.0488 -0.9558
vn 0.0709 0.9698 -0.2336
vn 0.0709 -0.9698 -0.2336
vn 0.2899 -0.0488 -0.9558
vn 0.0982 0.9410 -0.3238
vn 0.0428 -0.9891 -0.1411
vn 0.2872 -0.1460 -0.9467
vn 0.1246 0.9032 -0.4108
vn 0.0143 -0.9988 -0.0472
vn 0.2817 -0.2419 -0.9285
vn 0.1498 0.8566 -0.4937
vn 0.2735 -0.3355 -0.9015
vn 0.1735 0.8018 -0.5718
vn 0.2626 -0.4259 -0.8658
vn 0.1955 0.7393 -0.6443
vn 0.2493 -0.5123 -0.8218
vn 0.2156 0.6698 -0.7106
vn 0.2336 -0.5938 -0.7699
vn 0.2336 0.5938 -0.7699
vn 0.2156 -0.6698 -0.7106
vn 0.2493 0.5123 -0.8218
vn 0.1955 -0.7393 -0.6443
vn 0.2626 0.4259 -0.8658
vn 0.1735 -0.8018 -0.5718
vn 0.2735 0.3355 -0.9015
vn 0.0695 0.9891 -0.1300
vn 0.1595 -0.9410 -0.2984
vn 0.4708 0.0488 -0.8809
vn 0.1151 0.9698 -0.2153
vn 0.1151 -0.9698 -0.2153
vn 0.4708 -0.0488 -0.8809
vn 0.1595 0.9410 -0.2984
vn 0.0695 -0.9891 -0.1300
vn 0.4663 -0.1460 -0.8725
vn 0.2023 0.9032 -0.3786
vn 0.0232 -0.9988 -0.0435
vn 0.4574 -0.2419 -0.8557
vn 0.2432 0.8566 -0.4550
vn 0.4441 -0.3355 -0.8308
vn 0.2817 0.8018 -0.5270
vn 0.4265 -0.4259 -0.7979
vn 0.3174 0.7393 -0.5938
vn 0.4048 -0.5123 -0.7574
vn 0.3500 0.6698 -0.6549
vn 0.3793 -0.5938 -0.7096
vn 0.3793 0.5938 -0.7096
vn 0.3500 -0.6698 -0.6549
vn 0.4048 0.5123 -0.7574
vn 0.3174 -0.7393 -0.5938
vn 0.4265 0.4259 -0.7979
vn 0.2817 -0.8018 -0.5270
vn 0.4441 0.3355 -0.8308
vn 0.2432 -0.8566 -0.4550
vn 0.4574 0.2419 -0.8557
vn 0.0232 0.9988 -0.0435
vn 0.2023 -0.9032 -0.3786
vn 0.4663 0.1460 -0.8725
vn 0.2146 0.9410 -0.2615
vn 0.0935 -0.9891 -0.1140
vn 0.6276 -0.1460 -0.7647
vn 0.2723 0.9032 -0.3318
vn 0.0313 -0.9988 -0.0381
vn 0.6156 -0.2419 -0.7501
vn 0.3273 0.8566 -0.3988
vn 0.5976 -0.3355 -0.7282
vn 0.3791 0.8018 -0.4619
vn 0.5740 -0.4259 -0.6994
vn 0.4272 0.7393 -0.5205
vn 0.5448 -0.5123 -0.6639
vn 0.4711 0.6698 -0.5740
vn 0.5104 -0.5938 -0.6219
vn 0.5104 0.5938 -0.6219
vn 0.4711 -0.6698 -0.5740
vn 0.5448 0.5123 -0.6639
vn 0.4272 -0.7393 -0.5205
vn 0.5740 0.4259 -0.6994
vn 0.3791 -0.8018 -0.4619
vn 0.5976 0.3355 -0.7282
vn 0.3273 -0.8566 -0.3988
vn 0.6156 0.2419 -0.7501
vn 0.0313 0.9988 -0.0381
vn 0.2723 -0.9032 -0.3318
vn 0.6276 0.1460 -0.7647
vn 0.0935 0.9891 -0.1140
vn 0.2146 -0.9410 -0.2615
vn 0.6336 0.0488 -0.7721
vn 0.1548 0.9698 -0.1887
vn 0.1548 -0.9698 -0.1887
vn 0.6336 -0.0488 -0.7721
vn 0.3988 0.8566 -0.3273
vn 0.7282 -0.3355 -0.5976
vn 0.4619 0.8018 -0.3791
vn 0.6994 -0.4259 -0.5740
vn 0.5205 0.7393 -0.4272
vn 0.6639 -0.5123 -0.5448
vn 0.5740 0.6698 -0.4711
vn 0.6219 -0.5938 -0.5104
vn 0.6219 0.5938 -0.5104
vn 0.5740 -0.6698 -0.4711
vn 0.6639 0.5123 -0.5448
vn 0.5205 -0.7393 -0.4272
vn 0.6994 0.4259 -0.5740
vn 0.4619 -0.8018 -0.3791
vn 0.7282 0.3355 -0.5976
vn 0.3988 -0.8566 -0.3273
vn 0.7501 0.2419 -0.6156
vn 0.0381 0.9988 -0.0313
vn 0.3318 -0.9032 -0.2723
vn 0.7647 0.1460 -0.6276
vn 0.1140 0.9891 -0.0935
vn 0.2615 -0.9410 -0.2146
vn 0.7721 0.0488 -0.6336
vn 0.1887 0.9698 -0.1548
vn 0.1887 -0.9698 -0.1548
vn 0.7721 -0.0488 -0.6336
vn 0.2615 0.9410 -0.2146
vn 0.1140 -0.9891 -0.0935
vn 0.7647 -0.1460 -0.6276
vn 0.3318 0.9032 -0.2723
vn 0.0381 -0.9988 -0.0313
vn 0.7501 -0.2419 -0.6156
vn 0.5938 0.7393 -0.3174
vn 0.7574 -0.5123 -0.4048
vn 0.6549 0.6698 -0.3500
vn 0.7096 -0.5938 -0.3793
vn 0.7096 0.5938 -0.3793
vn 0.6549 -0.6698 -0.3500
vn 0.7574 0.5123 -0.4048
vn 0.5938 -0.7393 -0.3174
vn 0.7979 0.4259 -0.4265
vn 0.5270 -0.8018 -0.2817
vn 0.8308 0.3355 -0.4441
vn 0.4550 -0.8566 -0.2432
vn 0.8557 0.2419 -0.4574
vn 0.0435 0.9988 -0.0232
vn 0.3786 -0.9032 -0.2023
vn 0.8725 0.1460 -0.4663
vn 0.1300 0.9891 -0.0695
vn 0.2984 -0.9410 -0.1595
vn 0.8809 0.0488 -0.4708
vn 0.2153 0.9698 -0.1151
vn 0.2153 -0.9698 -0.1151
vn 0.8809 -0.0488 -0.4708
vn 0.2984 0.9410 -0.1595
vn 0.1300 -0.9891 -0.0695
vn 0.8725 -0.1460 -0.4663
vn 0.3786 0.9032 -0.2023
vn 0.0435 -0.9988 -0.0232
vn 0.8557 -0.2419 -0.4574
vn 0.4550 0.8566 -0.2432
vn 0.8308 -0.3355 -0.4441
vn 0.5270 0.8018 -0.2817
vn 0.7979 -0.4259 -0.4265
vn 0.7699 0.5938 -0.2336
vn 0.7106 -0.6698 -0.2156
vn 0.8218 0.5123 -0.2493
vn 0.6443 -0.7393 -0.1955
vn 0.8658 0.4259 -0.2626
vn 0.5718 -0.8018 -0.1735
vn 0.9015 0.3355 -0.2735
vn 0.4937 -0.8566 -0.1498
vn 0.9285 0.2419 -0.2817
vn 0.0472 0.9988 -0.0143
vn 0.4108 -0.9032 -0.1246
vn 0.9467 0.1460 -0.2872
vn 0.1411 0.9891 -0.0428
vn 0.3238 -0.9410 -0.0982
vn 0.9558 0.0488 -0.2899
vn 0.2336 0.9698 -0.0709
vn 0.2336 -0.9698 -0.0709
vn 0.9558 -0.0488 -0.2899
vn 0.3238 0.9410 -0.0982
vn 0.1411 -0.9891 -0.0428
vn 0.9467 -0.1460 -0.2872
vn 0.4108 0.9032 -0.1246
vn 0.0472 -0.9988 -0.0143
vn 0.9285 -0.2419 -0.2817
vn 0.4937 0.8566 -0.1498
vn 0.9015 -0.3355 -0.2735
vn 0.5718 0.8018 -0.1735
vn 0.8658 -0.4259 -0.2626
vn 0.6443 0.7393 -0.1955
vn 0.8218 -0.5123 -0.2493
vn 0.7106 0.6698 -0.2156
vn 0.7699 -0.5938 -0.2336
vn 0.9004 0.4259 -0.0887
vn 0.5947 -0.8018 -0.0586
vn 0.9375 0.3354 -0.0923
vn 0.5134 -0.8566 -0.0506
vn 0.9656 0.2419 -0.0951
vn 0.0491 0.9988 -0.0048
vn 0.4272 -0.9032 -0.0421
vn 0.9845 0.1460 -0.0970
vn 0.1467 0.9891 -0.0145
vn 0.3367 -0.9410 -0.0332
vn 0.9940 0.0488 -0.0979
vn 0.2429 0.9698 -0.0239
vn 0.2429 -0.9698 -0.0239
vn 0.9940 -0.0488 -0.0979
vn 0.3367 0.9410 -0.0332
vn 0.1467 -0.9891 -0.0145
vn 0.9845 -0.1460 -0.0970
vn 0.4272 0.9032 -0.0421
vn 0.0491 -0.9988 -0.0048
vn 0.9656 -0.2419 -0.0951
vn 0.5134 0.8566 -0.0506
vn 0.9375 -0.3354 -0.0923
vn 0.5947 0.8018 -0.0586
vn 0.9004 -0.4259 -0.0887
vn 0.6701 0.7393 -0.0660
vn 0.8547 -0.5123 -0.0842
vn 0.7390 0.6698 -0.0728
vn 0.8007 -0.5938 -0.0789
vn 0.8007 0.5938 -0.0789
vn 0.7390 -0.6698 -0.0728
vn 0.8547 0.5123 -0.0842
vn 0.6701 -0.7393 -0.0660
vn 0.9656 0.2419 0.0951
vn 0.0491 0.9988 0.0048
vn 0.4272 -0.9032 0.0421
vn 0.9845 0.1460 0.0970
vn 0.1467 0.9891 0.0145
vn 0.3367 -0.9410 0.0332
vn 0.9940 0.0488 0.0979
vn 0.2429 0.9698 0.0239
vn 0.2429 -0.9698 0.0239
vn 0.9940 -0.0488 0.0979
vn 0.3367 0.9410 0.0332
vn 0.1467 -0.9891 0.0145
vn 0.9845 -0.1460 0.0970
vn 0.4272 0.9032 0.0421
vn 0.0491 -0.9988 0.0048
vn 0.9656 -0.2419 0.0951
vn 0.5134 0.8566 0.0506
vn 0.9375 -0.3354 0.0923
vn 0.5947 0.8018 0.0586
vn 0.9004 -0.4259 0.0887
vn 0.6701 0.7393 0.0660
vn 0.8547 -0.5123 0.0842
vn 0.7390 0.6698 0.0728
vn 0.8007 -0.5938 0.0789
vn 0.8007 0.5938 0.0789
vn 0.7390 -0.6698 0.0728
vn 0.8547 0.5123 0.0842
vn 0.6701 -0.7393 0.0660
vn 0.9004 0.4259 0.0887
vn 0.5947 -0.8018 0.0586
vn 0.9375 0.3354 0.0923
vn 0.5134 -0.8566 0.0506
vn 0.9558 0.0488 0.2899
vn 0.2336 0.9698 0.0709
vn 0.2336 -0.9698 0.0709
vn 0.9558 -0.0488 0.2899
vn 0.3238 0.9410 0.0982
vn 0.1411 -0.9891 0.0428
vn 0.9467 -0.1460 0.2872
vn 0.4108 0.9032 0.1246
vn 0.0472 -0.9988 0.0143
vn 0.9285 -0.2419 0.2817
vn 0.4937 0.8566 0.1498
vn 0.9015 -0.3355 0.2735
vn 0.5718 0.8018 0.1735
vn 0.8658 -0.4259 0.2626
vn 0.6443 0.7393 0.1955
vn 0.8218 -0.5123 0.2493
vn 0.7106 0.6698 0.2156
vn 0.7699 -0.5938 0.2336
vn 0.7699 0.5938 0.2336
vn 0.7106 -0.6698 0.2156
vn 0.8218 0.5123 0.2493
vn 0.6443 -0.7393 0.1955
vn 0.8658 0.4259 0.2626
vn 0.5718 -0.8018 0.1735
vn 0.9015 0.3354 0.2735
vn 0.4937 -0.8566 0.1498
vn 0.9285 0.2419 0.2817
vn 0.0472 0.9988 0.0143
vn 0.4108 -0.9032 0.1246
vn 0.9467 0.1460 0.2872
vn 0.1411 0.9891 0.0428
vn 0.3238 -0.9410 0.0982
vn 0.8725 -0.1460 0.4663
vn 0.3786 0.9032 0.2023
vn 0.0435 -0.9988 0.0232
vn 0.8557 -0.2419 0.4574
vn 0.4550 0.8566 0.2432
vn 0.8308 -0.3355 0.4441
vn 0.5270 0.8018 0.2817
vn 0.7979 -0.4259 0.4265
vn 0.5938 0.7393 0.3174
vn 0.7574 -0.5123 0.4048
vn 0.6549 0.6698 0.3500
vn 0.7096 -0.5938 0.3793
vn 0.7096 0.5938 0.3793
vn 0.6549 -0.6698 0.3500
vn 0.7574 0.5123 0.4048
vn 0.5938 -0.7393 0.3174
vn 0.7979 0.4259 0.4265
vn 0.5270 -0.8018 0.2817
vn 0.8308 0.3355 0.4441
vn 0.4550 -0.8566 0.2432
vn 0.8557 0.2419 0.4574
vn 0.0435 0.9988 0.0232
vn 0.3786 -0.9032 0.2023
vn 0.8725 0.1460 0.4663
vn 0.1300 0.9891 0.0695
vn 0.2984 -0.9410 0.1595
vn 0.8809 0.0488 0.4708
vn 0.2153 0.9698 0.1151
vn 0.2153 -0.9698 0.1151
vn 0.8809 -0.0488 0.4708
vn 0.2984 0.9410 0.1595
vn 0.1300 -0.9891 0.0695
vn 0.7282 -0.3355 0.5976
vn 0.4619 0.8018 0.3791
vn 0.6994 -0.4259 0.5740
vn 0.5205 0.7393 0.4272
vn 0.6639 -0.5123 0.5448
vn 0.5740 0.6698 0.4711
vn 0.6219 -0.5938 0.5104
vn 0.6219 0.5938 0.5104
vn 0.5740 -0.6698 0.4711
vn 0.6639 0.5123 0.5448
vn 0.5205 -0.7393 0.4272
vn 0.6994 0.4259 0.5740
vn 0.4619 -0.8018 0.3791
vn 0.7282 0.3355 0.5976
vn 0.3988 -0.8566 0.3273
vn 0.7501 0.2419 0.6156
vn 0.0381 0.9988 0.0313
vn 0.3318 -0.9032 0.2723
vn 0.7647 0.1460 0.6276
vn 0.1140 0.9891 0.0935
vn 0.2615 -0.9410 0.2146
vn 0.7721 0.0488 0.6336
vn 0.1887 0.9698 0.1548
vn 0.1887 -0.9698 0.1548
vn 0.7721 -0.0488 0.6336
vn 0.2615 0.9410 0.2146
vn 0.1140 -0.9891 0.0935
vn 0.7647 -0.1460 0.6276
vn 0.3318 0.9032 0.2723
vn 0.0381 -0.9988 0.0313
vn 0.7501 -0.2419 0.6156
vn 0.3988 0.8566 0.3273
vn 0.5448 -0.5123 0.6639
vn 0.4711 0.6698 0.5740
vn 0.5104 -0.5938 0.6219
vn 0.5104 0.5938 0.6219
vn 0.4711 -0.6698 0.5740
vn 0.5448 0.5123 0.6639
vn 0.4272 -0.7393 0.5205
vn 0.5740 0.4259 0.6994
vn 0.3791 -0.8018 0.4619
vn 0.5976 0.3355 0.7282
vn 0.3273 -0.8566 0.3988
vn 0.6156 0.2419 0.7501
vn 0.0313 0.9988 0.0381
vn 0.2723 -0.9032 0.3318
vn 0.6276 0.1460 0.7647
vn 0.0935 0.9891 0.1140
vn 0.2146 -0.9410 0.2615
vn 0.6336 0.0488 0.7721
vn 0.1548 0.9698 0.1887
vn 0.1548 -0.9698 0.1887
vn 0.6336 -0.0488 0.7721
vn 0.2146 0.9410 0.2615
vn 0.0935 -0.9891 0.1140
vn 0.6276 -0.1460 0.7647
vn 0.2723 0.9032 0.3318
vn 0.0313 -0.9988 0.0381
vn 0.6156 -0.2419 0.7501
vn 0.3273 0.8566 0.3988
vn 0.5976 -0.3355 0.7282
vn 0.3791 0.8018 0.4619
vn 0.5740 -0.4259 0.6994
vn 0.4272 0.7393 0.5205
vn 0.3500 -0.6698 0.6549
vn 0.4048 0.5123 0.7574
vn 0.3174 -0.7393 0.5938
vn 0.4265 0.4259 0.7979
vn 0.2817 -0.8018 0.5270
vn 0.4441 0.3354 0.8308
vn 0.2432 -0.8566 0.4550
vn 0.4574 0.2419 0.8557
vn 0.0232 0.9988 0.0435
vn 0.2023 -0.9032 0.3786
vn 0.4663 0.1460 0.8725
vn 0.0695 0.9891 0.1300
vn 0.1595 -0.9410 0.2984
vn 0.4708 0.0488 0.8809
vn 0.1151 0.9698 0.2153
vn 0.1151 -0.9698 0.2153
vn 0.4708 -0.0488 0.8809
vn 0.1595 0.9410 0.2984
vn 0.0695 -0.9891 0.1300
vn 0.4663 -0.1460 0.8725
vn 0.2023 0.9032 0.3786
vn 0.0232 -0.9988 0.0435
vn 0.4574 -0.2419 0.8557
vn 0.2432 0.8566 0.4550
vn 0.4441 -0.3354 0.8308
vn 0.2817 0.8018 0.5270
vn 0.4265 -0.4259 0.7979
vn 0.3174 0.7393 0.5938
vn 0.4048 -0.5123 0.7574
vn 0.3500 0.6698 0.6549
vn 0.3793 -0.5938 0.7096
vn 0.3793 0.5938 0.7096
vn 0.1735 -0.8018 0.5718
vn 0.2735 0.3355 0.9015
vn 0.1498 -0.8566 0.4937
vn 0.2817 0.2419 0.9285
vn 0.0143 0.9988 0.0472
vn 0.1246 -0.9032 0.4108
vn 0.2872 0.1460 0.9467
vn 0.0428 0.9891 0.1411
vn 0.0982 -0.9410 0.3238
vn 0.2899 0.0488 0.9558
vn 0.0709 0.9698 0.2336
vn 0.0709 -0.9698 0.2336
vn 0.2899 -0.0488 0.9558
vn 0.0982 0.9410 0.3238
vn 0.0428 -0.9891 0.1411
vn 0.2872 -0.1460 0.9467
vn 0.1246 0.9032 0.4108
vn 0.0143 -0.9988 0.0472
vn 0.2817 -0.2419 0.9285
vn 0.1498 0.8566 0.4937
vn 0.2735 -0.3355 0.9015
vn 0.1735 0.8018 0.5718
vn 0.2626 -0.4259 0.8658
vn 0.1955 0.7393 0.6443
vn 0.2493 -0.5123 0.8218
vn 0.2156 0.6698 0.7106
vn 0.2336 -0.5938 0.7699
vn 0.2336 0.5938 0.7699
vn 0.2156 -0.6698 0.7106
vn 0.2493 0.5123 0.8218
vn 0.1955 -0.7393 0.6443
vn 0.2626 0.4259 0.8658
vn 0.0421 -0.9032 0.4272
vn 0.0970 0.1460 0.9845
vn 0.0144 0.9891 0.1467
vn 0.0332 -0.9410 0.3367
vn 0.0979 0.0488 0.9940
vn 0.0239 0.9698 0.2429
vn 0.0239 -0.9698 0.2429
vn 0.0979 -0.0488 0.9940
vn 0.0332 0.9410 0.3367
vn 0.0144 -0.9891 0.1467
vn 0.0970 -0.1460 0.9845
vn 0.0421 0.9032 0.4272
vn 0.0048 -0.9988 0.0491
vn 0.0951 -0.2419 0.9656
vn 0.0506 0.8566 0.5134
vn 0.0923 -0.3354 0.9375
vn 0.0586 0.8018 0.5947
vn 0.0887 -0.4259 0.9004
vn 0.0660 0.7393 0.6701
vn 0.0842 -0.5123 0.8547
vn 0.0728 0.6698 0.7390
vn 0.0789 -0.5938 0.8007
vn 0.0789 0.5938 0.8007
vn 0.0728 -0.6698 0.7390
vn 0.0842 0.5123 0.8547
vn 0.0660 -0.7393 0.6701
vn 0.0887 0.4259 0.9004
vn 0.0586 -0.8018 0.5947
vn 0.0923 0.3354 0.9375
vn 0.0506 -0.8566 0.5134
vn 0.0951 0.2419 0.9656
vn 0.0048 0.9988 0.0491
vn -0.0239 -0.9698 0.2429
vn -0.0979 -0.0488 0.9940
vn -0.0332 0.9410 0.3367
vn -0.0145 -0.9891 0.1467
vn -0.0970 -0.1460 0.9845
vn -0.0421 0.9032 0.4272
vn -0.0048 -0.9988 0.0491
vn -0.0951 -0.2419 0.9656
vn -0.0506 0.8566 0.5134
vn -0.0923 -0.3355 0.9375
vn -0.0586 0.8018 0.5947
vn -0.0887 -0.4259 0.9004
vn -0.0660 0.7393 0.6701
vn -0.0842 -0.5123 0.8547
vn -0.0728 0.6698 0.7390
vn -0.0789 -0.5938 0.8007
vn -0.0789 0.5938 0.8007
vn -0.0728 -0.6698 0.7390
vn -0.0842 0.5123 0.8547
vn -0.0660 -0.7393 0.6701
vn -0.0887 0.4259 0.9004
vn -0.0586 -0.8018 0.5947
vn -0.0923 0.3355 0.9375
vn -0.0506 -0.8566 0.5134
vn -0.0951 0.2419 0.9656
vn -0.0048 0.9988 0.0491
vn -0.0421 -0.9032 0.4272
vn -0.0970 0.1460 0.9845
vn -0.0145 0.9891 0.1467
vn -0.0332 -0.9410 0.3367
vn -0.0979 0.0488 0.9940
vn -0.0239 0.9698 0.2429
vn -0.0143 -0.9988 0.0472
vn -0.2817 -0.2419 0.9285
vn -0.1498 0.8566 0.4937
vn -0.2735 -0.3354 0.9015
vn -0.1735 0.8018 0.5718
vn -0.2626 -0.4259 0.8658
vn -0.1955 0.7393 0.6443
vn -0.2493 -0.5123 0.8218
vn -0.2156 0.6698 0.7106
vn -0.2336 -0.5938 0.7699
vn -0.2336 0.5938 0.7699
vn -0.2156 -0.6698 0.7106
vn -0.2493 0.5123 0.8218
vn -0.1955 -0.7393 0.6443
vn -0.2626 0.4259 0.8658
vn -0.1735 -0.8018 0.5718
vn -0.2735 0.3354 0.9015
vn -0.1498 -0.8566 0.4937
vn -0.2817 0.2419 0.9285
vn -0.0143 0.9988 0.0472
vn -0.1246 -0.9032 0.4108
vn -0.2872 0.1460 0.9467
vn -0.0428 0.9891 0.1411
vn -0.0982 -0.9410 0.3238
vn -0.2899 0.0488 0.9558
vn -0.0709 0.9698 0.2336
vn -0.0709 -0.9698 0.2336
vn -0.2899 -0.0488 0.9558
vn -0.0982 0.9410 0.3238
vn -0.0428 -0.9891 0.1411
vn -0.2872 -0.1460 0.9467
vn -0.1246 0.9032 0.4108
vn -0.4265 -0.4259 0.7979
vn -0.3174 0.7393 0.5938
vn -0.4048 -0.5123 0.7574
vn -0.3500 0.6698 0.6549
vn -0.3793 -0.5938 0.7096
vn -0.3793 0.5938 0.7096
vn -0.3500 -0.6698 0.6549
vn -0.4048 0.5123 0.7574
vn -0.3174 -0.7393 0.5938
vn -0.4265 0.4259 0.7979
vn -0.2817 -0.8018 0.5270
vn -0.4441 0.3354 0.8308
vn -0.2432 -0.8566 0.4550
vn -0.4574 0.2419 0.8557
vn -0.0232 0.9988 0.0435
vn -0.2023 -0.9032 0.3786
vn -0.4663 0.1460 0.8725
vn -0.0695 0.9891 0.1300
vn -0.1595 -0.9410 0.2984
vn -0.4708 0.0488 0.8809
vn -0.1151 0.9698 0.2153
vn -0.1151 -0.9698 0.2153
vn -0.4708 -0.0488 0.8809
vn -0.1595 0.9410 0.2984
vn -0.0695 -0.9891 0.1300
vn -0.4663 -0.1460 0.8725
vn -0.2023 0.9032 0.3786
vn -0.0232 -0.9988 0.0435
vn -0.4574 -0.2419 0.8557
vn -0.2432 0.8566 0.4550
vn -0.4441 -0.3355 0.8308
vn -0.2817 0.8018 0.5270
vn -0.5104 -0.5938 0.6219
vn -0.5104 0.5938 0.6219
vn -0.4711 -0.6698 0.5740
vn -0.5448 0.5123 0.6639
vn -0.4272 -0.7393 0.5205
vn -0.5740 0.4259 0.6994
vn -0.3791 -0.8018 0.4619
vn -0.5976 0.3355 0.7282
vn -0.3273 -0.8566 0.3988
vn -0.6156 0.2419 0.7501
vn -0.0313 0.9988 0.0381
vn -0.2723 -0.9032 0.3318
vn -0.6276 0.1460 0.7647
vn -0.0935 0.9891 0.1140
vn -0.2146 -0.9410 0.2615
vn -0.6336 0.0488 0.7721
vn -0.1548 0.9698 0.1887
vn -0.1548 -0.9698 0.1887
vn -0.6336 -0.0488 0.7721
vn -0.2146 0.9410 0.2615
vn -0.0935 -0.9891 0.1140
vn -0.6276 -0.1460 0.7647
vn -0.2723 0.9032 0.3318
vn -0.0313 -0.9988 0.0381
vn -0.6156 -0.2419 0.7501
vn -0.3273 0.8566 0.3988
vn -0.5976 -0.3355 0.7282
vn -0.3791 0.8018 0.4619
vn -0.5740 -0.4259 0.6994
vn -0.4272 0.7393 0.5205
vn -0.5448 -0.5123 0.6639
vn -0.4711 0.6698 0.5740
vn -0.5205 -0.7393 0.4272
vn -0.6994 0.4259 0.5740
vn -0.4619 -0.8018 0.3791
vn -0.7282 0.3354 0.5976
vn -0.3988 -0.8566 0.3273
vn -0.7501 0.2419 0.6156
vn -0.0381 0.9988 0.0313
vn -0.3318 -0.9032 0.2723
vn -0.7647 0.1460 0.6276
vn -0.1140 0.9891 0.0935
vn -0.2615 -0.9410 0.2146
vn -0.7721 0.0488 0.6336
vn -0.1887 0.9698 0.1548
vn -0.1887 -0.9698 0.1548
vn -0.7721 -0.0488 0.6336
vn -0.2615 0.9410 0.2146
vn -0.1140 -0.9891 0.0935
vn -0.7647 -0.1460 0.6276
vn -0.3318 0.9032 0.2723
vn -0.0381 -0.9988 0.0313
vn -0.7501 -0.2419 0.6156
vn -0.3988 0.8566 0.3273
vn -0.7282 -0.3355 0.5976
vn -0.4619 0.8018 0.3791
vn -0.6994 -0.4259 0.5740
vn -0.5205 0.7393 0.4272
vn -0.6639 -0.5123 0.5448
vn -0.5740 0.6698 0.4711
vn -0.6219 -0.5938 0.5104
vn -0.6219 0.5938 0.5104
vn -0.5740 -0.6698 0.4711
vn -0.6639 0.5123 0.5448
vn -0.4550 -0.8566 0.2432
vn -0.8557 0.2419 0.4574
vn -0.0435 0.9988 0.0232
vn -0.3786 -0.9032 0.2023
vn -0.8725 0.1460 0.4663
vn -0.1300 0.9891 0.0695
vn -0.2984 -0.9410 0.1595
vn -0.8809 0.0488 0.4708
vn -0.2153 0.9698 0.1151
vn -0.2153 -0.9698 0.1151
vn -0.8809 -0.0488 0.4708
vn -0.2984 0.9410 0.1595
vn -0.1300 -0.9891 0.0695
vn -0.8725 -0.1460 0.4663
vn -0.3786 0.9032 0.2023
vn -0.0435 -0.9988 0.0232
vn -0.8557 -0.2419 0.4574
vn -0.4550 0.8566 0.2432
vn -0.8308 -0.3354 0.4441
vn -0.5270 0.8018 0.2817
vn -0.7979 -0.4259 0.4265
vn -0.5938 0.7393 0.3174
vn -0.7574 -0.5123 0.4048
vn -0.6549 0.6698 0.3500
vn -0.7096 -0.5938 0.3793
vn -0.7096 0.5938 0.3793
vn -0.6549 -0.6698 0.3500
vn -0.7574 0.5123 0.4048
vn -0.5938 -0.7393 0.3174
vn -0.7979 0.4259 0.4265
vn -0.5270 -0.8018 0.2817
vn -0.8308 0.3354 0.4441
vn -0.1411 0.9891 0.0428
vn -0.3238 -0.9410 0.0982
vn -0.9558 0.0488 0.2899
vn -0.2336 0.9698 0.0709
vn -0.2336 -0.9698 0.0709
vn -0.9558 -0.0488 0.2899
vn -0.3238 0.9410 0.0982
vn -0.1411 -0.9891 0.0428
vn -0.9467 -0.1460 0.2872
vn -0.4108 0.9032 0.1246
vn -0.0472 -0.9988 0.0143
vn -0.9285 -0.2419 0.2817
vn -0.4937 0.8566 0.1498
vn -0.9015 -0.3355 0.2735
vn -0.5718 0.8018 0.1735
vn -0.8658 -0.4259 0.2626
vn -0.6443 0.7393 0.1955
vn -0.8218 -0.5123 0.2493
vn -0.7106 0.6698 0.2156
vn -0.7699 -0.5938 0.2336
vn -0.7699 0.5938 0.2336
vn -0.7106 -0.6698 0.2156
vn -0.8218 0.5123 0.2493
vn -0.6443 -0.7393 0.1955
vn -0.8658 0.4259 0.2626
vn -0.5718 -0.8018 0.1735
vn -0.9015 0.3355 0.2735
vn -0.4937 -0.8566 0.1498
vn -0.9285 0.2419 0.2817
vn -0.0472 0.9988 0.0143
vn -0.4108 -0.9032 0.1246
vn -0.9467 0.1460 0.2872
vn -0.3367 0.9410 0.0332
vn -0.1467 -0.9891 0.0145
vn -0.9845 -0.1460 0.0970
vn -0.4272 0.9032 0.0421
vn -0.0491 -0.9988 0.0048
vn -0.9656 -0.2419 0.0951
vn -0.5134 0.8566 0.0506
vn -0.9375 -0.3354 0.0923
vn -0.5947 0.8018 0.0586
vn -0.9004 -0.4259 0.0887
vn -0.6701 0.7393 0.0660
vn -0.8547 -0.5123 0.0842
vn -0.7390 0.6698 0.0728
vn -0.8007 -0.5938 0.0789
vn -0.8007 0.5938 0.0789
vn -0.7390 -0.6698 0.0728
vn -0.8547 0.5123 0.0842
vn -0.6701 -0.7393 0.0660
vn -0.9004 0.4259 0.0887
vn -0.5947 -0.8018 0.0586
vn -0.9375 0.3354 0.0923
vn -0.5134 -0.8566 0.0506
vn -0.9656 0.2419 0.0951
vn -0.0491 0.9988 0.0048
vn -0.4272 -0.9032 0.0421
vn -0.9845 0.1460 0.0970
vn -0.1467 0.9891 0.0145
vn -0.3367 -0.9410 0.0332
vn -0.9940 0.0488 0.0979
vn -0.2429 0.9698 0.0239
vn -0.2429 -0.9698 0.0239
vn -0.9940 -0.0488 0.0979
vn -0.5134 0.8566 -0.0506
vn -0.9375 -0.3354 -0.0923
vn -0.5947 0.8018 -0.0586
vn -0.9004 -0.4259 -0.0887
vn -0.6701 0.7393 -0.0660
vn -0.8547 -0.5123 -0.0842
vn -0.7390 0.6698 -0.0728
vn -0.8007 -0.5938 -0.0789
vn -0.8007 0.5938 -0.0789
vn -0.7390 -0.6698 -0.0728
vn -0.8547 0.5123 -0.0842
vn -0.6701 -0.7393 -0.0660
vn -0.9004 0.4259 -0.0887
vn -0.5947 -0.8018 -0.0586
vn -0.9375 0.3354 -0.0923
vn -0.5134 -0.8566 -0.0506
vn -0.9656 0.2419 -0.0951
vn -0.0491 0.9988 -0.0048
vn -0.4272 -0.9032 -0.0421
vn -0.9845 0.1460 -0.0970
vn -0.1467 0.9891 -0.0145
vn -0.3367 -0.9410 -0.0332
vn -0.9940 0.0488 -0.0979
vn -0.2429 0.9698 -0.0239
vn -0.2429 -0.9698 -0.0239
vn -0.9940 -0.0488 -0.0979
vn -0.3367 0.9410 -0.0332
vn -0.1467 -0.9891 -0.0145
vn -0.9845 -0.1460 -0.0970
vn -0.4272 0.9032 -0.0421
vn -0.0491 -0.9988 -0.0048
vn -0.9656 -0.2419 -0.0951
vn -0.6443 0.7393 -0.1955
vn -0.8218 -0.5123 -0.2493
vn -0.7106 0.6698 -0.2156
vn -0.7699 -0.5938 -0.2336
vn -0.7699 0.5938 -0.2336
vn -0.7106 -0.6698 -0.2156
vn -0.8218 0.5123 -0.2493
vn -0.6443 -0.7393 -0.1955
vn -0.8658 0.4259 -0.2626
vn -0.5718 -0.8018 -0.1735
vn -0.9015 0.3354 -0.2735
vn -0.4937 -0.8566 -0.1498
vn -0.9285 0.2419 -0.2817
vn -0.0472 0.9988 -0.0143
vn -0.4108 -0.9032 -0.1246
vn -0.9467 0.1460 -0.2872
vn -0.1411 0.9891 -0.0428
vn -0.3238 -0.9410 -0.0982
vn -0.9558 0.0488 -0.2899
vn -0.2336 0.9698 -0.0709
vn -0.2336 -0.9698 -0.0709
vn -0.9558 -0.0488 -0.2899
vn -0.3238 0.9410 -0.0982
vn -0.1411 -0.9891 -0.0428
vn -0.9467 -0.1460 -0.2872
vn -0.4108 0.9032 -0.1246
vn -0.0472 -0.9988 -0.0143
vn -0.9285 -0.2419 -0.2817
vn -0.4937 0.8566 -0.1498
vn -0.9015 -0.3354 -0.2735
vn -0.5718 0.8018 -0.1735
vn -0.8658 -0.4259 -0.2626
vn -0.6549 -0.6698 -0.3500
vn -0.7574 0.5123 -0.4048
vn -0.5938 -0.7393 -0.3174
vn -0.7979 0.4259 -0.4265
vn -0.5270 -0.8018 -0.2817
vn -0.8308 0.3354 -0.4441
vn -0.4550 -0.8566 -0.2432
vn -0.8557 0.2419 -0.4574
vn -0.0435 0.9988 -0.0232
vn -0.3786 -0.9032 -0.2023
vn -0.8725 0.1460 -0.4663
vn -0.1300 0.9891 -0.0695
vn -0.2984 -0.9410 -0.1595
vn -0.8809 0.0488 -0.4708
vn -0.2153 0.9698 -0.1151
vn -0.2153 -0.9698 -0.1151
vn -0.8809 -0.0488 -0.4708
vn -0.2984 0.9410 -0.1595
vn -0.1300 -0.9891 -0.0695
vn -0.8725 -0.1460 -0.4663
vn -0.3786 0.9032 -0.2023
vn -0.0435 -0.9988 -0.0232
vn -0.8557 -0.2419 -0.4574
vn -0.4550 0.8566 -0.2432
vn -0.8308 -0.3354 -0.4441
vn -0.5270 0.8018 -0.2817
vn -0.7979 -0.4259 -0.4265
vn -0.5938 0.7393 -0.3174
vn -0.7574 -0.5123 -0.4048
vn -0.6549 0.6698 -0.3500
vn -0.7096 -0.5938 -0.3793
vn -0.7096 0.5938 -0.3793
vn -0.4619 -0.8018 -0.3791
vn -0.7282 0.3354 -0.5976
vn -0.3988 -0.8566 -0.3273
vn -0.7501 0.2419 -0.6156
vn -0.0381 0.9988 -0.0313
vn -0.3318 -0.9032 -0.2723
vn -0.7647 0.1460 -0.6276
vn -0.1140 0.9891 -0.0935
vn -0.2615 -0.9410 -0.2146
vn -0.7721 0.0488 -0.6336
vn -0.1887 0.9698 -0.1548
vn -0.1887 -0.9698 -0.1548
vn -0.7721 -0.0488 -0.6336
vn -0.2615 0.9410 -0.2146
vn -0.1140 -0.9891 -0.0935
vn -0.7647 -0.1460 -0.6276
vn -0.3318 0.9032 -0.2723
vn -0.0381 -0.9988 -0.0313
vn -0.7501 -0.2419 -0.6156
vn -0.3988 0.8566 -0.3273
vn -0.7282 -0.3354 -0.5976
vn -0.4619 0.8018 -0.3791
vn -0.6994 -0.4259 -0.5740
vn -0.5205 0.7393 -0.4272
vn -0.6639 -0.5123 -0.5448
vn -0.5740 0.6698 -0.4711
vn -0.6219 -0.5938 -0.5104
vn -0.6219 0.5938 -0.5104
vn -0.5740 -0.6698 -0.4711
vn -0.6639 0.5123 -0.5448
vn -0.5205 -0.7393 -0.4272
vn -0.6994 0.4259 -0.5740
vn -0.0313 0.9988 -0.0381
vn -0.2723 -0.9032 -0.3318
vn -0.6276 0.1460 -0.7647
vn -0.0935 0.9891 -0.1140
vn -0.2146 -0.9410 -0.2615
vn -0.6336 0.0488 -0.7721
vn -0.1548 0.9698 -0.1887
vn -0.1548 -0.9698 -0.1887
vn -0.6336 -0.0488 -0.7721
vn -0.2146 0.9410 -0.2615
vn -0.0935 -0.9891 -0.1140
vn -0.6276 -0.1460 -0.7647
vn -0.2723 0.9032 -0.3318
vn -0.0313 -0.9988 -0.0381
vn -0.6156 -0.2419 -0.7501
vn -0.3273 0.8566 -0.3988
vn -0.5976 -0.3354 -0.7282
vn -0.3791 0.8018 -0.4619
vn -0.5740 -0.4259 -0.6994
vn -0.4272 0.7393 -0.5205
vn -0.5448 -0.5123 -0.6639
vn -0.4711 0.6698 -0.5740
vn -0.5104 -0.5938 -0.6220
vn -0.5104 0.5938 -0.6220
vn -0.4711 -0.6698 -0.5740
vn -0.5448 0.5123 -0.6639
vn -0.4272 -0.7393 -0.5205
vn -0.5740 0.4259 -0.6994
vn -0.3791 -0.8018 -0.4619
vn -0.5976 0.3354 -0.7282
vn -0.3273 -0.8566 -0.3988
vn -0.6156 0.2419 -0.7501
vn -0.1151 0.9698 -0.2153
vn -0.1151 -0.9698 -0.2153
vn -0.4708 -0.0488 -0.8809
vn -0.1595 0.9410 -0.2984
vn -0.0695 -0.9891 -0.1300
vn -0.4663 -0.1460 -0.8725
vn -0.2023 0.9032 -0.3786
vn -0.0232 -0.9988 -0.0435
vn -0.4574 -0.2419 -0.8557
vn -0.2432 0.8566 -0.4550
vn -0.4441 -0.3354 -0.8308
vn -0.2817 0.8018 -0.5270
vn -0.4265 -0.4259 -0.7979
vn -0.3174 0.7393 -0.5938
vn -0.4048 -0.5123 -0.7574
vn -0.3500 0.6698 -0.6549
vn -0.3793 -0.5938 -0.7096
vn -0.3793 0.5938 -0.7096
vn -0.3500 -0.6698 -0.6549
vn -0.4048 0.5123 -0.7574
vn -0.3174 -0.7393 -0.5938
vn -0.4265 0.4259 -0.7979
vn -0.2817 -0.8018 -0.5270
vn -0.4441 0.3354 -0.8308
vn -0.2432 -0.8566 -0.4550
vn -0.4574 0.2419 -0.8557
vn -0.0232 0.9988 -0.0435
vn -0.2023 -0.9032 -0.3786
vn -0.4663 0.1460 -0.8725
vn -0.0695 0.9891 -0.1300
vn -0.1595 -0.9410 -0.2984
vn -0.4708 0.0488 -0.8809
vn -0.1246 0.9032 -0.4108
vn -0.0143 -0.9988 -0.0472
vn -0.2817 -0.2419 -0.9285
vn -0.1498 0.8566 -0.4937
vn -0.2735 -0.3354 -0.9015
vn -0.1735 0.8018 -0.5718
vn -0.2626 -0.4259 -0.8658
vn -0.1955 0.7393 -0.6443
vn -0.2493 -0.5123 -0.8218
vn -0.2156 0.6698 -0.7106
vn -0.2336 -0.5938 -0.7699
vn -0.2336 0.5938 -0.7699
vn -0.2156 -0.6698 -0.7106
vn -0.2493 0.5123 -0.8218
vn -0.1955 -0.7393 -0.6443
vn -0.2626 0.4259 -0.8658
vn -0.1735 -0.8018 -0.5718
vn -0.2735 0.3354 -0.9015
vn -0.1498 -0.8566 -0.4937
vn -0.2817 0.2419 -0.9285
vn -0.0143 0.9988 -0.0472
vn -0.1246 -0.9032 -0.4108
vn -0.2872 0.1460 -0.9467
vn -0.0428 0.9891 -0.1411
vn -0.0982 -0.9410 -0.3238
vn -0.2899 0.0488 -0.9558
vn -0.0709 0.9698 -0.2336
vn -0.0709 -0.9698 -0.2336
vn -0.2899 -0.0488 -0.9558
vn -0.0982 0.9410 -0.3238
vn -0.0428 -0.9891 -0.1411
vn -0.2872 -0.1460 -0.9467
vn -0.0586 0.8018 -0.5947
vn -0.0887 -0.4259 -0.9004
vn -0.0660 0.7393 -0.6701
vn -0.0842 -0.5123 -0.8547
vn -0.0728 0.6698 -0.7390
vn -0.0789 -0.5938 -0.8007
vn -0.0789 0.5938 -0.8007
vn -0.0728 -0.6698 -0.7390
vn -0.0842 0.5123 -0.8547
vn -0.0660 -0.7393 -0.6701
vn -0.0887 0.4259 -0.9004
vn -0.0586 -0.8018 -0.5947
vn -0.0923 0.3354 -0.9375
vn -0.0506 -0.8566 -0.5134
vn -0.0951 0.2419 -0.9656
vn -0.0048 0.9988 -0.0491
vn -0.0421 -0.9032 -0.4272
vn -0.0970 0.1460 -0.9845
vn -0.0144 0.9891 -0.1467
vn -0.0332 -0.9410 -0.3367
vn -0.0979 0.0488 -0.9940
vn -0.0239 0.9698 -0.2429
vn -0.0239 -0.9698 -0.2429
vn -0.0979 -0.0488 -0.9940
vn -0.0332 0.9410 -0.3367
vn -0.0144 -0.9891 -0.1467
vn -0.0970 -0.1460 -0.9845
vn -0.0421 0.9032 -0.4272
vn -0.0048 -0.9988 -0.0491
vn -0.0951 -0.2419 -0.9656
vn -0.0506 0.8566 -0.5134
vn -0.0923 -0.3354 -0.9375
vt 0.734375 0.000000
vt 0.750000 0.031250
vt 0.718750 0.031250
vt 0.750000 0.406250
vt 0.750000 0.437500
vt 0.718750 0.437500
vt 0.718750 0.406250
vt 0.750000 0.812500
vt 0.750000 0.843750
vt 0.718750 0.843750
vt 0.718750 0.812500
vt 0.750000 0.375000
vt 0.718750 0.375000
vt 0.750000 0.781250
vt 0.718750 0.781250
vt 0.750000 0.343750
vt 0.718750 0.343750
vt 0.750000 0.750000
vt 0.718750 0.750000
vt 0.750000 0.312500
vt 0.718750 0.312500
vt 0.750000 0.718750
vt 0.718750 0.718750
vt 0.750000 0.281250
vt 0.718750 0.281250
vt 0.750000 0.687500
vt 0.718750 0.687500
vt 0.750000 0.250000
vt 0.718750 0.250000
vt 0.750000 0.656250
vt 0.718750 0.656250
vt 0.750000 0.218750
vt 0.718750 0.218750
vt 0.750000 0.625000
vt 0.718750 0.625000
vt 0.750000 0.187500
vt 0.718750 0.187500
vt 0.750000 0.593750
vt 0.718750 0.593750
vt 0.750000 0.156250
vt 0.718750 0.156250
vt 0.750000 0.562500
vt 0.718750 0.562500
vt 0.750000 0.968750
vt 0.734375 1.000000
vt 0.718750 0.968750
vt 0.750000 0.125000
vt 0.718750 0.125000
vt 0.750000 0.531250
vt 0.718750 0.531250
vt 0.750000 0.937500
vt 0.718750 0.937500
vt 0.750000 0.093750
vt 0.718750 0.093750
vt 0.750000 0.500000
vt 0.718750 0.500000
vt 0.750000 0.906250
vt 0.718750 0.906250
vt 0.750000 0.062500
vt 0.718750 0.062500
vt 0.750000 0.468750
vt 0.718750 0.468750
vt 0.750000 0.875000
vt 0.718750 0.875000
vt 0.687500 0.187500
vt 0.687500 0.156250
vt 0.687500 0.593750
vt 0.687500 0.562500
vt 0.703125 1.000000
vt 0.687500 0.968750
vt 0.687500 0.125000
vt 0.687500 0.531250
vt 0.687500 0.937500
vt 0.687500 0.093750
vt 0.687500 0.500000
vt 0.687500 0.906250
vt 0.687500 0.062500
vt 0.687500 0.468750
vt 0.687500 0.875000
vt 0.687500 0.031250
vt 0.687500 0.437500
vt 0.687500 0.843750
vt 0.703125 0.000000
vt 0.687500 0.406250
vt 0.687500 0.812500
vt 0.687500 0.375000
vt 0.687500 0.781250
vt 0.687500 0.343750
vt 0.687500 0.750000
vt 0.687500 0.312500
vt 0.687500 0.718750
vt 0.687500 0.281250
vt 0.687500 0.687500
vt 0.687500 0.250000
vt 0.687500 0.656250
vt 0.687500 0.218750
vt 0.687500 0.625000
vt 0.656250 0.968750
vt 0.656250 0.937500
vt 0.656250 0.125000
vt 0.656250 0.093750
vt 0.656250 0.531250
vt 0.656250 0.500000
vt 0.656250 0.906250
vt 0.656250 0.062500
vt 0.656250 0.468750
vt 0.656250 0.875000
vt 0.656250 0.031250
vt 0.656250 0.437500
vt 0.656250 0.843750
vt 0.671875 0.000000
vt 0.656250 0.406250
vt 0.656250 0.812500
vt 0.656250 0.375000
vt 0.656250 0.781250
vt 0.656250 0.343750
vt 0.656250 0.750000
vt 0.656250 0.312500
vt 0.656250 0.718750
vt 0.656250 0.281250
vt 0.656250 0.687500
vt 0.656250 0.250000
vt 0.656250 0.656250
vt 0.656250 0.218750
vt 0.656250 0.625000
vt 0.656250 0.187500
vt 0.656250 0.593750
vt 0.656250 0.156250
vt 0.656250 0.562500
vt 0.671875 1.000000
vt 0.625000 0.906250
vt 0.625000 0.875000
vt 0.625000 0.062500
vt 0.625000 0.031250
vt 0.625000 0.468750
vt 0.625000 0.437500
vt 0.625000 0.843750
vt 0.640625 0.000000
vt 0.625000 0.406250
vt 0.625000 0.812500
vt 0.625000 0.375000
vt 0.625000 0.781250
vt 0.625000 0.343750
vt 0.625000 0.750000
vt 0.625000 0.312500
vt 0.625000 0.718750
vt 0.625000 0.281250
vt 0.625000 0.687500
vt 0.625000 0.250000
vt 0.625000 0.656250
vt 0.625000 0.218750
vt 0.625000 0.625000
vt 0.625000 0.187500
vt 0.625000 0.593750
vt 0.625000 0.156250
vt 0.625000 0.562500
vt 0.640625 1.000000
vt 0.625000 0.968750
vt 0.625000 0.125000
vt 0.625000 0.531250
vt 0.625000 0.937500
vt 0.625000 0.093750
vt 0.625000 0.500000
vt 0.593750 0.843750
vt 0.593750 0.812500
vt 0.593750 0.406250
vt 0.593750 0.375000
vt 0.593750 0.781250
vt 0.593750 0.343750
vt 0.593750 0.750000
vt 0.593750 0.312500
vt 0.593750 0.718750
vt 0.593750 0.281250
vt 0.593750 0.687500
vt 0.593750 0.250000
vt 0.593750 0.656250
vt 0.593750 0.218750
vt 0.593750 0.625000
vt 0.593750 0.187500
vt 0.593750 0.593750
vt 0.593750 0.156250
vt 0.593750 0.562500
vt 0.609375 1.000000
vt 0.593750 0.968750
vt 0.593750 0.125000
vt 0.593750 0.531250
vt 0.593750 0.937500
vt 0.593750 0.093750
vt 0.593750 0.500000
vt 0.593750 0.906250
vt 0.593750 0.062500
vt 0.593750 0.468750
vt 0.593750 0.875000
vt 0.593750 0.031250
vt 0.593750 0.437500
vt 0.609375 0.000000
vt 0.562500 0.781250
vt 0.562500 0.750000
vt 0.562500 0.343750
vt 0.562500 0.312500
vt 0.562500 0.718750
vt 0.562500 0.281250
vt 0.562500 0.687500
vt 0.562500 0.250000
vt 0.562500 0.656250
vt 0.562500 0.218750
vt 0.562500 0.625000
vt 0.562500 0.187500
vt 0.562500 0.593750
vt 0.562500 0.156250
vt 0.562500 0.562500
vt 0.578125 1.000000
vt 0.562500 0.968750
vt 0.562500 0.125000
vt 0.562500 0.531250
vt 0.562500 0.937500
vt 0.562500 0.093750
vt 0.562500 0.500000
vt 0.562500 0.906250
vt 0.562500 0.062500
vt 0.562500 0.468750
vt 0.562500 0.875000
vt 0.562500 0.031250
vt 0.562500 0.437500
vt 0.562500 0.843750
vt 0.578125 0.000000
vt 0.562500 0.406250
vt 0.562500 0.812500
vt 0.562500 0.375000
vt 0.531250 0.718750
vt 0.531250 0.687500
vt 0.531250 0.281250
vt 0.531250 0.250000
vt 0.531250 0.656250
vt 0.531250 0.218750
vt 0.531250 0.625000
vt 0.531250 0.187500
vt 0.531250 0.593750
vt 0.531250 0.156250
vt 0.531250 0.562500
vt 0.546875 1.000000
vt 0.531250 0.968750
vt 0.531250 0.125000
vt 0.531250 0.531250
vt 0.531250 0.937500
vt 0.531250 0.093750
vt 0.531250 0.500000
vt 0.531250 0.906250
vt 0.531250 0.062500
vt 0.531250 0.468750
vt 0.531250 0.875000
vt 0.531250 0.031250
vt 0.531250 0.437500
vt 0.531250 0.843750
vt 0.546875 0.000000
vt 0.531250 0.406250
vt 0.531250 0.812500
vt 0.531250 0.375000
vt 0.531250 0.781250
vt 0.531250 0.343750
vt 0.531250 0.750000
vt 0.531250 0.312500
vt 0.500000 0.656250
vt 0.500000 0.625000
vt 0.500000 0.218750
vt 0.500000 0.187500
vt 0.500000 0.593750
vt 0.500000 0.156250
vt 0.500000 0.562500
vt 0.515625 1.000000
vt 0.500000 0.968750
vt 0.500000 0.125000
vt 0.500000 0.531250
vt 0.500000 0.937500
vt 0.500000 0.093750
vt 0.500000 0.500000
vt 0.500000 0.906250
vt 0.500000 0.062500
vt 0.500000 0.468750
vt 0.500000 0.875000
vt 0.500000 0.031250
vt 0.500000 0.437500
vt 0.500000 0.843750
vt 0.515625 0.000000
vt 0.500000 0.406250
vt 0.500000 0.812500
vt 0.500000 0.375000
vt 0.500000 0.781250
vt 0.500000 0.343750
vt 0.500000 0.750000
vt 0.500000 0.312500
vt 0.500000 0.718750
vt 0.500000 0.281250
vt 0.500000 0.687500
vt 0.500000 0.250000
vt 0.468750 0.593750
vt 0.468750 0.562500
vt 0.484375 1.000000
vt 0.468750 0.968750
vt 0.468750 0.156250
vt 0.468750 0.125000
vt 0.468750 0.531250
vt 0.468750 0.937500
vt 0.468750 0.093750
vt 0.468750 0.500000
vt 0.468750 0.906250
vt 0.468750 0.062500
vt 0.468750 0.468750
vt 0.468750 0.875000
vt 0.468750 0.031250
vt 0.468750 0.437500
vt 0.468750 0.843750
vt 0.484375 0.000000
vt 0.468750 0.406250
vt 0.468750 0.812500
vt 0.468750 0.375000
vt 0.468750 0.781250
vt 0.468750 0.343750
vt 0.468750 0.750000
vt 0.468750 0.312500
vt 0.468750 0.718750
vt 0.468750 0.281250
vt 0.468750 0.687500
vt 0.468750 0.250000
vt 0.468750 0.656250
vt 0.468750 0.218750
vt 0.468750 0.625000
vt 0.468750 0.187500
vt 0.437500 0.531250
vt 0.437500 0.500000
vt 0.437500 0.937500
vt 0.437500 0.906250
vt 0.437500 0.093750
vt 0.437500 0.062500
vt 0.437500 0.468750
vt 0.437500 0.875000
vt 0.437500 0.031250
vt 0.437500 0.437500
vt 0.437500 0.843750
vt 0.453125 0.000000
vt 0.437500 0.406250
vt 0.437500 0.812500
vt 0.437500 0.375000
vt 0.437500 0.781250
vt 0.437500 0.343750
vt 0.437500 0.750000
vt 0.437500 0.312500
vt 0.437500 0.718750
vt 0.437500 0.281250
vt 0.437500 0.687500
vt 0.437500 0.250000
vt 0.437500 0.656250
vt 0.437500 0.218750
vt 0.437500 0.625000
vt 0.437500 0.187500
vt 0.437500 0.593750
vt 0.437500 0.156250
vt 0.437500 0.562500
vt 0.453125 1.000000
vt 0.437500 0.968750
vt 0.437500 0.125000
vt 0.406250 0.468750
vt 0.406250 0.437500
vt 0.406250 0.875000
vt 0.406250 0.843750
vt 0.421875 0.000000
vt 0.406250 0.031250
vt 0.406250 0.406250
vt 0.406250 0.812500
vt 0.406250 0.375000
vt 0.406250 0.781250
vt 0.406250 0.343750
vt 0.406250 0.750000
vt 0.406250 0.312500
vt 0.406250 0.718750
vt 0.406250 0.281250
vt 0.406250 0.687500
vt 0.406250 0.250000
vt 0.406250 0.656250
vt 0.406250 0.218750
vt 0.406250 0.625000
vt 0.406250 0.187500
vt 0.406250 0.593750
vt 0.406250 0.156250
vt 0.406250 0.562500
vt 0.421875 1.000000
vt 0.406250 0.968750
vt 0.406250 0.125000
vt 0.406250 0.531250
vt 0.406250 0.937500
vt 0.406250 0.093750
vt 0.406250 0.500000
vt 0.406250 0.906250
vt 0.406250 0.062500
vt 0.375000 0.406250
vt 0.375000 0.375000
vt 0.375000 0.812500
vt 0.375000 0.781250
vt 0.375000 0.343750
vt 0.375000 0.750000
vt 0.375000 0.312500
vt 0.375000 0.718750
vt 0.375000 0.281250
vt 0.375000 0.687500
vt 0.375000 0.250000
vt 0.375000 0.656250
vt 0.375000 0.218750
vt 0.375000 0.625000
vt 0.375000 0.187500
vt 0.375000 0.593750
vt 0.375000 0.156250
vt 0.375000 0.562500
vt 0.390625 1.000000
vt 0.375000 0.968750
vt 0.375000 0.125000
vt 0.375000 0.531250
vt 0.375000 0.937500
vt 0.375000 0.093750
vt 0.375000 0.500000
vt 0.375000 0.906250
vt 0.375000 0.062500
vt 0.375000 0.468750
vt 0.375000 0.875000
vt 0.375000 0.031250
vt 0.375000 0.437500
vt 0.375000 0.843750
vt 0.390625 0.000000
vt 0.343750 0.343750
vt 0.343750 0.312500
vt 0.343750 0.750000
vt 0.343750 0.718750
vt 0.343750 0.281250
vt 0.343750 0.687500
vt 0.343750 0.250000
vt 0.343750 0.656250
vt 0.343750 0.218750
vt 0.343750 0.625000
vt 0.343750 0.187500
vt 0.343750 0.593750
vt 0.343750 0.156250
vt 0.343750 0.562500
vt 0.359375 1.000000
vt 0.343750 0.968750
vt 0.343750 0.125000
vt 0.343750 0.531250
vt 0.343750 0.937500
vt 0.343750 0.093750
vt 0.343750 0.500000
vt 0.343750 0.906250
vt 0.343750 0.062500
vt 0.343750 0.468750
vt 0.343750 0.875000
vt 0.343750 0.031250
vt 0.343750 0.437500
vt 0.343750 0.843750
vt 0.359375 0.000000
vt 0.343750 0.406250
vt 0.343750 0.812500
vt 0.343750 0.375000
vt 0.343750 0.781250
vt 0.312500 0.281250
vt 0.312500 0.250000
vt 0.312500 0.687500
vt 0.312500 0.656250
vt 0.312500 0.218750
vt 0.312500 0.625000
vt 0.312500 0.187500
vt 0.312500 0.593750
vt 0.312500 0.156250
vt 0.312500 0.562500
vt 0.328125 1.000000
vt 0.312500 0.968750
vt 0.312500 0.125000
vt 0.312500 0.531250
vt 0.312500 0.937500
vt 0.312500 0.093750
vt 0.312500 0.500000
vt 0.312500 0.906250
vt 0.312500 0.062500
vt 0.312500 0.468750
vt 0.312500 0.875000
vt 0.312500 0.031250
vt 0.312500 0.437500
vt 0.312500 0.843750
vt 0.328125 0.000000
vt 0.312500 0.406250
vt 0.312500 0.812500
vt 0.312500 0.375000
vt 0.312500 0.781250
vt 0.312500 0.343750
vt 0.312500 0.750000
vt 0.312500 0.312500
vt 0.312500 0.718750
vt 0.281250 0.218750
vt 0.281250 0.187500
vt 0.281250 0.625000
vt 0.281250 0.593750
vt 0.281250 0.156250
vt 0.281250 0.562500
vt 0.296875 1.000000
vt 0.281250 0.968750
vt 0.281250 0.125000
vt 0.281250 0.531250
vt 0.281250 0.937500
vt 0.281250 0.093750
vt 0.281250 0.500000
vt 0.281250 0.906250
vt 0.281250 0.062500
vt 0.281250 0.468750
vt 0.281250 0.875000
vt 0.281250 0.031250
vt 0.281250 0.437500
vt 0.281250 0.843750
vt 0.296875 0.000000
vt 0.281250 0.406250
vt 0.281250 0.812500
vt 0.281250 0.375000
vt 0.281250 0.781250
vt 0.281250 0.343750
vt 0.281250 0.750000
vt 0.281250 0.312500
vt 0.281250 0.718750
vt 0.281250 0.281250
vt 0.281250 0.687500
vt 0.281250 0.250000
vt 0.281250 0.656250
vt 0.250000 0.156250
vt 0.250000 0.125000
vt 0.250000 0.562500
vt 0.250000 0.531250
vt 0.250000 0.968750
vt 0.250000 0.937500
vt 0.250000 0.093750
vt 0.250000 0.500000
vt 0.250000 0.906250
vt 0.250000 0.062500
vt 0.250000 0.468750
vt 0.250000 0.875000
vt 0.250000 0.031250
vt 0.250000 0.437500
vt 0.250000 0.843750
vt 0.265625 0.000000
vt 0.250000 0.406250
vt 0.250000 0.812500
vt 0.250000 0.375000
vt 0.250000 0.781250
vt 0.250000 0.343750
vt 0.250000 0.750000
vt 0.250000 0.312500
vt 0.250000 0.718750
vt 0.250000 0.281250
vt 0.250000 0.687500
vt 0.250000 0.250000
vt 0.250000 0.656250
vt 0.250000 0.218750
vt 0.250000 0.625000
vt 0.250000 0.187500
vt 0.250000 0.593750
vt 0.265625 1.000000
vt 0.218750 0.093750
vt 0.218750 0.062500
vt 0.218750 0.500000
vt 0.218750 0.468750
vt 0.218750 0.906250
vt 0.218750 0.875000
vt 0.218750 0.031250
vt 0.218750 0.437500
vt 0.218750 0.843750
vt 0.234375 0.000000
vt 0.218750 0.406250
vt 0.218750 0.812500
vt 0.218750 0.375000
vt 0.218750 0.781250
vt 0.218750 0.343750
vt 0.218750 0.750000
vt 0.218750 0.312500
vt 0.218750 0.718750
vt 0.218750 0.281250
vt 0.218750 0.687500
vt 0.218750 0.250000
vt 0.218750 0.656250
vt 0.218750 0.218750
vt 0.218750 0.625000
vt 0.218750 0.187500
vt 0.218750 0.593750
vt 0.218750 0.156250
vt 0.218750 0.562500
vt 0.234375 1.000000
vt 0.218750 0.968750
vt 0.218750 0.125000
vt 0.218750 0.531250
vt 0.218750 0.937500
vt 0.203125 0.000000
vt 0.187500 0.031250
vt 0.187500 0.437500
vt 0.187500 0.406250
vt 0.187500 0.843750
vt 0.187500 0.812500
vt 0.187500 0.375000
vt 0.187500 0.781250
vt 0.187500 0.343750
vt 0.187500 0.750000
vt 0.187500 0.312500
vt 0.187500 0.718750
vt 0.187500 0.281250
vt 0.187500 0.687500
vt 0.187500 0.250000
vt 0.187500 0.656250
vt 0.187500 0.218750
vt 0.187500 0.625000
vt 0.187500 0.187500
vt 0.187500 0.593750
vt 0.187500 0.156250
vt 0.187500 0.562500
vt 0.203125 1.000000
vt 0.187500 0.968750
vt 0.187500 0.125000
vt 0.187500 0.531250
vt 0.187500 0.937500
vt 0.187500 0.093750
vt 0.187500 0.500000
vt 0.187500 0.906250
vt 0.187500 0.062500
vt 0.187500 0.468750
vt 0.187500 0.875000
vt 0.156250 0.375000
vt 0.156250 0.343750
vt 0.156250 0.781250
vt 0.156250 0.750000
vt 0.156250 0.312500
vt 0.156250 0.718750
vt 0.156250 0.281250
vt 0.156250 0.687500
vt 0.156250 0.250000
vt 0.156250 0.656250
vt 0.156250 0.218750
vt 0.156250 0.625000
vt 0.156250 0.187500
vt 0.156250 0.593750
vt 0.156250 0.156250
vt 0.156250 0.562500
vt 0.171875 1.000000
vt 0.156250 0.968750
vt 0.156250 0.125000
vt 0.156250 0.531250
vt 0.156250 0.937500
vt 0.156250 0.093750
vt 0.156250 0.500000
vt 0.156250 0.906250
vt 0.156250 0.062500
vt 0.156250 0.468750
vt 0.156250 0.875000
vt 0.156250 0.031250
vt 0.156250 0.437500
vt 0.156250 0.843750
vt 0.171875 0.000000
vt 0.156250 0.406250
vt 0.156250 0.812500
vt 0.125000 0.312500
vt 0.125000 0.281250
vt 0.125000 0.718750
vt 0.125000 0.687500
vt 0.125000 0.250000
vt 0.125000 0.656250
vt 0.125000 0.218750
vt 0.125000 0.625000
vt 0.125000 0.187500
vt 0.125000 0.593750
vt 0.125000 0.156250
vt 0.125000 0.562500
vt 0.140625 1.000000
vt 0.125000 0.968750
vt 0.125000 0.125000
vt 0.125000 0.531250
vt 0.125000 0.937500
vt 0.125000 0.093750
vt 0.125000 0.500000
vt 0.125000 0.906250
vt 0.125000 0.062500
vt 0.125000 0.468750
vt 0.125000 0.875000
vt 0.125000 0.031250
vt 0.125000 0.437500
vt 0.125000 0.843750
vt 0.140625 0.000000
vt 0.125000 0.406250
vt 0.125000 0.812500
vt 0.125000 0.375000
vt 0.125000 0.781250
vt 0.125000 0.343750
vt 0.125000 0.750000
vt 0.093750 0.250000
vt 0.093750 0.218750
vt 0.093750 0.656250
vt 0.093750 0.625000
vt 0.093750 0.187500
vt 0.093750 0.593750
vt 0.093750 0.156250
vt 0.093750 0.562500
vt 0.109375 1.000000
vt 0.093750 0.968750
vt 0.093750 0.125000
vt 0.093750 0.531250
vt 0.093750 0.937500
vt 0.093750 0.093750
vt 0.093750 0.500000
vt 0.093750 0.906250
vt 0.093750 0.062500
vt 0.093750 0.468750
vt 0.093750 0.875000
vt 0.093750 0.031250
vt 0.093750 0.437500
vt 0.093750 0.843750
vt 0.109375 0.000000
vt 0.093750 0.406250
vt 0.093750 0.812500
vt 0.093750 0.375000
vt 0.093750 0.781250
vt 0.093750 0.343750
vt 0.093750 0.750000
vt 0.093750 0.312500
vt 0.093750 0.718750
vt 0.093750 0.281250
vt 0.093750 0.687500
vt 0.062500 0.187500
vt 0.062500 0.156250
vt 0.062500 0.593750
vt 0.062500 0.562500
vt 0.078125 1.000000
vt 0.062500 0.968750
vt 0.062500 0.125000
vt 0.062500 0.531250
vt 0.062500 0.937500
vt 0.062500 0.093750
vt 0.062500 0.500000
vt 0.062500 0.906250
vt 0.062500 0.062500
vt 0.062500 0.468750
vt 0.062500 0.875000
vt 0.062500 0.031250
vt 0.062500 0.437500
vt 0.062500 0.843750
vt 0.078125 0.000000
vt 0.062500 0.406250
vt 0.062500 0.812500
vt 0.062500 0.375000
vt 0.062500 0.781250
vt 0.062500 0.343750
vt 0.062500 0.750000
vt 0.062500 0.312500
vt 0.062500 0.718750
vt 0.062500 0.281250
vt 0.062500 0.687500
vt 0.062500 0.250000
vt 0.062500 0.656250
vt 0.062500 0.218750
vt 0.062500 0.625000
vt 0.031250 0.968750
vt 0.031250 0.937500
vt 0.031250 0.125000
vt 0.031250 0.093750
vt 0.031250 0.531250
vt 0.031250 0.500000
vt 0.031250 0.906250
vt 0.031250 0.062500
vt 0.031250 0.468750
vt 0.031250 0.875000
vt 0.031250 0.031250
vt 0.031250 0.437500
vt 0.031250 0.843750
vt 0.046875 0.000000
vt 0.031250 0.406250
vt 0.031250 0.812500
vt 0.031250 0.375000
vt 0.031250 0.781250
vt 0.031250 0.343750
vt 0.031250 0.750000
vt 0.031250 0.312500
vt 0.031250 0.718750
vt 0.031250 0.281250
vt 0.031250 0.687500
vt 0.031250 0.250000
vt 0.031250 0.656250
vt 0.031250 0.218750
vt 0.031250 0.625000
vt 0.031250 0.187500
vt 0.031250 0.593750
vt 0.031250 0.156250
vt 0.031250 0.562500
vt 0.046875 1.000000
vt 0.000000 0.906250
vt 0.000000 0.875000
vt 0.000000 0.062500
vt 0.000000 0.031250
vt 0.000000 0.468750
vt 0.000000 0.437500
vt 0.000000 0.843750
vt 0.015625 0.000000
vt 0.000000 0.406250
vt 0.000000 0.812500
vt 0.000000 0.375000
vt 0.000000 0.781250
vt 0.000000 0.343750
vt 0.000000 0.750000
vt 0.000000 0.312500
vt 0.000000 0.718750
vt 0.000000 0.281250
vt 0.000000 0.687500
vt 0.000000 0.250000
vt 0.000000 0.656250
vt 0.000000 0.218750
vt 0.000000 0.625000
vt 0.000000 0.187500
vt 0.000000 0.593750
vt 0.000000 0.156250
vt 0.000000 0.562500
vt 0.015625 1.000000
vt 0.000000 0.968750
vt 0.000000 0.125000
vt 0.000000 0.531250
vt 0.000000 0.937500
vt 0.000000 0.093750
vt 0.000000 0.500000
vt 1.000000 0.812500
vt 1.000000 0.843750
vt 0.968750 0.843750
vt 0.968750 0.812500
vt 1.000000 0.375000
vt 1.000000 0.406250
vt 0.968750 0.406250
vt 0.968750 0.375000
vt 1.000000 0.781250
vt 0.968750 0.781250
vt 1.000000 0.343750
vt 0.968750 0.343750
vt 1.000000 0.750000
vt 0.968750 0.750000
vt 1.000000 0.312500
vt 0.968750 0.312500
vt 1.000000 0.718750
vt 0.968750 0.718750
vt 1.000000 0.281250
vt 0.968750 0.281250
vt 1.000000 0.687500
vt 0.968750 0.687500
vt 1.000000 0.250000
vt 0.968750 0.250000
vt 1.000000 0.656250
vt 0.968750 0.656250
vt 1.000000 0.218750
vt 0.968750 0.218750
vt 1.000000 0.625000
vt 0.968750 0.625000
vt 1.000000 0.187500
vt 0.968750 0.187500
vt 1.000000 0.593750
vt 0.968750 0.593750
vt 1.000000 0.156250
vt 0.968750 0.156250
vt 1.000000 0.562500
vt 0.968750 0.562500
vt 1.000000 0.968750
vt 0.984375 1.000000
vt 0.968750 0.968750
vt 1.000000 0.125000
vt 0.968750 0.125000
vt 1.000000 0.531250
vt 0.968750 0.531250
vt 1.000000 0.937500
vt 0.968750 0.937500
vt 1.000000 0.093750
vt 0.968750 0.093750
vt 1.000000 0.500000
vt 0.968750 0.500000
vt 1.000000 0.906250
vt 0.968750 0.906250
vt 1.000000 0.062500
vt 0.968750 0.062500
vt 1.000000 0.468750
vt 0.968750 0.468750
vt 1.000000 0.875000
vt 0.968750 0.875000
vt 1.000000 0.031250
vt 0.968750 0.031250
vt 1.000000 0.437500
vt 0.968750 0.437500
vt 0.984375 0.000000
vt 0.937500 0.781250
vt 0.937500 0.750000
vt 0.937500 0.343750
vt 0.937500 0.312500
vt 0.937500 0.718750
vt 0.937500 0.281250
vt 0.937500 0.687500
vt 0.937500 0.250000
vt 0.937500 0.656250
vt 0.937500 0.218750
vt 0.937500 0.625000
vt 0.937500 0.187500
vt 0.937500 0.593750
vt 0.937500 0.156250
vt 0.937500 0.562500
vt 0.953125 1.000000
vt 0.937500 0.968750
vt 0.937500 0.125000
vt 0.937500 0.531250
vt 0.937500 0.937500
vt 0.937500 0.093750
vt 0.937500 0.500000
vt 0.937500 0.906250
vt 0.937500 0.062500
vt 0.937500 0.468750
vt 0.937500 0.875000
vt 0.937500 0.031250
vt 0.937500 0.437500
vt 0.937500 0.843750
vt 0.953125 0.000000
vt 0.937500 0.406250
vt 0.937500 0.812500
vt 0.937500 0.375000
vt 0.906250 0.281250
vt 0.906250 0.250000
vt 0.906250 0.687500
vt 0.906250 0.656250
vt 0.906250 0.218750
vt 0.906250 0.625000
vt 0.906250 0.187500
vt 0.906250 0.593750
vt 0.906250 0.156250
vt 0.906250 0.562500
vt 0.921875 1.000000
vt 0.906250 0.968750
vt 0.906250 0.125000
vt 0.906250 0.531250
vt 0.906250 0.937500
vt 0.906250 0.093750
vt 0.906250 0.500000
vt 0.906250 0.906250
vt 0.906250 0.062500
vt 0.906250 0.468750
vt 0.906250 0.875000
vt 0.906250 0.031250
vt 0.906250 0.437500
vt 0.906250 0.843750
vt 0.921875 0.000000
vt 0.906250 0.406250
vt 0.906250 0.812500
vt 0.906250 0.375000
vt 0.906250 0.781250
vt 0.906250 0.343750
vt 0.906250 0.750000
vt 0.906250 0.312500
vt 0.906250 0.718750
vt 0.875000 0.218750
vt 0.875000 0.187500
vt 0.875000 0.625000
vt 0.875000 0.593750
vt 0.875000 0.156250
vt 0.875000 0.562500
vt 0.890625 1.000000
vt 0.875000 0.968750
vt 0.875000 0.125000
vt 0.875000 0.531250
vt 0.875000 0.937500
vt 0.875000 0.093750
vt 0.875000 0.500000
vt 0.875000 0.906250
vt 0.875000 0.062500
vt 0.875000 0.468750
vt 0.875000 0.875000
vt 0.875000 0.031250
vt 0.875000 0.437500
vt 0.875000 0.843750
vt 0.890625 0.000000
vt 0.875000 0.406250
vt 0.875000 0.812500
vt 0.875000 0.375000
vt 0.875000 0.781250
vt 0.875000 0.343750
vt 0.875000 0.750000
vt 0.875000 0.312500
vt 0.875000 0.718750
vt 0.875000 0.281250
vt 0.875000 0.687500
vt 0.875000 0.250000
vt 0.875000 0.656250
vt 0.859375 1.000000
vt 0.843750 0.968750
vt 0.843750 0.156250
vt 0.843750 0.125000
vt 0.843750 0.562500
vt 0.843750 0.531250
vt 0.843750 0.937500
vt 0.843750 0.093750
vt 0.843750 0.500000
vt 0.843750 0.906250
vt 0.843750 0.062500
vt 0.843750 0.468750
vt 0.843750 0.875000
vt 0.843750 0.031250
vt 0.843750 0.437500
vt 0.843750 0.843750
vt 0.859375 0.000000
vt 0.843750 0.406250
vt 0.843750 0.812500
vt 0.843750 0.375000
vt 0.843750 0.781250
vt 0.843750 0.343750
vt 0.843750 0.750000
vt 0.843750 0.312500
vt 0.843750 0.718750
vt 0.843750 0.281250
vt 0.843750 0.687500
vt 0.843750 0.250000
vt 0.843750 0.656250
vt 0.843750 0.218750
vt 0.843750 0.625000
vt 0.843750 0.187500
vt 0.843750 0.593750
vt 0.812500 0.937500
vt 0.812500 0.906250
vt 0.812500 0.093750
vt 0.812500 0.062500
vt 0.812500 0.500000
vt 0.812500 0.468750
vt 0.812500 0.875000
vt 0.812500 0.031250
vt 0.812500 0.437500
vt 0.812500 0.843750
vt 0.828125 0.000000
vt 0.812500 0.406250
vt 0.812500 0.812500
vt 0.812500 0.375000
vt 0.812500 0.781250
vt 0.812500 0.343750
vt 0.812500 0.750000
vt 0.812500 0.312500
vt 0.812500 0.718750
vt 0.812500 0.281250
vt 0.812500 0.687500
vt 0.812500 0.250000
vt 0.812500 0.656250
vt 0.812500 0.218750
vt 0.812500 0.625000
vt 0.812500 0.187500
vt 0.812500 0.593750
vt 0.812500 0.156250
vt 0.812500 0.562500
vt 0.828125 1.000000
vt 0.812500 0.968750
vt 0.812500 0.125000
vt 0.812500 0.531250
vt 0.781250 0.875000
vt 0.781250 0.843750
vt 0.796875 0.000000
vt 0.781250 0.031250
vt 0.781250 0.437500
vt 0.781250 0.406250
vt 0.781250 0.812500
vt 0.781250 0.375000
vt 0.781250 0.781250
vt 0.781250 0.343750
vt 0.781250 0.750000
vt 0.781250 0.312500
vt 0.781250 0.718750
vt 0.781250 0.281250
vt 0.781250 0.687500
vt 0.781250 0.250000
vt 0.781250 0.656250
vt 0.781250 0.218750
vt 0.781250 0.625000
vt 0.781250 0.187500
vt 0.781250 0.593750
vt 0.781250 0.156250
vt 0.781250 0.562500
vt 0.796875 1.000000
vt 0.781250 0.968750
vt 0.781250 0.125000
vt 0.781250 0.531250
vt 0.781250 0.937500
vt 0.781250 0.093750
vt 0.781250 0.500000
vt 0.781250 0.906250
vt 0.781250 0.062500
vt 0.781250 0.468750
vt 0.765625 1.000000
vt 0.765625 0.000000
s 0
f 513/1/1 16/2/1 47/3/1
f 990/4/2 8/5/2 34/6/2 35/7/2
f 985/8/3 984/9/3 21/10/3 22/11/3
f 991/12/4 990/4/4 35/7/4 36/13/4
f 1/14/5 985/8/5 22/11/5 23/15/5
f 9/16/6 991/12/6 36/13/6 37/17/6
f 986/18/7 1/14/7 23/15/7 24/19/7
f 10/20/8 9/16/8 37/17/8 38/21/8
f 2/22/9 986/18/9 24/19/9 25/23/9
f 11/24/10 10/20/10 38/21/10 39/25/10
f 987/26/11 2/22/11 25/23/11 26/27/11
f 992/28/12 11/24/12 39/25/12 40/29/12
f 988/30/13 987/26/13 26/27/13 27/31/13
f 12/32/14 992/28/14 40/29/14 41/33/14
f 3/34/15 988/30/15 27/31/15 28/35/15
f 13/36/16 12/32/16 41/33/16 42/37/16
f 4/38/17 3/34/17 28/35/17 29/39/17
f 14/40/18 13/36/18 42/37/18 43/41/18
f 5/42/19 4/38/19 29/39/19 30/43/19
f 980/44/20 514/45/20 17/46/20
f 993/47/21 14/40/21 43/41/21 44/48/21
f 6/49/22 5/42/22 30/43/22 31/50/22
f 981/51/23 980/44/23 17/46/23 18/52/23
f 994/53/24 993/47/24 44/48/24 45/54/24
f 989/55/25 6/49/25 31/50/25 32/56/25
f 982/57/26 981/51/26 18/52/26 19/58/26
f 15/59/27 994/53/27 45/54/27 46/60/27
f 7/61/28 989/55/28 32/56/28 33/62/28
f 983/63/29 982/57/29 19/58/29 20/64/29
f 16/2/30 15/59/30 46/60/30 47/3/30
f 8/5/31 7/61/31 33/62/31 34/6/31
f 984/9/32 983/63/32 20/64/32 21/10/32
f 43/41/33 42/37/33 73/65/33 74/66/33
f 30/43/34 29/39/34 60/67/34 61/68/34
f 17/46/35 514/69/35 48/70/35
f 44/48/36 43/41/36 74/66/36 75/71/36
f 31/50/37 30/43/37 61/68/37 62/72/37
f 18/52/38 17/46/38 48/70/38 49/73/38
f 45/54/39 44/48/39 75/71/39 76/74/39
f 32/56/40 31/50/40 62/72/40 63/75/40
f 19/58/41 18/52/41 49/73/41 50/76/41
f 46/60/42 45/54/42 76/74/42 77/77/42
f 33/62/43 32/56/43 63/75/43 64/78/43
f 20/64/44 19/58/44 50/76/44 51/79/44
f 47/3/45 46/60/45 77/77/45 78/80/45
f 34/6/46 33/62/46 64/78/46 65/81/46
f 21/10/47 20/64/47 51/79/47 52/82/47
f 513/83/48 47/3/48 78/80/48
f 35/7/49 34/6/49 65/81/49 66/84/49
f 22/11/50 21/10/50 52/82/50 53/85/50
f 36/13/51 35/7/51 66/84/51 67/86/51
f 23/15/52 22/11/52 53/85/52 54/87/52
f 37/17/53 36/13/53 67/86/53 68/88/53
f 24/19/54 23/15/54 54/87/54 55/89/54
f 38/21/55 37/17/55 68/88/55 69/90/55
f 25/23/56 24/19/56 55/89/56 56/91/56
f 39/25/57 38/21/57 69/90/57 70/92/57
f 26/27/58 25/23/58 56/91/58 57/93/58
f 40/29/59 39/25/59 70/92/59 71/94/59
f 27/31/60 26/27/60 57/93/60 58/95/60
f 41/33/61 40/29/61 71/94/61 72/96/61
f 28/35/62 27/31/62 58/95/62 59/97/62
f 42/37/63 41/33/63 72/96/63 73/65/63
f 29/39/64 28/35/64 59/97/64 60/67/64
f 49/73/65 48/70/65 79/98/65 80/99/65
f 76/74/66 75/71/66 106/100/66 107/101/66
f 63/75/67 62/72/67 93/102/67 94/103/67
f 50/76/68 49/73/68 80/99/68 81/104/68
f 77/77/69 76/74/69 107/101/69 108/105/69
f 64/78/70 63/75/70 94/103/70 95/106/70
f 51/79/71 50/76/71 81/104/71 82/107/71
f 78/80/72 77/77/72 108/105/72 109/108/72
f 65/81/73 64/78/73 95/106/73 96/109/73
f 52/82/74 51/79/74 82/107/74 83/110/74
f 513/111/75 78/80/75 109/108/75
f 66/84/76 65/81/76 96/109/76 97/112/76
f 53/85/77 52/82/77 83/110/77 84/113/77
f 67/86/78 66/84/78 97/112/78 98/114/78
f 54/87/79 53/85/79 84/113/79 85/115/79
f 68/88/80 67/86/80 98/114/80 99/116/80
f 55/89/81 54/87/81 85/115/81 86/117/81
f 69/90/82 68/88/82 99/116/82 100/118/82
f 56/91/83 55/89/83 86/117/83 87/119/83
f 70/92/84 69/90/84 100/118/84 101/120/84
f 57/93/85 56/91/85 87/119/85 88/121/85
f 71/94/86 70/92/86 101/120/86 102/122/86
f 58/95/87 57/93/87 88/121/87 89/123/87
f 72/96/88 71/94/88 102/122/88 103/124/88
f 59/97/89 58/95/89 89/123/89 90/125/89
f 73/65/90 72/96/90 103/124/90 104/126/90
f 60/67/91 59/97/91 90/125/91 91/127/91
f 74/66/92 73/65/92 104/126/92 105/128/92
f 61/68/93 60/67/93 91/127/93 92/129/93
f 48/70/94 514/130/94 79/98/94
f 75/71/95 74/66/95 105/128/95 106/100/95
f 62/72/96 61/68/96 92/129/96 93/102/96
f 82/107/97 81/104/97 112/131/97 113/132/97
f 109/108/98 108/105/98 139/133/98 140/134/98
f 96/109/99 95/106/99 126/135/99 127/136/99
f 83/110/100 82/107/100 113/132/100 114/137/100
f 513/138/101 109/108/101 140/134/101
f 97/112/102 96/109/102 127/136/102 128/139/102
f 84/113/103 83/110/103 114/137/103 115/140/103
f 98/114/104 97/112/104 128/139/104 129/141/104
f 85/115/105 84/113/105 115/140/105 116/142/105
f 99/116/106 98/114/106 129/141/106 130/143/106
f 86/117/107 85/115/107 116/142/107 117/144/107
f 100/118/108 99/116/108 130/143/108 131/145/108
f 87/119/109 86/117/109 117/144/109 118/146/109
f 101/120/110 100/118/110 131/145/110 132/147/110
f 88/121/111 87/119/111 118/146/111 119/148/111
f 102/122/112 101/120/112 132/147/112 133/149/112
f 89/123/113 88/121/113 119/148/113 120/150/113
f 103/124/114 102/122/114 133/149/114 134/151/114
f 90/125/115 89/123/115 120/150/115 121/152/115
f 104/126/116 103/124/116 134/151/116 135/153/116
f 91/127/117 90/125/117 121/152/117 122/154/117
f 105/128/118 104/126/118 135/153/118 136/155/118
f 92/129/119 91/127/119 122/154/119 123/156/119
f 79/98/120 514/157/120 110/158/120
f 106/100/121 105/128/121 136/155/121 137/159/121
f 93/102/122 92/129/122 123/156/122 124/160/122
f 80/99/123 79/98/123 110/158/123 111/161/123
f 107/101/124 106/100/124 137/159/124 138/162/124
f 94/103/125 93/102/125 124/160/125 125/163/125
f 81/104/126 80/99/126 111/161/126 112/131/126
f 108/105/127 107/101/127 138/162/127 139/133/127
f 95/106/128 94/103/128 125/163/128 126/135/128
f 115/140/129 114/137/129 145/164/129 146/165/129
f 129/141/130 128/139/130 159/166/130 160/167/130
f 116/142/131 115/140/131 146/165/131 147/168/131
f 130/143/132 129/141/132 160/167/132 161/169/132
f 117/144/133 116/142/133 147/168/133 148/170/133
f 131/145/134 130/143/134 161/169/134 162/171/134
f 118/146/135 117/144/135 148/170/135 149/172/135
f 132/147/136 131/145/136 162/171/136 163/173/136
f 119/148/137 118/146/137 149/172/137 150/174/137
f 133/149/138 132/147/138 163/173/138 164/175/138
f 120/150/139 119/148/139 150/174/139 151/176/139
f 134/151/140 133/149/140 164/175/140 165/177/140
f 121/152/141 120/150/141 151/176/141 152/178/141
f 135/153/142 134/151/142 165/177/142 166/179/142
f 122/154/143 121/152/143 152/178/143 153/180/143
f 136/155/144 135/153/144 166/179/144 167/181/144
f 123/156/145 122/154/145 153/180/145 154/182/145
f 110/158/146 514/183/146 141/184/146
f 137/159/147 136/155/147 167/181/147 168/185/147
f 124/160/148 123/156/148 154/182/148 155/186/148
f 111/161/149 110/158/149 141/184/149 142/187/149
f 138/162/150 137/159/150 168/185/150 169/188/150
f 125/163/151 124/160/151 155/186/151 156/189/151
f 112/131/152 111/161/152 142/187/152 143/190/152
f 139/133/153 138/162/153 169/188/153 170/191/153
f 126/135/154 125/163/154 156/189/154 157/192/154
f 113/132/155 112/131/155 143/190/155 144/193/155
f 140/134/156 139/133/156 170/191/156 171/194/156
f 127/136/157 126/135/157 157/192/157 158/195/157
f 114/137/158 113/132/158 144/193/158 145/164/158
f 513/196/159 140/134/159 171/194/159
f 128/139/160 127/136/160 158/195/160 159/166/160
f 148/170/161 147/168/161 178/197/161 179/198/161
f 162/171/162 161/169/162 192/199/162 193/200/162
f 149/172/163 148/170/163 179/198/163 180/201/163
f 163/173/164 162/171/164 193/200/164 194/202/164
f 150/174/165 149/172/165 180/201/165 181/203/165
f 164/175/166 163/173/166 194/202/166 195/204/166
f 151/176/167 150/174/167 181/203/167 182/205/167
f 165/177/168 164/175/168 195/204/168 196/206/168
f 152/178/169 151/176/169 182/205/169 183/207/169
f 166/179/170 165/177/170 196/206/170 197/208/170
f 153/180/171 152/178/171 183/207/171 184/209/171
f 167/181/172 166/179/172 197/208/172 198/210/172
f 154/182/173 153/180/173 184/209/173 185/211/173
f 141/184/174 514/212/174 172/213/174
f 168/185/175 167/181/175 198/210/175 199/214/175
f 155/186/176 154/182/176 185/211/176 186/215/176
f 142/187/177 141/184/177 172/213/177 173/216/177
f 169/188/178 168/185/178 199/214/178 200/217/178
f 156/189/179 155/186/179 186/215/179 187/218/179
f 143/190/180 142/187/180 173/216/180 174/219/180
f 170/191/181 169/188/181 200/217/181 201/220/181
f 157/192/182 156/189/182 187/218/182 188/221/182
f 144/193/183 143/190/183 174/219/183 175/222/183
f 171/194/184 170/191/184 201/220/184 202/223/184
f 158/195/185 157/192/185 188/221/185 189/224/185
f 145/164/186 144/193/186 175/222/186 176/225/186
f 513/226/187 171/194/187 202/223/187
f 159/166/188 158/195/188 189/224/188 190/227/188
f 146/165/189 145/164/189 176/225/189 177/228/189
f 160/167/190 159/166/190 190/227/190 191/229/190
f 147/168/191 146/165/191 177/228/191 178/197/191
f 161/169/192 160/167/192 191/229/192 192/199/192
f 181/203/193 180/201/193 211/230/193 212/231/193
f 195/204/194 194/202/194 225/232/194 226/233/194
f 182/205/195 181/203/195 212/231/195 213/234/195
f 196/206/196 195/204/196 226/233/196 227/235/196
f 183/207/197 182/205/197 213/234/197 214/236/197
f 197/208/198 196/206/198 227/235/198 228/237/198
f 184/209/199 183/207/199 214/236/199 215/238/199
f 198/210/200 197/208/200 228/237/200 229/239/200
f 185/211/201 184/209/201 215/238/201 216/240/201
f 172/213/202 514/241/202 203/242/202
f 199/214/203 198/210/203 229/239/203 230/243/203
f 186/215/204 185/211/204 216/240/204 217/244/204
f 173/216/205 172/213/205 203/242/205 204/245/205
f 200/217/206 199/214/206 230/243/206 231/246/206
f 187/218/207 186/215/207 217/244/207 218/247/207
f 174/219/208 173/216/208 204/245/208 205/248/208
f 201/220/209 200/217/209 231/246/209 232/249/209
f 188/221/210 187/218/210 218/247/210 219/250/210
f 175/222/211 174/219/211 205/248/211 206/251/211
f 202/223/212 201/220/212 232/249/212 233/252/212
f 189/224/213 188/221/213 219/250/213 220/253/213
f 176/225/214 175/222/214 206/251/214 207/254/214
f 513/255/215 202/223/215 233/252/215
f 190/227/216 189/224/216 220/253/216 221/256/216
f 177/228/217 176/225/217 207/254/217 208/257/217
f 191/229/218 190/227/218 221/256/218 222/258/218
f 178/197/219 177/228/219 208/257/219 209/259/219
f 192/199/220 191/229/220 222/258/220 223/260/220
f 179/198/221 178/197/221 209/259/221 210/261/221
f 193/200/222 192/199/222 223/260/222 224/262/222
f 180/201/223 179/198/223 210/261/223 211/230/223
f 194/202/224 193/200/224 224/262/224 225/232/224
f 214/236/225 213/234/225 244/263/225 245/264/225
f 228/237/226 227/235/226 258/265/226 259/266/226
f 215/238/227 214/236/227 245/264/227 246/267/227
f 229/239/228 228/237/228 259/266/228 260/268/228
f 216/240/229 215/238/229 246/267/229 247/269/229
f 203/242/230 514/270/230 234/271/230
f 230/243/231 229/239/231 260/268/231 261/272/231
f 217/244/232 216/240/232 247/269/232 248/273/232
f 204/245/233 203/242/233 234/271/233 235/274/233
f 231/246/234 230/243/234 261/272/234 262/275/234
f 218/247/235 217/244/235 248/273/235 249/276/235
f 205/248/236 204/245/236 235/274/236 236/277/236
f 232/249/237 231/246/237 262/275/237 263/278/237
f 219/250/238 218/247/238 249/276/238 250/279/238
f 206/251/239 205/248/239 236/277/239 237/280/239
f 233/252/240 232/249/240 263/278/240 264/281/240
f 220/253/241 219/250/241 250/279/241 251/282/241
f 207/254/242 206/251/242 237/280/242 238/283/242
f 513/284/243 233/252/243 264/281/243
f 221/256/244 220/253/244 251/282/244 252/285/244
f 208/257/245 207/254/245 238/283/245 239/286/245
f 222/258/246 221/256/246 252/285/246 253/287/246
f 209/259/247 208/257/247 239/286/247 240/288/247
f 223/260/248 222/258/248 253/287/248 254/289/248
f 210/261/249 209/259/249 240/288/249 241/290/249
f 224/262/250 223/260/250 254/289/250 255/291/250
f 211/230/251 210/261/251 241/290/251 242/292/251
f 225/232/252 224/262/252 255/291/252 256/293/252
f 212/231/253 211/230/253 242/292/253 243/294/253
f 226/233/254 225/232/254 256/293/254 257/295/254
f 213/234/255 212/231/255 243/294/255 244/263/255
f 227/235/256 226/233/256 257/295/256 258/265/256
f 247/269/257 246/267/257 277/296/257 278/297/257
f 234/271/258 514/298/258 265/299/258
f 261/272/259 260/268/259 291/300/259 292/301/259
f 248/273/260 247/269/260 278/297/260 279/302/260
f 235/274/261 234/271/261 265/299/261 266/303/261
f 262/275/262 261/272/262 292/301/262 293/304/262
f 249/276/263 248/273/263 279/302/263 280/305/263
f 236/277/264 235/274/264 266/303/264 267/306/264
f 263/278/265 262/275/265 293/304/265 294/307/265
f 250/279/266 249/276/266 280/305/266 281/308/266
f 237/280/267 236/277/267 267/306/267 268/309/267
f 264/281/268 263/278/268 294/307/268 295/310/268
f 251/282/269 250/279/269 281/308/269 282/311/269
f 238/283/270 237/280/270 268/309/270 269/312/270
f 513/313/271 264/281/271 295/310/271
f 252/285/272 251/282/272 282/311/272 283/314/272
f 239/286/273 238/283/273 269/312/273 270/315/273
f 253/287/274 252/285/274 283/314/274 284/316/274
f 240/288/275 239/286/275 270/315/275 271/317/275
f 254/289/276 253/287/276 284/316/276 285/318/276
f 241/290/277 240/288/277 271/317/277 272/319/277
f 255/291/278 254/289/278 285/318/278 286/320/278
f 242/292/279 241/290/279 272/319/279 273/321/279
f 256/293/280 255/291/280 286/320/280 287/322/280
f 243/294/281 242/292/281 273/321/281 274/323/281
f 257/295/282 256/293/282 287/322/282 288/324/282
f 244/263/283 243/294/283 274/323/283 275/325/283
f 258/265/284 257/295/284 288/324/284 289/326/284
f 245/264/285 244/263/285 275/325/285 276/327/285
f 259/266/286 258/265/286 289/326/286 290/328/286
f 246/267/287 245/264/287 276/327/287 277/296/287
f 260/268/288 259/266/288 290/328/288 291/300/288
f 280/305/289 279/302/289 310/329/289 311/330/289
f 267/306/290 266/303/290 297/331/290 298/332/290
f 294/307/291 293/304/291 324/333/291 325/334/291
f 281/308/292 280/305/292 311/330/292 312/335/292
f 268/309/293 267/306/293 298/332/293 299/336/293
f 295/310/294 294/307/294 325/334/294 326/337/294
f 282/311/295 281/308/295 312/335/295 313/338/295
f 269/312/296 268/309/296 299/336/296 300/339/296
f 513/340/297 295/310/297 326/337/297
f 283/314/298 282/311/298 313/338/298 314/341/298
f 270/315/299 269/312/299 300/339/299 301/342/299
f 284/316/300 283/314/300 314/341/300 315/343/300
f 271/317/301 270/315/301 301/342/301 302/344/301
f 285/318/302 284/316/302 315/343/302 316/345/302
f 272/319/303 271/317/303 302/344/303 303/346/303
f 286/320/304 285/318/304 316/345/304 317/347/304
f 273/321/305 272/319/305 303/346/305 304/348/305
f 287/322/306 286/320/306 317/347/306 318/349/306
f 274/323/307 273/321/307 304/348/307 305/350/307
f 288/324/308 287/322/308 318/349/308 319/351/308
f 275/325/309 274/323/309 305/350/309 306/352/309
f 289/326/310 288/324/310 319/351/310 320/353/310
f 276/327/311 275/325/311 306/352/311 307/354/311
f 290/328/312 289/326/312 320/353/312 321/355/312
f 277/296/313 276/327/313 307/354/313 308/356/313
f 291/300/314 290/328/314 321/355/314 322/357/314
f 278/297/315 277/296/315 308/356/315 309/358/315
f 265/299/316 514/359/316 296/360/316
f 292/301/317 291/300/317 322/357/317 323/361/317
f 279/302/318 278/297/318 309/358/318 310/329/318
f 266/303/319 265/299/319 296/360/319 297/331/319
f 293/304/320 292/301/320 323/361/320 324/333/320
f 313/338/321 312/335/321 343/362/321 344/363/321
f 300/339/322 299/336/322 330/364/322 331/365/322
f 513/366/323 326/337/323 357/367/323
f 314/341/324 313/338/324 344/363/324 345/368/324
f 301/342/325 300/339/325 331/365/325 332/369/325
f 315/343/326 314/341/326 345/368/326 346/370/326
f 302/344/327 301/342/327 332/369/327 333/371/327
f 316/345/328 315/343/328 346/370/328 347/372/328
f 303/346/329 302/344/329 333/371/329 334/373/329
f 317/347/330 316/345/330 347/372/330 348/374/330
f 304/348/331 303/346/331 334/373/331 335/375/331
f 318/349/332 317/347/332 348/374/332 349/376/332
f 305/350/333 304/348/333 335/375/333 336/377/333
f 319/351/334 318/349/334 349/376/334 350/378/334
f 306/352/335 305/350/335 336/377/335 337/379/335
f 320/353/336 319/351/336 350/378/336 351/380/336
f 307/354/337 306/352/337 337/379/337 338/381/337
f 321/355/338 320/353/338 351/380/338 352/382/338
f 308/356/339 307/354/339 338/381/339 339/383/339
f 322/357/340 321/355/340 352/382/340 353/384/340
f 309/358/341 308/356/341 339/383/341 340/385/341
f 296/360/342 514/386/342 327/387/342
f 323/361/343 322/357/343 353/384/343 354/388/343
f 310/329/344 309/358/344 340/385/344 341/389/344
f 297/331/345 296/360/345 327/387/345 328/390/345
f 324/333/346 323/361/346 354/388/346 355/391/346
f 311/330/347 310/329/347 341/389/347 342/392/347
f 298/332/348 297/331/348 328/390/348 329/393/348
f 325/334/349 324/333/349 355/391/349 356/394/349
f 312/335/350 311/330/350 342/392/350 343/362/350
f 299/336/351 298/332/351 329/393/351 330/364/351
f 326/337/352 325/334/352 356/394/352 357/367/352
f 346/370/353 345/368/353 376/395/353 377/396/353
f 333/371/354 332/369/354 363/397/354 364/398/354
f 347/372/355 346/370/355 377/396/355 378/399/355
f 334/373/356 333/371/356 364/398/356 365/400/356
f 348/374/357 347/372/357 378/399/357 379/401/357
f 335/375/358 334/373/358 365/400/358 366/402/358
f 349/376/359 348/374/359 379/401/359 380/403/359
f 336/377/360 335/375/360 366/402/360 367/404/360
f 350/378/361 349/376/361 380/403/361 381/405/361
f 337/379/362 336/377/362 367/404/362 368/406/362
f 351/380/363 350/378/363 381/405/363 382/407/363
f 338/381/364 337/379/364 368/406/364 369/408/364
f 352/382/365 351/380/365 382/407/365 383/409/365
f 339/383/366 338/381/366 369/408/366 370/410/366
f 353/384/367 352/382/367 383/409/367 384/411/367
f 340/385/368 339/383/368 370/410/368 371/412/368
f 327/387/369 514/413/369 358/414/369
f 354/388/370 353/384/370 384/411/370 385/415/370
f 341/389/371 340/385/371 371/412/371 372/416/371
f 328/390/372 327/387/372 358/414/372 359/417/372
f 355/391/373 354/388/373 385/415/373 386/418/373
f 342/392/374 341/389/374 372/416/374 373/419/374
f 329/393/375 328/390/375 359/417/375 360/420/375
f 356/394/376 355/391/376 386/418/376 387/421/376
f 343/362/377 342/392/377 373/419/377 374/422/377
f 330/364/378 329/393/378 360/420/378 361/423/378
f 357/367/379 356/394/379 387/421/379 388/424/379
f 344/363/380 343/362/380 374/422/380 375/425/380
f 331/365/381 330/364/381 361/423/381 362/426/381
f 513/427/382 357/367/382 388/424/382
f 345/368/383 344/363/383 375/425/383 376/395/383
f 332/369/384 331/365/384 362/426/384 363/397/384
f 379/401/385 378/399/385 409/428/385 410/429/385
f 366/402/386 365/400/386 396/430/386 397/431/386
f 380/403/387 379/401/387 410/429/387 411/432/387
f 367/404/388 366/402/388 397/431/388 398/433/388
f 381/405/389 380/403/389 411/432/389 412/434/389
f 368/406/390 367/404/390 398/433/390 399/435/390
f 382/407/391 381/405/391 412/434/391 413/436/391
f 369/408/392 368/406/392 399/435/392 400/437/392
f 383/409/393 382/407/393 413/436/393 414/438/393
f 370/410/394 369/408/394 400/437/394 401/439/394
f 384/411/395 383/409/395 414/438/395 415/440/395
f 371/412/396 370/410/396 401/439/396 402/441/396
f 358/414/397 514/442/397 389/443/397
f 385/415/398 384/411/398 415/440/398 416/444/398
f 372/416/399 371/412/399 402/441/399 403/445/399
f 359/417/400 358/414/400 389/443/400 390/446/400
f 386/418/401 385/415/401 416/444/401 417/447/401
f 373/419/402 372/416/402 403/445/402 404/448/402
f 360/420/403 359/417/403 390/446/403 391/449/403
f 387/421/404 386/418/404 417/447/404 418/450/404
f 374/422/405 373/419/405 404/448/405 405/451/405
f 361/423/406 360/420/406 391/449/406 392/452/406
f 388/424/407 387/421/407 418/450/407 419/453/407
f 375/425/408 374/422/408 405/451/408 406/454/408
f 362/426/409 361/423/409 392/452/409 393/455/409
f 513/456/410 388/424/410 419/453/410
f 376/395/411 375/425/411 406/454/411 407/457/411
f 363/397/412 362/426/412 393/455/412 394/458/412
f 377/396/413 376/395/413 407/457/413 408/459/413
f 364/398/414 363/397/414 394/458/414 395/460/414
f 378/399/415 377/396/415 408/459/415 409/428/415
f 365/400/416 364/398/416 395/460/416 396/430/416
f 412/434/417 411/432/417 442/461/417 443/462/417
f 399/435/418 398/433/418 429/463/418 430/464/418
f 413/436/419 412/434/419 443/462/419 444/465/419
f 400/437/420 399/435/420 430/464/420 431/466/420
f 414/438/421 413/436/421 444/465/421 445/467/421
f 401/439/422 400/437/422 431/466/422 432/468/422
f 415/440/423 414/438/423 445/467/423 446/469/423
f 402/441/424 401/439/424 432/468/424 433/470/424
f 389/443/425 514/471/425 420/472/425
f 416/444/426 415/440/426 446/469/426 447/473/426
f 403/445/427 402/441/427 433/470/427 434/474/427
f 390/446/428 389/443/428 420/472/428 421/475/428
f 417/447/429 416/444/429 447/473/429 448/476/429
f 404/448/430 403/445/430 434/474/430 435/477/430
f 391/449/431 390/446/431 421/475/431 422/478/431
f 418/450/432 417/447/432 448/476/432 449/479/432
f 405/451/433 404/448/433 435/477/433 436/480/433
f 392/452/434 391/449/434 422/478/434 423/481/434
f 419/453/435 418/450/435 449/479/435 450/482/435
f 406/454/436 405/451/436 436/480/436 437/483/436
f 393/455/437 392/452/437 423/481/437 424/484/437
f 513/485/438 419/453/438 450/482/438
f 407/457/439 406/454/439 437/483/439 438/486/439
f 394/458/440 393/455/440 424/484/440 425/487/440
f 408/459/441 407/457/441 438/486/441 439/488/441
f 395/460/442 394/458/442 425/487/442 426/489/442
f 409/428/443 408/459/443 439/488/443 440/490/443
f 396/430/444 395/460/444 426/489/444 427/491/444
f 410/429/445 409/428/445 440/490/445 441/492/445
f 397/431/446 396/430/446 427/491/446 428/493/446
f 411/432/447 410/429/447 441/492/447 442/461/447
f 398/433/448 397/431/448 428/493/448 429/463/448
f 445/467/449 444/465/449 475/494/449 476/495/449
f 432/468/450 431/466/450 462/496/450 463/497/450
f 446/469/451 445/467/451 476/495/451 477/498/451
f 433/470/452 432/468/452 463/497/452 464/499/452
f 420/472/453 514/500/453 451/501/453
f 447/473/454 446/469/454 477/498/454 478/502/454
f 434/474/455 433/470/455 464/499/455 465/503/455
f 421/475/456 420/472/456 451/501/456 452/504/456
f 448/476/457 447/473/457 478/502/457 479/505/457
f 435/477/458 434/474/458 465/503/458 466/506/458
f 422/478/459 421/475/459 452/504/459 453/507/459
f 449/479/460 448/476/460 479/505/460 480/508/460
f 436/480/461 435/477/461 466/506/461 467/509/461
f 423/481/462 422/478/462 453/507/462 454/510/462
f 450/482/463 449/479/463 480/508/463 481/511/463
f 437/483/464 436/480/464 467/509/464 468/512/464
f 424/484/465 423/481/465 454/510/465 455/513/465
f 513/514/466 450/482/466 481/511/466
f 438/486/467 437/483/467 468/512/467 469/515/467
f 425/487/468 424/484/468 455/513/468 456/516/468
f 439/488/469 438/486/469 469/515/469 470/517/469
f 426/489/470 425/487/470 456/516/470 457/518/470
f 440/490/471 439/488/471 470/517/471 471/519/471
f 427/491/472 426/489/472 457/518/472 458/520/472
f 441/492/473 440/490/473 471/519/473 472/521/473
f 428/493/474 427/491/474 458/520/474 459/522/474
f 442/461/475 441/492/475 472/521/475 473/523/475
f 429/463/476 428/493/476 459/522/476 460/524/476
f 443/462/477 442/461/477 473/523/477 474/525/477
f 430/464/478 429/463/478 460/524/478 461/526/478
f 444/465/479 443/462/479 474/525/479 475/494/479
f 431/466/480 430/464/480 461/526/480 462/496/480
f 478/502/481 477/498/481 508/527/481 509/528/481
f 465/503/482 464/499/482 495/529/482 496/530/482
f 452/504/483 451/501/483 482/531/483 483/532/483
f 479/505/484 478/502/484 509/528/484 510/533/484
f 466/506/485 465/503/485 496/530/485 497/534/485
f 453/507/486 452/504/486 483/532/486 484/535/486
f 480/508/487 479/505/487 510/533/487 511/536/487
f 467/509/488 466/506/488 497/534/488 498/537/488
f 454/510/489 453/507/489 484/535/489 485/538/489
f 481/511/490 480/508/490 511/536/490 512/539/490
f 468/512/491 467/509/491 498/537/491 499/540/491
f 455/513/492 454/510/492 485/538/492 486/541/492
f 513/542/493 481/511/493 512/539/493
f 469/515/494 468/512/494 499/540/494 500/543/494
f 456/516/495 455/513/495 486/541/495 487/544/495
f 470/517/496 469/515/496 500/543/496 501/545/496
f 457/518/497 456/516/497 487/544/497 488/546/497
f 471/519/498 470/517/498 501/545/498 502/547/498
f 458/520/499 457/518/499 488/546/499 489/548/499
f 472/521/500 471/519/500 502/547/500 503/549/500
f 459/522/501 458/520/501 489/548/501 490/550/501
f 473/523/502 472/521/502 503/549/502 504/551/502
f 460/524/503 459/522/503 490/550/503 491/552/503
f 474/525/504 473/523/504 504/551/504 505/553/504
f 461/526/505 460/524/505 491/552/505 492/554/505
f 475/494/506 474/525/506 505/553/506 506/555/506
f 462/496/507 461/526/507 492/554/507 493/556/507
f 476/495/508 475/494/508 506/555/508 507/557/508
f 463/497/509 462/496/509 493/556/509 494/558/509
f 477/498/510 476/495/510 507/557/510 508/527/510
f 464/499/511 463/497/511 494/558/511 495/529/511
f 451/501/512 514/559/512 482/531/512
f 511/536/513 510/533/513 543/560/513 544/561/513
f 498/537/514 497/534/514 530/562/514 531/563/514
f 485/538/515 484/535/515 517/564/515 518/565/515
f 512/539/516 511/536/516 544/561/516 545/566/516
f 499/540/517 498/537/517 531/563/517 532/567/517
f 486/541/518 485/538/518 518/565/518 519/568/518
f 513/569/519 512/539/519 545/566/519
f 500/543/520 499/540/520 532/567/520 533/570/520
f 487/544/521 486/541/521 519/568/521 520/571/521
f 501/545/522 500/543/522 533/570/522 534/572/522
f 488/546/523 487/544/523 520/571/523 521/573/523
f 502/547/524 501/545/524 534/572/524 535/574/524
f 489/548/525 488/546/525 521/573/525 522/575/525
f 503/549/526 502/547/526 535/574/526 536/576/526
f 490/550/527 489/548/527 522/575/527 523/577/527
f 504/551/528 503/549/528 536/576/528 537/578/528
f 491/552/529 490/550/529 523/577/529 524/579/529
f 505/553/530 504/551/530 537/578/530 538/580/530
f 492/554/531 491/552/531 524/579/531 525/581/531
f 506/555/532 505/553/532 538/580/532 539/582/532
f 493/556/533 492/554/533 525/581/533 526/583/533
f 507/557/534 506/555/534 539/582/534 540/584/534
f 494/558/535 493/556/535 526/583/535 527/585/535
f 508/527/536 507/557/536 540/584/536 541/586/536
f 495/529/537 494/558/537 527/585/537 528/587/537
f 482/531/538 514/588/538 515/589/538
f 509/528/539 508/527/539 541/586/539 542/590/539
f 496/530/540 495/529/540 528/587/540 529/591/540
f 483/532/541 482/531/541 515/589/541 516/592/541
f 510/533/542 509/528/542 542/590/542 543/560/542
f 497/534/543 496/530/543 529/591/543 530/562/543
f 484/535/544 483/532/544 516/592/544 517/564/544
f 513/593/545 545/566/545 576/594/545
f 533/570/546 532/567/546 563/595/546 564/596/546
f 520/571/547 519/568/547 550/597/547 551/598/547
f 534/572/548 533/570/548 564/596/548 565/599/548
f 521/573/549 520/571/549 551/598/549 552/600/549
f 535/574/550 534/572/550 565/599/550 566/601/550
f 522/575/551 521/573/551 552/600/551 553/602/551
f 536/576/552 535/574/552 566/601/552 567/603/552
f 523/577/553 522/575/553 553/602/553 554/604/553
f 537/578/554 536/576/554 567/603/554 568/605/554
f 524/579/555 523/577/555 554/604/555 555/606/555
f 538/580/556 537/578/556 568/605/556 569/607/556
f 525/581/557 524/579/557 555/606/557 556/608/557
f 539/582/558 538/580/558 569/607/558 570/609/558
f 526/583/559 525/581/559 556/608/559 557/610/559
f 540/584/560 539/582/560 570/609/560 571/611/560
f 527/585/561 526/583/561 557/610/561 558/612/561
f 541/586/562 540/584/562 571/611/562 572/613/562
f 528/587/563 527/585/563 558/612/563 559/614/563
f 515/589/564 514/615/564 546/616/564
f 542/590/565 541/586/565 572/613/565 573/617/565
f 529/591/566 528/587/566 559/614/566 560/618/566
f 516/592/567 515/589/567 546/616/567 547/619/567
f 543/560/568 542/590/568 573/617/568 574/620/568
f 530/562/569 529/591/569 560/618/569 561/621/569
f 517/564/570 516/592/570 547/619/570 548/622/570
f 544/561/571 543/560/571 574/620/571 575/623/571
f 531/563/572 530/562/572 561/621/572 562/624/572
f 518/565/573 517/564/573 548/622/573 549/625/573
f 545/566/574 544/561/574 575/623/574 576/594/574
f 532/567/575 531/563/575 562/624/575 563/595/575
f 519/568/576 518/565/576 549/625/576 550/597/576
f 566/601/577 565/599/577 596/626/577 597/627/577
f 553/602/578 552/600/578 583/628/578 584/629/578
f 567/603/579 566/601/579 597/627/579 598/630/579
f 554/604/580 553/602/580 584/629/580 585/631/580
f 568/605/581 567/603/581 598/630/581 599/632/581
f 555/606/582 554/604/582 585/631/582 586/633/582
f 569/607/583 568/605/583 599/632/583 600/634/583
f 556/608/584 555/606/584 586/633/584 587/635/584
f 570/609/585 569/607/585 600/634/585 601/636/585
f 557/610/586 556/608/586 587/635/586 588/637/586
f 571/611/587 570/609/587 601/636/587 602/638/587
f 558/612/588 557/610/588 588/637/588 589/639/588
f 572/613/589 571/611/589 602/638/589 603/640/589
f 559/614/590 558/612/590 589/639/590 590/641/590
f 546/616/591 514/642/591 577/643/591
f 573/617/592 572/613/592 603/640/592 604/644/592
f 560/618/593 559/614/593 590/641/593 591/645/593
f 547/619/594 546/616/594 577/643/594 578/646/594
f 574/620/595 573/617/595 604/644/595 605/647/595
f 561/621/596 560/618/596 591/645/596 592/648/596
f 548/622/597 547/619/597 578/646/597 579/649/597
f 575/623/598 574/620/598 605/647/598 606/650/598
f 562/624/599 561/621/599 592/648/599 593/651/599
f 549/625/600 548/622/600 579/649/600 580/652/600
f 576/594/601 575/623/601 606/650/601 607/653/601
f 563/595/602 562/624/602 593/651/602 594/654/602
f 550/597/603 549/625/603 580/652/603 581/655/603
f 513/656/604 576/594/604 607/653/604
f 564/596/605 563/595/605 594/654/605 595/657/605
f 551/598/606 550/597/606 581/655/606 582/658/606
f 565/599/607 564/596/607 595/657/607 596/626/607
f 552/600/608 551/598/608 582/658/608 583/628/608
f 599/632/609 598/630/609 629/659/609 630/660/609
f 586/633/610 585/631/610 616/661/610 617/662/610
f 600/634/611 599/632/611 630/660/611 631/663/611
f 587/635/612 586/633/612 617/662/612 618/664/612
f 601/636/613 600/634/613 631/663/613 632/665/613
f 588/637/614 587/635/614 618/664/614 619/666/614
f 602/638/615 601/636/615 632/665/615 633/667/615
f 589/639/616 588/637/616 619/666/616 620/668/616
f 603/640/617 602/638/617 633/667/617 634/669/617
f 590/641/618 589/639/618 620/668/618 621/670/618
f 577/643/619 514/671/619 608/672/619
f 604/644/620 603/640/620 634/669/620 635/673/620
f 591/645/621 590/641/621 621/670/621 622/674/621
f 578/646/622 577/643/622 608/672/622 609/675/622
f 605/647/623 604/644/623 635/673/623 636/676/623
f 592/648/624 591/645/624 622/674/624 623/677/624
f 579/649/625 578/646/625 609/675/625 610/678/625
f 606/650/626 605/647/626 636/676/626 637/679/626
f 593/651/627 592/648/627 623/677/627 624/680/627
f 580/652/628 579/649/628 610/678/628 611/681/628
f 607/653/629 606/650/629 637/679/629 638/682/629
f 594/654/630 593/651/630 624/680/630 625/683/630
f 581/655/631 580/652/631 611/681/631 612/684/631
f 513/685/632 607/653/632 638/682/632
f 595/657/633 594/654/633 625/683/633 626/686/633
f 582/658/634 581/655/634 612/684/634 613/687/634
f 596/626/635 595/657/635 626/686/635 627/688/635
f 583/628/636 582/658/636 613/687/636 614/689/636
f 597/627/637 596/626/637 627/688/637 628/690/637
f 584/629/638 583/628/638 614/689/638 615/691/638
f 598/630/639 597/627/639 628/690/639 629/659/639
f 585/631/640 584/629/640 615/691/640 616/661/640
f 632/665/641 631/663/641 662/692/641 663/693/641
f 619/666/642 618/664/642 649/694/642 650/695/642
f 633/667/643 632/665/643 663/693/643 664/696/643
f 620/668/644 619/666/644 650/695/644 651/697/644
f 634/669/645 633/667/645 664/696/645 665/698/645
f 621/670/646 620/668/646 651/697/646 652/699/646
f 608/672/647 514/700/647 639/701/647
f 635/673/648 634/669/648 665/698/648 666/702/648
f 622/674/649 621/670/649 652/699/649 653/703/649
f 609/675/650 608/672/650 639/701/650 640/704/650
f 636/676/651 635/673/651 666/702/651 667/705/651
f 623/677/652 622/674/652 653/703/652 654/706/652
f 610/678/653 609/675/653 640/704/653 641/707/653
f 637/679/654 636/676/654 667/705/654 668/708/654
f 624/680/655 623/677/655 654/706/655 655/709/655
f 611/681/656 610/678/656 641/707/656 642/710/656
f 638/682/657 637/679/657 668/708/657 669/711/657
f 625/683/658 624/680/658 655/709/658 656/712/658
f 612/684/659 611/681/659 642/710/659 643/713/659
f 513/714/660 638/682/660 669/711/660
f 626/686/661 625/683/661 656/712/661 657/715/661
f 613/687/662 612/684/662 643/713/662 644/716/662
f 627/688/663 626/686/663 657/715/663 658/717/663
f 614/689/664 613/687/664 644/716/664 645/718/664
f 628/690/665 627/688/665 658/717/665 659/719/665
f 615/691/666 614/689/666 645/718/666 646/720/666
f 629/659/667 628/690/667 659/719/667 660/721/667
f 616/661/668 615/691/668 646/720/668 647/722/668
f 630/660/669 629/659/669 660/721/669 661/723/669
f 617/662/670 616/661/670 647/722/670 648/724/670
f 631/663/671 630/660/671 661/723/671 662/692/671
f 618/664/672 617/662/672 648/724/672 649/694/672
f 665/698/673 664/696/673 695/725/673 696/726/673
f 652/699/674 651/697/674 682/727/674 683/728/674
f 639/701/675 514/729/675 670/730/675
f 666/702/676 665/698/676 696/726/676 697/731/676
f 653/703/677 652/699/677 683/728/677 684/732/677
f 640/704/678 639/701/678 670/730/678 671/733/678
f 667/705/679 666/702/679 697/731/679 698/734/679
f 654/706/680 653/703/680 684/732/680 685/735/680
f 641/707/681 640/704/681 671/733/681 672/736/681
f 668/708/682 667/705/682 698/734/682 699/737/682
f 655/709/683 654/706/683 685/735/683 686/738/683
f 642/710/684 641/707/684 672/736/684 673/739/684
f 669/711/685 668/708/685 699/737/685 700/740/685
f 656/712/686 655/709/686 686/738/686 687/741/686
f 643/713/687 642/710/687 673/739/687 674/742/687
f 513/743/688 669/711/688 700/740/688
f 657/715/689 656/712/689 687/741/689 688/744/689
f 644/716/690 643/713/690 674/742/690 675/745/690
f 658/717/691 657/715/691 688/744/691 689/746/691
f 645/718/692 644/716/692 675/745/692 676/747/692
f 659/719/693 658/717/693 689/746/693 690/748/693
f 646/720/694 645/718/694 676/747/694 677/749/694
f 660/721/695 659/719/695 690/748/695 691/750/695
f 647/722/696 646/720/696 677/749/696 678/751/696
f 661/723/697 660/721/697 691/750/697 692/752/697
f 648/724/698 647/722/698 678/751/698 679/753/698
f 662/692/699 661/723/699 692/752/699 693/754/699
f 649/694/700 648/724/700 679/753/700 680/755/700
f 663/693/701 662/692/701 693/754/701 694/756/701
f 650/695/702 649/694/702 680/755/702 681/757/702
f 664/696/703 663/693/703 694/756/703 695/725/703
f 651/697/704 650/695/704 681/757/704 682/727/704
f 671/733/705 670/730/705 701/758/705 702/759/705
f 698/734/706 697/731/706 728/760/706 729/761/706
f 685/735/707 684/732/707 715/762/707 716/763/707
f 672/736/708 671/733/708 702/759/708 703/764/708
f 699/737/709 698/734/709 729/761/709 730/765/709
f 686/738/710 685/735/710 716/763/710 717/766/710
f 673/739/711 672/736/711 703/764/711 704/767/711
f 700/740/712 699/737/712 730/765/712 731/768/712
f 687/741/713 686/738/713 717/766/713 718/769/713
f 674/742/714 673/739/714 704/767/714 705/770/714
f 513/771/715 700/740/715 731/768/715
f 688/744/716 687/741/716 718/769/716 719/772/716
f 675/745/717 674/742/717 705/770/717 706/773/717
f 689/746/718 688/744/718 719/772/718 720/774/718
f 676/747/719 675/745/719 706/773/719 707/775/719
f 690/748/720 689/746/720 720/774/720 721/776/720
f 677/749/721 676/747/721 707/775/721 708/777/721
f 691/750/722 690/748/722 721/776/722 722/778/722
f 678/751/723 677/749/723 708/777/723 709/779/723
f 692/752/724 691/750/724 722/778/724 723/780/724
f 679/753/725 678/751/725 709/779/725 710/781/725
f 693/754/726 692/752/726 723/780/726 724/782/726
f 680/755/727 679/753/727 710/781/727 711/783/727
f 694/756/728 693/754/728 724/782/728 725/784/728
f 681/757/729 680/755/729 711/783/729 712/785/729
f 695/725/730 694/756/730 725/784/730 726/786/730
f 682/727/731 681/757/731 712/785/731 713/787/731
f 696/726/732 695/725/732 726/786/732 727/788/732
f 683/728/733 682/727/733 713/787/733 714/789/733
f 670/730/734 514/790/734 701/758/734
f 697/731/735 696/726/735 727/788/735 728/760/735
f 684/732/736 683/728/736 714/789/736 715/762/736
f 704/767/737 703/764/737 734/791/737 735/792/737
f 731/768/738 730/765/738 761/793/738 762/794/738
f 718/769/739 717/766/739 748/795/739 749/796/739
f 705/770/740 704/767/740 735/792/740 736/797/740
f 513/798/741 731/768/741 762/794/741
f 719/772/742 718/769/742 749/796/742 750/799/742
f 706/773/743 705/770/743 736/797/743 737/800/743
f 720/774/744 719/772/744 750/799/744 751/801/744
f 707/775/745 706/773/745 737/800/745 738/802/745
f 721/776/746 720/774/746 751/801/746 752/803/746
f 708/777/747 707/775/747 738/802/747 739/804/747
f 722/778/748 721/776/748 752/803/748 753/805/748
f 709/779/749 708/777/749 739/804/749 740/806/749
f 723/780/750 722/778/750 753/805/750 754/807/750
f 710/781/751 709/779/751 740/806/751 741/808/751
f 724/782/752 723/780/752 754/807/752 755/809/752
f 711/783/753 710/781/753 741/808/753 742/810/753
f 725/784/754 724/782/754 755/809/754 756/811/754
f 712/785/755 711/783/755 742/810/755 743/812/755
f 726/786/756 725/784/756 756/811/756 757/813/756
f 713/787/757 712/785/757 743/812/757 744/814/757
f 727/788/758 726/786/758 757/813/758 758/815/758
f 714/789/759 713/787/759 744/814/759 745/816/759
f 701/758/760 514/817/760 732/818/760
f 728/760/761 727/788/761 758/815/761 759/819/761
f 715/762/762 714/789/762 745/816/762 746/820/762
f 702/759/763 701/758/763 732/818/763 733/821/763
f 729/761/764 728/760/764 759/819/764 760/822/764
f 716/763/765 715/762/765 746/820/765 747/823/765
f 703/764/766 702/759/766 733/821/766 734/791/766
f 730/765/767 729/761/767 760/822/767 761/793/767
f 717/766/768 716/763/768 747/823/768 748/795/768
f 737/824/769 736/825/769 767/826/769 768/827/769
f 751/828/770 750/829/770 781/830/770 782/831/770
f 738/832/771 737/824/771 768/827/771 769/833/771
f 752/834/772 751/828/772 782/831/772 783/835/772
f 739/836/773 738/832/773 769/833/773 770/837/773
f 753/838/774 752/834/774 783/835/774 784/839/774
f 740/840/775 739/836/775 770/837/775 771/841/775
f 754/842/776 753/838/776 784/839/776 785/843/776
f 741/844/777 740/840/777 771/841/777 772/845/777
f 755/846/778 754/842/778 785/843/778 786/847/778
f 742/848/779 741/844/779 772/845/779 773/849/779
f 756/850/780 755/846/780 786/847/780 787/851/780
f 743/852/781 742/848/781 773/849/781 774/853/781
f 757/854/782 756/850/782 787/851/782 788/855/782
f 744/856/783 743/852/783 774/853/783 775/857/783
f 758/858/784 757/854/784 788/855/784 789/859/784
f 745/860/785 744/856/785 775/857/785 776/861/785
f 732/862/786 514/863/786 763/864/786
f 759/865/787 758/858/787 789/859/787 790/866/787
f 746/867/788 745/860/788 776/861/788 777/868/788
f 733/869/789 732/862/789 763/864/789 764/870/789
f 760/871/790 759/865/790 790/866/790 791/872/790
f 747/873/791 746/867/791 777/868/791 778/874/791
f 734/875/792 733/869/792 764/870/792 765/876/792
f 761/877/793 760/871/793 791/872/793 792/878/793
f 748/879/794 747/873/794 778/874/794 779/880/794
f 735/881/795 734/875/795 765/876/795 766/882/795
f 762/883/796 761/877/796 792/878/796 793/884/796
f 749/885/797 748/879/797 779/880/797 780/886/797
f 736/825/798 735/881/798 766/882/798 767/826/798
f 513/887/799 762/883/799 793/884/799
f 750/829/800 749/885/800 780/886/800 781/830/800
f 770/837/801 769/833/801 800/888/801 801/889/801
f 784/839/802 783/835/802 814/890/802 815/891/802
f 771/841/803 770/837/803 801/889/803 802/892/803
f 785/843/804 784/839/804 815/891/804 816/893/804
f 772/845/805 771/841/805 802/892/805 803/894/805
f 786/847/806 785/843/806 816/893/806 817/895/806
f 773/849/807 772/845/807 803/894/807 804/896/807
f 787/851/808 786/847/808 817/895/808 818/897/808
f 774/853/809 773/849/809 804/896/809 805/898/809
f 788/855/810 787/851/810 818/897/810 819/899/810
f 775/857/811 774/853/811 805/898/811 806/900/811
f 789/859/812 788/855/812 819/899/812 820/901/812
f 776/861/813 775/857/813 806/900/813 807/902/813
f 763/864/814 514/903/814 794/904/814
f 790/866/815 789/859/815 820/901/815 821/905/815
f 777/868/816 776/861/816 807/902/816 808/906/816
f 764/870/817 763/864/817 794/904/817 795/907/817
f 791/872/818 790/866/818 821/905/818 822/908/818
f 778/874/819 777/868/819 808/906/819 809/909/819
f 765/876/820 764/870/820 795/907/820 796/910/820
f 792/878/821 791/872/821 822/908/821 823/911/821
f 779/880/822 778/874/822 809/909/822 810/912/822
f 766/882/823 765/876/823 796/910/823 797/913/823
f 793/884/824 792/878/824 823/911/824 824/914/824
f 780/886/825 779/880/825 810/912/825 811/915/825
f 767/826/826 766/882/826 797/913/826 798/916/826
f 513/917/827 793/884/827 824/914/827
f 781/830/828 780/886/828 811/915/828 812/918/828
f 768/827/829 767/826/829 798/916/829 799/919/829
f 782/831/830 781/830/830 812/918/830 813/920/830
f 769/833/831 768/827/831 799/919/831 800/888/831
f 783/835/832 782/831/832 813/920/832 814/890/832
f 817/895/833 816/893/833 847/921/833 848/922/833
f 804/896/834 803/894/834 834/923/834 835/924/834
f 818/897/835 817/895/835 848/922/835 849/925/835
f 805/898/836 804/896/836 835/924/836 836/926/836
f 819/899/837 818/897/837 849/925/837 850/927/837
f 806/900/838 805/898/838 836/926/838 837/928/838
f 820/901/839 819/899/839 850/927/839 851/929/839
f 807/902/840 806/900/840 837/928/840 838/930/840
f 794/904/841 514/931/841 825/932/841
f 821/905/842 820/901/842 851/929/842 852/933/842
f 808/906/843 807/902/843 838/930/843 839/934/843
f 795/907/844 794/904/844 825/932/844 826/935/844
f 822/908/845 821/905/845 852/933/845 853/936/845
f 809/909/846 808/906/846 839/934/846 840/937/846
f 796/910/847 795/907/847 826/935/847 827/938/847
f 823/911/848 822/908/848 853/936/848 854/939/848
f 810/912/849 809/909/849 840/937/849 841/940/849
f 797/913/850 796/910/850 827/938/850 828/941/850
f 824/914/851 823/911/851 854/939/851 855/942/851
f 811/915/852 810/912/852 841/940/852 842/943/852
f 798/916/853 797/913/853 828/941/853 829/944/853
f 513/945/854 824/914/854 855/942/854
f 812/918/855 811/915/855 842/943/855 843/946/855
f 799/919/856 798/916/856 829/944/856 830/947/856
f 813/920/857 812/918/857 843/946/857 844/948/857
f 800/888/858 799/919/858 830/947/858 831/949/858
f 814/890/859 813/920/859 844/948/859 845/950/859
f 801/889/860 800/888/860 831/949/860 832/951/860
f 815/891/861 814/890/861 845/950/861 846/952/861
f 802/892/862 801/889/862 832/951/862 833/953/862
f 816/893/863 815/891/863 846/952/863 847/921/863
f 803/894/864 802/892/864 833/953/864 834/923/864
f 850/927/865 849/925/865 880/954/865 881/955/865
f 837/928/866 836/926/866 867/956/866 868/957/866
f 851/929/867 850/927/867 881/955/867 882/958/867
f 838/930/868 837/928/868 868/957/868 869/959/868
f 825/932/869 514/960/869 856/961/869
f 852/933/870 851/929/870 882/958/870 883/962/870
f 839/934/871 838/930/871 869/959/871 870/963/871
f 826/935/872 825/932/872 856/961/872 857/964/872
f 853/936/873 852/933/873 883/962/873 884/965/873
f 840/937/874 839/934/874 870/963/874 871/966/874
f 827/938/875 826/935/875 857/964/875 858/967/875
f 854/939/876 853/936/876 884/965/876 885/968/876
f 841/940/877 840/937/877 871/966/877 872/969/877
f 828/941/878 827/938/878 858/967/878 859/970/878
f 855/942/879 854/939/879 885/968/879 886/971/879
f 842/943/880 841/940/880 872/969/880 873/972/880
f 829/944/881 828/941/881 859/970/881 860/973/881
f 513/974/882 855/942/882 886/971/882
f 843/946/883 842/943/883 873/972/883 874/975/883
f 830/947/884 829/944/884 860/973/884 861/976/884
f 844/948/885 843/946/885 874/975/885 875/977/885
f 831/949/886 830/947/886 861/976/886 862/978/886
f 845/950/887 844/948/887 875/977/887 876/979/887
f 832/951/888 831/949/888 862/978/888 863/980/888
f 846/952/889 845/950/889 876/979/889 877/981/889
f 833/953/890 832/951/890 863/980/890 864/982/890
f 847/921/891 846/952/891 877/981/891 878/983/891
f 834/923/892 833/953/892 864/982/892 865/984/892
f 848/922/893 847/921/893 878/983/893 879/985/893
f 835/924/894 834/923/894 865/984/894 866/986/894
f 849/925/895 848/922/895 879/985/895 880/954/895
f 836/926/896 835/924/896 866/986/896 867/956/896
f 856/961/897 514/987/897 887/988/897
f 883/962/898 882/958/898 913/989/898 914/990/898
f 870/963/899 869/959/899 900/991/899 901/992/899
f 857/964/900 856/961/900 887/988/900 888/993/900
f 884/965/901 883/962/901 914/990/901 915/994/901
f 871/966/902 870/963/902 901/992/902 902/995/902
f 858/967/903 857/964/903 888/993/903 889/996/903
f 885/968/904 884/965/904 915/994/904 916/997/904
f 872/969/905 871/966/905 902/995/905 903/998/905
f 859/970/906 858/967/906 889/996/906 890/999/906
f 886/971/907 885/968/907 916/997/907 917/1000/907
f 873/972/908 872/969/908 903/998/908 904/1001/908
f 860/973/909 859/970/909 890/999/909 891/1002/909
f 513/1003/910 886/971/910 917/1000/910
f 874/975/911 873/972/911 904/1001/911 905/1004/911
f 861/976/912 860/973/912 891/1002/912 892/1005/912
f 875/977/913 874/975/913 905/1004/913 906/1006/913
f 862/978/914 861/976/914 892/1005/914 893/1007/914
f 876/979/915 875/977/915 906/1006/915 907/1008/915
f 863/980/916 862/978/916 893/1007/916 894/1009/916
f 877/981/917 876/979/917 907/1008/917 908/1010/917
f 864/982/918 863/980/918 894/1009/918 895/1011/918
f 878/983/919 877/981/919 908/1010/919 909/1012/919
f 865/984/920 864/982/920 895/1011/920 896/1013/920
f 879/985/921 878/983/921 909/1012/921 910/1014/921
f 866/986/922 865/984/922 896/1013/922 897/1015/922
f 880/954/923 879/985/923 910/1014/923 911/1016/923
f 867/956/924 866/986/924 897/1015/924 898/1017/924
f 881/955/925 880/954/925 911/1016/925 912/1018/925
f 868/957/926 867/956/926 898/1017/926 899/1019/926
f 882/958/927 881/955/927 912/1018/927 913/989/927
f 869/959/928 868/957/928 899/1019/928 900/991/928
f 889/996/929 888/993/929 919/1020/929 920/1021/929
f 916/997/930 915/994/930 946/1022/930 947/1023/930
f 903/998/931 902/995/931 933/1024/931 934/1025/931
f 890/999/932 889/996/932 920/1021/932 921/1026/932
f 917/1000/933 916/997/933 947/1023/933 948/1027/933
f 904/1001/934 903/998/934 934/1025/934 935/1028/934
f 891/1002/935 890/999/935 921/1026/935 922/1029/935
f 513/1030/936 917/1000/936 948/1027/936
f 905/1004/937 904/1001/937 935/1028/937 936/1031/937
f 892/1005/938 891/1002/938 922/1029/938 923/1032/938
f 906/1006/939 905/1004/939 936/1031/939 937/1033/939
f 893/1007/940 892/1005/940 923/1032/940 924/1034/940
f 907/1008/941 906/1006/941 937/1033/941 938/1035/941
f 894/1009/942 893/1007/942 924/1034/942 925/1036/942
f 908/1010/943 907/1008/943 938/1035/943 939/1037/943
f 895/1011/944 894/1009/944 925/1036/944 926/1038/944
f 909/1012/945 908/1010/945 939/1037/945 940/1039/945
f 896/1013/946 895/1011/946 926/1038/946 927/1040/946
f 910/1014/947 909/1012/947 940/1039/947 941/1041/947
f 897/1015/948 896/1013/948 927/1040/948 928/1042/948
f 911/1016/949 910/1014/949 941/1041/949 942/1043/949
f 898/1017/950 897/1015/950 928/1042/950 929/1044/950
f 912/1018/951 911/1016/951 942/1043/951 943/1045/951
f 899/1019/952 898/1017/952 929/1044/952 930/1046/952
f 913/989/953 912/1018/953 943/1045/953 944/1047/953
f 900/991/954 899/1019/954 930/1046/954 931/1048/954
f 887/988/955 514/1049/955 918/1050/955
f 914/990/956 913/989/956 944/1047/956 945/1051/956
f 901/992/957 900/991/957 931/1048/957 932/1052/957
f 888/993/958 887/988/958 918/1050/958 919/1020/958
f 915/994/959 914/990/959 945/1051/959 946/1022/959
f 902/995/960 901/992/960 932/1052/960 933/1024/960
f 922/1029/961 921/1026/961 952/1053/961 953/1054/961
f 513/1055/962 948/1027/962 979/1056/962
f 936/1031/963 935/1028/963 966/1057/963 967/1058/963
f 923/1032/964 922/1029/964 953/1054/964 954/1059/964
f 937/1033/965 936/1031/965 967/1058/965 968/1060/965
f 924/1034/966 923/1032/966 954/1059/966 955/1061/966
f 938/1035/967 937/1033/967 968/1060/967 969/1062/967
f 925/1036/968 924/1034/968 955/1061/968 956/1063/968
f 939/1037/969 938/1035/969 969/1062/969 970/1064/969
f 926/1038/970 925/1036/970 956/1063/970 957/1065/970
f 940/1039/971 939/1037/971 970/1064/971 971/1066/971
f 927/1040/972 926/1038/972 957/1065/972 958/1067/972
f 941/1041/973 940/1039/973 971/1066/973 972/1068/973
f 928/1042/974 927/1040/974 958/1067/974 959/1069/974
f 942/1043/975 941/1041/975 972/1068/975 973/1070/975
f 929/1044/976 928/1042/976 959/1069/976 960/1071/976
f 943/1045/977 942/1043/977 973/1070/977 974/1072/977
f 930/1046/978 929/1044/978 960/1071/978 961/1073/978
f 944/1047/979 943/1045/979 974/1072/979 975/1074/979
f 931/1048/980 930/1046/980 961/1073/980 962/1075/980
f 918/1050/981 514/1076/981 949/1077/981
f 945/1051/982 944/1047/982 975/1074/982 976/1078/982
f 932/1052/983 931/1048/983 962/1075/983 963/1079/983
f 919/1020/984 918/1050/984 949/1077/984 950/1080/984
f 946/1022/985 945/1051/985 976/1078/985 977/1081/985
f 933/1024/986 932/1052/986 963/1079/986 964/1082/986
f 920/1021/987 919/1020/987 950/1080/987 951/1083/987
f 947/1023/988 946/1022/988 977/1081/988 978/1084/988
f 934/1025/989 933/1024/989 964/1082/989 965/1085/989
f 921/1026/990 920/1021/990 951/1083/990 952/1053/990
f 948/1027/991 947/1023/991 978/1084/991 979/1056/991
f 935/1028/992 934/1025/992 965/1085/992 966/1057/992
f 955/1061/993 954/1059/993 985/8/993 1/14/993
f 969/1062/994 968/1060/994 991/12/994 9/16/994
f 956/1063/995 955/1061/995 1/14/995 986/18/995
f 970/1064/996 969/1062/996 9/16/996 10/20/996
f 957/1065/997 956/1063/997 986/18/997 2/22/997
f 971/1066/998 970/1064/998 10/20/998 11/24/998
f 958/1067/999 957/1065/999 2/22/999 987/26/999
f 972/1068/1000 971/1066/1000 11/24/1000 992/28/1000
f 959/1069/1001 958/1067/1001 987/26/1001 988/30/1001
f 973/1070/1002 972/1068/1002 992/28/1002 12/32/1002
f 960/1071/1003 959/1069/1003 988/30/1003 3/34/1003
f 974/1072/1004 973/1070/1004 12/32/1004 13/36/1004
f 961/1073/1005 960/1071/1005 3/34/1005 4/38/1005
f 975/1074/1006 974/1072/1006 13/36/1006 14/40/1006
f 962/1075/1007 961/1073/1007 4/38/1007 5/42/1007
f 949/1077/1008 514/1086/1008 980/44/1008
f 976/1078/1009 975/1074/1009 14/40/1009 993/47/1009
f 963/1079/1010 962/1075/1010 5/42/1010 6/49/1010
f 950/1080/1011 949/1077/1011 980/44/1011 981/51/1011
f 977/1081/1012 976/1078/1012 993/47/1012 994/53/1012
f 964/1082/1013 963/1079/1013 6/49/1013 989/55/1013
f 951/1083/1014 950/1080/1014 981/51/1014 982/57/1014
f 978/1084/1015 977/1081/1015 994/53/1015 15/59/1015
f 965/1085/1016 964/1082/1016 989/55/1016 7/61/1016
f 952/1053/1017 951/1083/1017 982/57/1017 983/63/1017
f 979/1056/1018 978/1084/1018 15/59/1018 16/2/1018
f 966/1057/1019 965/1085/1019 7/61/1019 8/5/1019
f 953/1054/1020 952/1053/1020 983/63/1020 984/9/1020
f 513/1087/1021 979/1056/1021 16/2/1021
f 967/1058/1022 966/1057/1022 8/5/1022 990/4/1022
f 954/1059/1023 953/1054/1023 984/9/1023 985/8/1023
f 968/1060/1024 967/1058/1024 990/4/1024 991/12/1024
