# Blender 4.2.1 LTS
# www.blender.org
o Sphere_8
v 0.000000 0.980785 -0.195090
v 0.000000 0.956940 -0.290285
v 0.000000 0.803208 -0.595699
v 0.000000 0.740951 -0.671559
v 0.000000 0.707107 -0.707107
v 0.000000 0.671559 -0.740951
v 0.000000 0.595699 -0.803208
v 0.000000 0.555570 -0.831470
v 0.000000 0.514103 -0.857729
v 0.000000 0.471397 -0.881921
v 0.000000 0.427555 -0.903989
v 0.000000 0.382683 -0.923880
v 0.000000 0.336890 -0.941544
v 0.000000 0.290285 -0.956940
v 0.000000 0.242980 -0.970031
v 0.000000 0.146730 -0.989177
v 0.000000 0.098017 -0.995185
v 0.000000 0.049068 -0.998795
v 0.000000 0.000000 -1.000000
v 0.000000 -0.098017 -0.995185
v 0.000000 -0.146730 -0.989177
v 0.000000 -0.242980 -0.970031
v 0.000000 -0.290285 -0.956940
v 0.000000 -0.382683 -0.923880
v 0.000000 -0.427555 -0.903989
v 0.000000 -0.471397 -0.881921
v 0.000000 -0.514103 -0.857729
v 0.000000 -0.555570 -0.831470
v 0.000000 -0.595699 -0.803208
v 0.000000 -0.671559 -0.740951
v 0.000000 -0.707107 -0.707107
v 0.000000 -0.740951 -0.671559
v 0.000000 -0.773010 -0.634393
v 0.000000 -0.803208 -0.595699
v 0.000000 -0.857729 -0.514103
v 0.000000 -0.881921 -0.471397
v 0.000000 -0.903989 -0.427555
v 0.000000 -0.923880 -0.382683
v 0.000000 -0.941544 -0.336890
v 0.000000 -0.956940 -0.290285
v 0.000000 -0.980785 -0.195090
v 0.004809 0.998795 -0.048831
v 0.009607 0.995185 -0.097545
v 0.014382 0.989177 -0.146024
v 0.019122 0.980785 -0.194151
v 0.023816 0.970031 -0.241810
v 0.028453 0.956940 -0.288887
v 0.033021 0.941544 -0.335268
v 0.037510 0.923880 -0.380841
v 0.041908 0.903989 -0.425496
v 0.046205 0.881921 -0.469127
v 0.050391 0.857729 -0.511627
v 0.054455 0.831470 -0.552895
v 0.058389 0.803208 -0.592831
v 0.062181 0.773010 -0.631339
v 0.065824 0.740951 -0.668325
v 0.069309 0.707107 -0.703702
v 0.072626 0.671559 -0.737383
v 0.075768 0.634393 -0.769288
v 0.078728 0.595699 -0.799340
v 0.081498 0.555570 -0.827466
v 0.084072 0.514103 -0.853598
v 0.086443 0.471397 -0.877675
v 0.088606 0.427555 -0.899636
v 0.090556 0.382683 -0.919431
v 0.092287 0.336890 -0.937010
v 0.093797 0.290285 -0.952332
v 0.095080 0.242980 -0.965360
v 0.096134 0.195090 -0.976062
v 0.096956 0.146730 -0.984413
v 0.097545 0.098017 -0.990393
v 0.097899 0.049068 -0.993986
v 0.098017 0.000000 -0.995185
v 0.097899 -0.049068 -0.993986
v 0.097545 -0.098017 -0.990393
v 0.096956 -0.146730 -0.984413
v 0.096134 -0.195090 -0.976062
v 0.095080 -0.242980 -0.965360
v 0.093797 -0.290285 -0.952332
v 0.092287 -0.336890 -0.937010
v 0.090556 -0.382683 -0.919431
v 0.088606 -0.427555 -0.899636
v 0.086443 -0.471397 -0.877675
v 0.084072 -0.514103 -0.853598
v 0.081498 -0.555570 -0.827466
v 0.078728 -0.595699 -0.799340
v 0.075768 -0.634393 -0.769288
v 0.072626 -0.671559 -0.737383
v 0.069309 -0.707107 -0.703702
v 0.065824 -0.740951 -0.668325
v 0.062181 -0.773010 -0.631339
v 0.058389 -0.803208 -0.592831
v 0.054455 -0.831470 -0.552895
v 0.050391 -0.857729 -0.511627
v 0.046205 -0.881921 -0.469127
v 0.041908 -0.903989 -0.425496
v 0.037510 -0.923880 -0.380841
v 0.033021 -0.941544 -0.335268
v 0.028453 -0.956940 -0.288887
v 0.023816 -0.970031 -0.241810
v 0.019122 -0.980785 -0.194151
v 0.014382 -0.989177 -0.146024
v 0.009607 -0.995185 -0.097545
v 0.004809 -0.998795 -0.048831
v 0.009573 0.998795 -0.048125
v 0.019122 0.995185 -0.096134
v 0.028626 0.989177 -0.143911
v 0.038060 0.980785 -0.191342
v 0.047403 0.970031 -0.238311
v 0.056632 0.956940 -0.284707
v 0.065724 0.941544 -0.330417
v 0.074658 0.923880 -0.375330
v 0.083412 0.903989 -0.419340
v 0.091965 0.881921 -0.462339
v 0.100296 0.857729 -0.504224
v 0.108386 0.831470 -0.544895
v 0.116215 0.803208 -0.584253
v 0.123764 0.773010 -0.622204
v 0.131015 0.740951 -0.658655
v 0.137950 0.707107 -0.693520
v 0.144552 0.671559 -0.726714
v 0.150807 0.634393 -0.758157
v 0.156698 0.595699 -0.787774
v 0.162212 0.555570 -0.815493
v 0.167335 0.514103 -0.841248
v 0.172054 0.471397 -0.864975
v 0.176360 0.427555 -0.886619
v 0.180240 0.382683 -0.906127
v 0.183686 0.336890 -0.923452
v 0.186690 0.290285 -0.938553
v 0.189244 0.242980 -0.951392
v 0.191342 0.195090 -0.961940
v 0.192979 0.146730 -0.970170
v 0.194151 0.098017 -0.976062
v 0.194855 0.049068 -0.979604
v 0.195090 0.000000 -0.980785
v 0.194855 -0.049068 -0.979604
v 0.194151 -0.098017 -0.976062
v 0.192979 -0.146730 -0.970170
v 0.191342 -0.195090 -0.961940
v 0.189244 -0.242980 -0.951392
v 0.186690 -0.290285 -0.938553
v 0.183686 -0.336890 -0.923452
v 0.180240 -0.382683 -0.906127
v 0.176360 -0.427555 -0.886619
v 0.172054 -0.471397 -0.864975
v 0.167335 -0.514103 -0.841248
v 0.162212 -0.555570 -0.815493
v 0.156698 -0.595699 -0.787774
v 0.150807 -0.634393 -0.758157
v 0.144552 -0.671559 -0.726714
v 0.137950 -0.707107 -0.693520
v 0.131015 -0.740951 -0.658655
v 0.123764 -0.773010 -0.622204
v 0.116215 -0.803208 -0.584253
v 0.108386 -0.831470 -0.544895
v 0.100296 -0.857729 -0.504224
v 0.091965 -0.881921 -0.462339
v 0.083412 -0.903989 -0.419340
v 0.074658 -0.923880 -0.375330
v 0.065724 -0.941544 -0.330417
v 0.056632 -0.956940 -0.284707
v 0.047403 -0.970031 -0.238311
v 0.038060 -0.980785 -0.191342
v 0.028626 -0.989177 -0.143911
v 0.019122 -0.995185 -0.096134
v 0.009573 -0.998795 -0.048125
v 0.014244 0.998795 -0.046955
v 0.028453 0.995185 -0.093797
v 0.042594 0.989177 -0.140412
v 0.056632 0.980785 -0.186690
v 0.070533 0.970031 -0.232518
v 0.084265 0.956940 -0.277785
v 0.097794 0.941544 -0.322383
v 0.111087 0.923880 -0.366205
v 0.124113 0.903989 -0.409145
v 0.136839 0.881921 -0.451099
v 0.149236 0.857729 -0.491966
v 0.161274 0.831470 -0.531648
v 0.172922 0.803208 -0.570049
v 0.184155 0.773010 -0.607077
v 0.194943 0.740951 -0.642642
v 0.205262 0.707107 -0.676659
v 0.215087 0.671559 -0.709046
v 0.224393 0.634393 -0.739725
v 0.233159 0.595699 -0.768622
v 0.241363 0.555570 -0.795667
v 0.248985 0.514103 -0.820795
v 0.256008 0.471397 -0.843946
v 0.262414 0.427555 -0.865064
v 0.268188 0.382683 -0.884098
v 0.273316 0.336890 -0.901001
v 0.277785 0.290285 -0.915735
v 0.281585 0.242980 -0.928262
v 0.284707 0.195090 -0.938553
v 0.287143 0.146730 -0.946583
v 0.288887 0.098017 -0.952332
v 0.289935 0.049068 -0.955788
v 0.290285 0.000000 -0.956940
v 0.289935 -0.049068 -0.955788
v 0.288887 -0.098017 -0.952332
v 0.287143 -0.146730 -0.946583
v 0.284707 -0.195090 -0.938553
v 0.281585 -0.242980 -0.928262
v 0.277785 -0.290285 -0.915735
v 0.273316 -0.336890 -0.901001
v 0.268188 -0.382683 -0.884098
v 0.262414 -0.427555 -0.865064
v 0.256008 -0.471397 -0.843946
v 0.248985 -0.514103 -0.820795
v 0.241363 -0.555570 -0.795667
v 0.233159 -0.595699 -0.768622
v 0.224393 -0.634393 -0.739725
v 0.215087 -0.671559 -0.709046
v 0.205262 -0.707107 -0.676659
v 0.194943 -0.740951 -0.642642
v 0.184155 -0.773010 -0.607077
v 0.172922 -0.803208 -0.570049
v 0.161274 -0.831470 -0.531648
v 0.149236 -0.857729 -0.491966
v 0.136839 -0.881921 -0.451099
v 0.124113 -0.903989 -0.409145
v 0.111087 -0.923880 -0.366205
v 0.097794 -0.941544 -0.322383
v 0.084265 -0.956940 -0.277785
v 0.070533 -0.970031 -0.232518
v 0.056632 -0.980785 -0.186690
v 0.042594 -0.989177 -0.140412
v 0.028453 -0.995185 -0.093797
v 0.014244 -0.998795 -0.046955
v 0.018777 0.998795 -0.045333
v 0.037510 0.995185 -0.090556
v 0.056151 0.989177 -0.135561
v 0.074658 0.980785 -0.180240
v 0.092984 0.970031 -0.224484
v 0.111087 0.956940 -0.268188
v 0.128922 0.941544 -0.311246
v 0.146447 0.923880 -0.353553
v 0.163618 0.903989 -0.395009
v 0.180396 0.881921 -0.435514
v 0.196739 0.857729 -0.474969
v 0.212608 0.831470 -0.513280
v 0.227964 0.803208 -0.550354
v 0.242772 0.773010 -0.586103
v 0.256994 0.740951 -0.620440
v 0.270598 0.707107 -0.653281
v 0.283550 0.671559 -0.684550
v 0.295818 0.634393 -0.714169
v 0.307374 0.595699 -0.742067
v 0.318190 0.555570 -0.768178
v 0.328239 0.514103 -0.792438
v 0.337497 0.471397 -0.814789
v 0.345942 0.427555 -0.835177
v 0.353553 0.382683 -0.853553
v 0.360313 0.336890 -0.869873
v 0.366205 0.290285 -0.884098
v 0.371215 0.242980 -0.896192
v 0.375330 0.195090 -0.906127
v 0.378541 0.146730 -0.913880
v 0.380841 0.098017 -0.919431
v 0.382222 0.049068 -0.922767
v 0.382683 0.000000 -0.923880
v 0.382222 -0.049068 -0.922767
v 0.380841 -0.098017 -0.919431
v 0.378541 -0.146730 -0.913880
v 0.375330 -0.195090 -0.906127
v 0.371215 -0.242980 -0.896192
v 0.366205 -0.290285 -0.884098
v 0.360313 -0.336890 -0.869873
v 0.353553 -0.382683 -0.853553
v 0.345942 -0.427555 -0.835177
v 0.337497 -0.471397 -0.814789
v 0.328239 -0.514103 -0.792438
v 0.318190 -0.555570 -0.768178
v 0.307374 -0.595699 -0.742067
v 0.295818 -0.634393 -0.714169
v 0.283550 -0.671559 -0.684550
v 0.270598 -0.707107 -0.653281
v 0.256994 -0.740951 -0.620440
v 0.242772 -0.773010 -0.586103
v 0.227964 -0.803208 -0.550354
v 0.212608 -0.831470 -0.513280
v 0.196739 -0.857729 -0.474969
v 0.180396 -0.881921 -0.435514
v 0.163618 -0.903989 -0.395009
v 0.146447 -0.923880 -0.353553
v 0.128922 -0.941544 -0.311246
v 0.111087 -0.956940 -0.268188
v 0.092984 -0.970031 -0.224484
v 0.074658 -0.980785 -0.180240
v 0.056151 -0.989177 -0.135561
v 0.037510 -0.995185 -0.090556
v 0.018777 -0.998795 -0.045333
v 0.023130 0.998795 -0.043274
v 0.046205 0.995185 -0.086443
v 0.069168 0.989177 -0.129405
v 0.091965 0.980785 -0.172054
v 0.114540 0.970031 -0.214289
v 0.136839 0.956940 -0.256008
v 0.158809 0.941544 -0.297110
v 0.180396 0.923880 -0.337497
v 0.201548 0.903989 -0.377070
v 0.222215 0.881921 -0.415735
v 0.242346 0.857729 -0.453398
v 0.261894 0.831470 -0.489969
v 0.280811 0.803208 -0.525360
v 0.299051 0.773010 -0.559485
v 0.316571 0.740951 -0.592262
v 0.333328 0.707107 -0.623612
v 0.349282 0.671559 -0.653461
v 0.364395 0.634393 -0.681734
v 0.378629 0.595699 -0.708366
v 0.391952 0.555570 -0.733291
v 0.404330 0.514103 -0.756449
v 0.415735 0.471397 -0.777785
v 0.426138 0.427555 -0.797247
v 0.435514 0.382683 -0.814789
v 0.443841 0.336890 -0.830368
v 0.451099 0.290285 -0.843946
v 0.457270 0.242980 -0.855491
v 0.462339 0.195090 -0.864975
v 0.466295 0.146730 -0.872376
v 0.469127 0.098017 -0.877675
v 0.470829 0.049068 -0.880859
v 0.471397 0.000000 -0.881921
v 0.470829 -0.049068 -0.880859
v 0.469127 -0.098017 -0.877675
v 0.466295 -0.146730 -0.872376
v 0.462339 -0.195090 -0.864975
v 0.457270 -0.242980 -0.855491
v 0.451099 -0.290285 -0.843946
v 0.443841 -0.336890 -0.830368
v 0.435514 -0.382683 -0.814789
v 0.426138 -0.427555 -0.797247
v 0.415735 -0.471397 -0.777785
v 0.404330 -0.514103 -0.756449
v 0.391952 -0.555570 -0.733291
v 0.378629 -0.595699 -0.708366
v 0.364395 -0.634393 -0.681734
v 0.349282 -0.671559 -0.653461
v 0.333328 -0.707107 -0.623612
v 0.316571 -0.740951 -0.592262
v 0.299051 -0.773010 -0.559485
v 0.280811 -0.803208 -0.525360
v 0.261894 -0.831470 -0.489969
v 0.242346 -0.857729 -0.453398
v 0.222215 -0.881921 -0.415735
v 0.201548 -0.903989 -0.377070
v 0.180396 -0.923880 -0.337497
v 0.158809 -0.941544 -0.297110
v 0.136839 -0.956940 -0.256008
v 0.114540 -0.970031 -0.214289
v 0.091965 -0.980785 -0.172054
v 0.069168 -0.989177 -0.129405
v 0.046205 -0.995185 -0.086443
v 0.023130 -0.998795 -0.043274
v 0.027261 0.998795 -0.040798
v 0.054455 0.995185 -0.081498
v 0.081519 0.989177 -0.122002
v 0.108386 0.980785 -0.162212
v 0.134993 0.970031 -0.202031
v 0.161274 0.956940 -0.241363
v 0.187166 0.941544 -0.280114
v 0.212608 0.923880 -0.318190
v 0.237537 0.903989 -0.355499
v 0.261894 0.881921 -0.391952
v 0.285620 0.857729 -0.427461
v 0.308658 0.831470 -0.461940
v 0.330953 0.803208 -0.495306
v 0.352450 0.773010 -0.527479
v 0.373098 0.740951 -0.558381
v 0.392847 0.707107 -0.587938
v 0.411650 0.671559 -0.616078
v 0.429462 0.634393 -0.642735
v 0.446238 0.595699 -0.667843
v 0.461940 0.555570 -0.691342
v 0.476528 0.514103 -0.713175
v 0.489969 0.471397 -0.733291
v 0.502230 0.427555 -0.751640
v 0.513280 0.382683 -0.768178
v 0.523094 0.336890 -0.782865
v 0.531648 0.290285 -0.795667
v 0.538920 0.242980 -0.806551
v 0.544895 0.195090 -0.815493
v 0.549557 0.146730 -0.822470
v 0.552895 0.098017 -0.827466
v 0.554901 0.049068 -0.830468
v 0.555570 0.000000 -0.831470
v 0.554901 -0.049068 -0.830468
v 0.552895 -0.098017 -0.827466
v 0.549557 -0.146730 -0.822470
v 0.544895 -0.195090 -0.815493
v 0.538920 -0.242980 -0.806551
v 0.531648 -0.290285 -0.795667
v 0.523094 -0.336890 -0.782865
v 0.513280 -0.382683 -0.768178
v 0.502230 -0.427555 -0.751640
v 0.489969 -0.471397 -0.733291
v 0.476528 -0.514103 -0.713175
v 0.461940 -0.555570 -0.691342
v 0.446238 -0.595699 -0.667843
v 0.429462 -0.634393 -0.642735
v 0.411650 -0.671559 -0.616078
v 0.392847 -0.707107 -0.587938
v 0.373098 -0.740951 -0.558381
v 0.352450 -0.773010 -0.527479
v 0.330953 -0.803208 -0.495306
v 0.308658 -0.831470 -0.461940
v 0.285620 -0.857729 -0.427461
v 0.261894 -0.881921 -0.391952
v 0.237537 -0.903989 -0.355499
v 0.212608 -0.923880 -0.318190
v 0.187166 -0.941544 -0.280114
v 0.161274 -0.956940 -0.241363
v 0.134993 -0.970031 -0.202031
v 0.108386 -0.980785 -0.162212
v 0.081519 -0.989177 -0.122002
v 0.054455 -0.995185 -0.081498
v 0.027261 -0.998795 -0.040798
v 0.031128 0.998795 -0.037930
v 0.062181 0.995185 -0.075768
v 0.093085 0.989177 -0.113424
v 0.123764 0.980785 -0.150807
v 0.154145 0.970031 -0.187826
v 0.184155 0.956940 -0.224393
v 0.213721 0.941544 -0.260419
v 0.242772 0.923880 -0.295818
v 0.271238 0.903989 -0.330505
v 0.299051 0.881921 -0.364395
v 0.326143 0.857729 -0.397407
v 0.352450 0.831470 -0.429462
v 0.377908 0.803208 -0.460482
v 0.402455 0.773010 -0.490393
v 0.426032 0.740951 -0.519122
v 0.448584 0.707107 -0.546601
v 0.470054 0.671559 -0.572763
v 0.490393 0.634393 -0.597545
v 0.509549 0.595699 -0.620888
v 0.527479 0.555570 -0.642735
v 0.544137 0.514103 -0.663033
v 0.559485 0.471397 -0.681734
v 0.573485 0.427555 -0.698793
v 0.586103 0.382683 -0.714168
v 0.597309 0.336890 -0.727823
v 0.607077 0.290285 -0.739725
v 0.615381 0.242980 -0.749844
v 0.622204 0.195090 -0.758157
v 0.627527 0.146730 -0.764644
v 0.631338 0.098017 -0.769288
v 0.633629 0.049068 -0.772079
v 0.634393 0.000000 -0.773010
v 0.633629 -0.049068 -0.772079
v 0.631338 -0.098017 -0.769288
v 0.627527 -0.146730 -0.764644
v 0.622204 -0.195090 -0.758157
v 0.615381 -0.242980 -0.749844
v 0.607077 -0.290285 -0.739725
v 0.597309 -0.336890 -0.727823
v 0.586103 -0.382683 -0.714168
v 0.573485 -0.427555 -0.698793
v 0.559485 -0.471397 -0.681734
v 0.544137 -0.514103 -0.663033
v 0.527479 -0.555570 -0.642735
v 0.509549 -0.595699 -0.620888
v 0.490393 -0.634393 -0.597545
v 0.470054 -0.671559 -0.572763
v 0.448584 -0.707107 -0.546601
v 0.426032 -0.740951 -0.519122
v 0.402455 -0.773010 -0.490393
v 0.377908 -0.803208 -0.460482
v 0.352450 -0.831470 -0.429462
v 0.326143 -0.857729 -0.397407
v 0.299051 -0.881921 -0.364395
v 0.271238 -0.903989 -0.330505
v 0.242772 -0.923880 -0.295818
v 0.213721 -0.941544 -0.260419
v 0.184155 -0.956940 -0.224393
v 0.154145 -0.970031 -0.187826
v 0.123764 -0.980785 -0.150807
v 0.093085 -0.989177 -0.113424
v 0.062181 -0.995185 -0.075768
v 0.031128 -0.998795 -0.037930
v 0.034696 0.998795 -0.034696
v 0.069309 0.995185 -0.069309
v 0.103754 0.989177 -0.103754
v 0.137950 0.980785 -0.137950
v 0.171813 0.970031 -0.171813
v 0.205262 0.956940 -0.205262
v 0.238217 0.941544 -0.238217
v 0.270598 0.923880 -0.270598
v 0.302327 0.903989 -0.302327
v 0.333328 0.881921 -0.333328
v 0.363526 0.857729 -0.363525
v 0.392848 0.831470 -0.392848
v 0.421223 0.803208 -0.421223
v 0.448584 0.773010 -0.448584
v 0.474864 0.740951 -0.474864
v 0.500000 0.707107 -0.500000
v 0.523932 0.671559 -0.523932
v 0.546601 0.634393 -0.546601
v 0.567953 0.595699 -0.567953
v 0.587938 0.555570 -0.587938
v 0.606506 0.514103 -0.606506
v 0.623612 0.471397 -0.623612
v 0.639217 0.427555 -0.639217
v 0.653281 0.382683 -0.653281
v 0.665772 0.336890 -0.665772
v 0.676659 0.290285 -0.676659
v 0.685916 0.242980 -0.685916
v 0.693520 0.195090 -0.693520
v 0.699453 0.146730 -0.699453
v 0.703702 0.098017 -0.703702
v 0.706255 0.049068 -0.706255
v 0.707107 0.000000 -0.707107
v 0.706255 -0.049068 -0.706255
v 0.703702 -0.098017 -0.703702
v 0.699453 -0.146730 -0.699453
v 0.693520 -0.195090 -0.693520
v 0.685916 -0.242980 -0.685916
v 0.676659 -0.290285 -0.676659
v 0.665772 -0.336890 -0.665772
v 0.653281 -0.382683 -0.653281
v 0.639217 -0.427555 -0.639217
v 0.623612 -0.471397 -0.623612
v 0.606506 -0.514103 -0.606506
v 0.587938 -0.555570 -0.587938
v 0.567953 -0.595699 -0.567953
v 0.546601 -0.634393 -0.546601
v 0.523932 -0.671559 -0.523932
v 0.500000 -0.707107 -0.500000
v 0.474864 -0.740951 -0.474864
v 0.448584 -0.773010 -0.448584
v 0.421223 -0.803208 -0.421223
v 0.392848 -0.831470 -0.392848
v 0.363526 -0.857729 -0.363525
v 0.333328 -0.881921 -0.333328
v 0.302327 -0.903989 -0.302327
v 0.270598 -0.923880 -0.270598
v 0.238217 -0.941544 -0.238217
v 0.205262 -0.956940 -0.205262
v 0.171813 -0.970031 -0.171813
v 0.137950 -0.980785 -0.137950
v 0.103754 -0.989177 -0.103754
v 0.069309 -0.995185 -0.069309
v 0.034696 -0.998795 -0.034696
v 0.037930 0.998795 -0.031128
v 0.075768 0.995185 -0.062181
v 0.113424 0.989177 -0.093085
v 0.150807 0.980785 -0.123764
v 0.187826 0.970031 -0.154145
v 0.224393 0.956940 -0.184155
v 0.260419 0.941544 -0.213721
v 0.295818 0.923880 -0.242772
v 0.330505 0.903989 -0.271238
v 0.364395 0.881921 -0.299051
v 0.397407 0.857729 -0.326143
v 0.429462 0.831470 -0.352450
v 0.460482 0.803208 -0.377908
v 0.490393 0.773010 -0.402455
v 0.519122 0.740951 -0.426033
v 0.546601 0.707107 -0.448584
v 0.572763 0.671559 -0.470054
v 0.597545 0.634393 -0.490393
v 0.620888 0.595699 -0.509549
v 0.642735 0.555570 -0.527479
v 0.663033 0.514103 -0.544137
v 0.681734 0.471397 -0.559485
v 0.698793 0.427555 -0.573485
v 0.714168 0.382683 -0.586103
v 0.727823 0.336890 -0.597309
v 0.739725 0.290285 -0.607077
v 0.749844 0.242980 -0.615381
v 0.758157 0.195090 -0.622203
v 0.764644 0.146730 -0.627527
v 0.769288 0.098017 -0.631338
v 0.772079 0.049068 -0.633629
v 0.773010 0.000000 -0.634393
v 0.772079 -0.049068 -0.633629
v 0.769288 -0.098017 -0.631338
v 0.764644 -0.146730 -0.627527
v 0.758157 -0.195090 -0.622203
v 0.749844 -0.242980 -0.615381
v 0.739725 -0.290285 -0.607077
v 0.727823 -0.336890 -0.597309
v 0.714168 -0.382683 -0.586103
v 0.698793 -0.427555 -0.573485
v 0.681734 -0.471397 -0.559485
v 0.663033 -0.514103 -0.544137
v 0.642735 -0.555570 -0.527479
v 0.620888 -0.595699 -0.509549
v 0.597545 -0.634393 -0.490393
v 0.572763 -0.671559 -0.470054
v 0.546601 -0.707107 -0.448584
v 0.519122 -0.740951 -0.426033
v 0.490393 -0.773010 -0.402455
v 0.460482 -0.803208 -0.377908
v 0.429462 -0.831470 -0.352450
v 0.397407 -0.857729 -0.326143
v 0.364395 -0.881921 -0.299051
v 0.330505 -0.903989 -0.271238
v 0.295818 -0.923880 -0.242772
v 0.260419 -0.941544 -0.213721
v 0.224393 -0.956940 -0.184155
v 0.187826 -0.970031 -0.154145
v 0.150807 -0.980785 -0.123764
v 0.113424 -0.989177 -0.093085
v 0.075768 -0.995185 -0.062181
v 0.037930 -0.998795 -0.031128
v 0.040798 0.998795 -0.027261
v 0.081498 0.995185 -0.054455
v 0.122002 0.989177 -0.081519
v 0.162212 0.980785 -0.108386
v 0.202031 0.970031 -0.134993
v 0.241363 0.956940 -0.161274
v 0.280114 0.941544 -0.187166
v 0.318190 0.923880 -0.212607
v 0.355499 0.903989 -0.237537
v 0.391952 0.881921 -0.261894
v 0.427461 0.857729 -0.285620
v 0.461940 0.831470 -0.308658
v 0.495306 0.803208 -0.330953
v 0.527479 0.773010 -0.352450
v 0.558381 0.740951 -0.373098
v 0.587938 0.707107 -0.392847
v 0.616078 0.671559 -0.411650
v 0.642735 0.634393 -0.429462
v 0.667843 0.595699 -0.446238
v 0.691342 0.555570 -0.461940
v 0.713175 0.514103 -0.476528
v 0.733291 0.471397 -0.489969
v 0.751640 0.427555 -0.502230
v 0.768178 0.382683 -0.513280
v 0.782865 0.336890 -0.523094
v 0.795667 0.290285 -0.531648
v 0.806551 0.242980 -0.538920
v 0.815493 0.195090 -0.544895
v 0.822470 0.146730 -0.549557
v 0.827466 0.098017 -0.552895
v 0.830468 0.049068 -0.554901
v 0.831470 0.000000 -0.555570
v 0.830468 -0.049068 -0.554901
v 0.827466 -0.098017 -0.552895
v 0.822470 -0.146730 -0.549557
v 0.815493 -0.195090 -0.544895
v 0.806551 -0.242980 -0.538920
v 0.795667 -0.290285 -0.531648
v 0.782865 -0.336890 -0.523094
v 0.768178 -0.382683 -0.513280
v 0.751640 -0.427555 -0.502230
v 0.733291 -0.471397 -0.489969
v 0.713175 -0.514103 -0.476528
v 0.691342 -0.555570 -0.461940
v 0.667843 -0.595699 -0.446238
v 0.642735 -0.634393 -0.429462
v 0.616078 -0.671559 -0.411650
v 0.587938 -0.707107 -0.392847
v 0.558381 -0.740951 -0.373098
v 0.527479 -0.773010 -0.352450
v 0.495306 -0.803208 -0.330953
v 0.461940 -0.831470 -0.308658
v 0.427461 -0.857729 -0.285620
v 0.391952 -0.881921 -0.261894
v 0.355499 -0.903989 -0.237537
v 0.318190 -0.923880 -0.212607
v 0.280114 -0.941544 -0.187166
v 0.241363 -0.956940 -0.161274
v 0.202031 -0.970031 -0.134993
v 0.162212 -0.980785 -0.108386
v 0.122002 -0.989177 -0.081519
v 0.081498 -0.995185 -0.054455
v 0.040798 -0.998795 -0.027261
v 0.043274 0.998795 -0.023130
v 0.086443 0.995185 -0.046205
v 0.129405 0.989177 -0.069168
v 0.172054 0.980785 -0.091965
v 0.214289 0.970031 -0.114540
v 0.256008 0.956940 -0.136839
v 0.297110 0.941544 -0.158809
v 0.337497 0.923880 -0.180396
v 0.377070 0.903989 -0.201548
v 0.415735 0.881921 -0.222215
v 0.453398 0.857729 -0.242346
v 0.489969 0.831470 -0.261894
v 0.525360 0.803208 -0.280811
v 0.559485 0.773010 -0.299051
v 0.592262 0.740951 -0.316571
v 0.623613 0.707107 -0.333328
v 0.653461 0.671559 -0.349282
v 0.681734 0.634393 -0.364395
v 0.708366 0.595699 -0.378629
v 0.733291 0.555570 -0.391952
v 0.756449 0.514103 -0.404330
v 0.777785 0.471397 -0.415735
v 0.797247 0.427555 -0.426138
v 0.814789 0.382683 -0.435514
v 0.830368 0.336890 -0.443841
v 0.843946 0.290285 -0.451099
v 0.855491 0.242980 -0.457269
v 0.864975 0.195090 -0.462339
v 0.872376 0.146730 -0.466294
v 0.877675 0.098017 -0.469127
v 0.880859 0.049068 -0.470829
v 0.881921 0.000000 -0.471397
v 0.880859 -0.049068 -0.470829
v 0.877675 -0.098017 -0.469127
v 0.872376 -0.146730 -0.466294
v 0.864975 -0.195090 -0.462339
v 0.855491 -0.242980 -0.457269
v 0.843946 -0.290285 -0.451099
v 0.830368 -0.336890 -0.443841
v 0.814789 -0.382683 -0.435514
v 0.797247 -0.427555 -0.426138
v 0.777785 -0.471397 -0.415735
v 0.756449 -0.514103 -0.404330
v 0.733291 -0.555570 -0.391952
v 0.708366 -0.595699 -0.378629
v 0.681734 -0.634393 -0.364395
v 0.653461 -0.671559 -0.349282
v 0.623613 -0.707107 -0.333328
v 0.592262 -0.740951 -0.316571
v 0.559485 -0.773010 -0.299051
v 0.525360 -0.803208 -0.280811
v 0.489969 -0.831470 -0.261894
v 0.453398 -0.857729 -0.242346
v 0.415735 -0.881921 -0.222215
v 0.377070 -0.903989 -0.201548
v 0.337497 -0.923880 -0.180396
v 0.297110 -0.941544 -0.158809
v 0.256008 -0.956940 -0.136839
v 0.214289 -0.970031 -0.114540
v 0.172054 -0.980785 -0.091965
v 0.129405 -0.989177 -0.069168
v 0.086443 -0.995185 -0.046205
v 0.043274 -0.998795 -0.023130
v 0.045333 0.998795 -0.018777
v 0.090556 0.995185 -0.037510
v 0.135561 0.989177 -0.056151
v 0.180240 0.980785 -0.074658
v 0.224484 0.970031 -0.092984
v 0.268188 0.956940 -0.111087
v 0.311246 0.941544 -0.128922
v 0.353553 0.923880 -0.146447
v 0.395009 0.903989 -0.163618
v 0.435514 0.881921 -0.180396
v 0.474969 0.857729 -0.196739
v 0.513280 0.831470 -0.212608
v 0.550354 0.803208 -0.227964
v 0.586103 0.773010 -0.242772
v 0.620440 0.740951 -0.256995
v 0.653281 0.707107 -0.270598
v 0.684550 0.671559 -0.283550
v 0.714168 0.634393 -0.295818
v 0.742067 0.595699 -0.307374
v 0.768178 0.555570 -0.318190
v 0.792438 0.514103 -0.328238
v 0.814789 0.471397 -0.337497
v 0.835177 0.427555 -0.345942
v 0.853553 0.382683 -0.353553
v 0.869873 0.336890 -0.360313
v 0.884098 0.290285 -0.366205
v 0.896192 0.242980 -0.371215
v 0.906127 0.195090 -0.375330
v 0.913880 0.146730 -0.378541
v 0.919431 0.098017 -0.380841
v 0.922767 0.049068 -0.382222
v 0.923879 0.000000 -0.382683
v 0.922767 -0.049068 -0.382222
v 0.919431 -0.098017 -0.380841
v 0.913880 -0.146730 -0.378541
v 0.906127 -0.195090 -0.375330
v 0.896192 -0.242980 -0.371215
v 0.884098 -0.290285 -0.366205
v 0.869873 -0.336890 -0.360313
v 0.853553 -0.382683 -0.353553
v 0.835177 -0.427555 -0.345942
v 0.814789 -0.471397 -0.337497
v 0.792438 -0.514103 -0.328238
v 0.768178 -0.555570 -0.318190
v 0.742067 -0.595699 -0.307374
v 0.714168 -0.634393 -0.295818
v 0.684550 -0.671559 -0.283550
v 0.653281 -0.707107 -0.270598
v 0.620440 -0.740951 -0.256995
v 0.586103 -0.773010 -0.242772
v 0.550354 -0.803208 -0.227964
v 0.513280 -0.831470 -0.212608
v 0.474969 -0.857729 -0.196739
v 0.435514 -0.881921 -0.180396
v 0.395009 -0.903989 -0.163618
v 0.353553 -0.923880 -0.146447
v 0.311246 -0.941544 -0.128922
v 0.268188 -0.956940 -0.111087
v 0.224484 -0.970031 -0.092984
v 0.180240 -0.980785 -0.074658
v 0.135561 -0.989177 -0.056151
v 0.090556 -0.995185 -0.037510
v 0.045333 -0.998795 -0.018777
v 0.046955 0.998795 -0.014244
v 0.093797 0.995185 -0.028453
v 0.140412 0.989177 -0.042594
v 0.186690 0.980785 -0.056632
v 0.232517 0.970031 -0.070533
v 0.277785 0.956940 -0.084265
v 0.322383 0.941544 -0.097794
v 0.366205 0.923880 -0.111087
v 0.409145 0.903989 -0.124113
v 0.451099 0.881921 -0.136839
v 0.491966 0.857729 -0.149236
v 0.531648 0.831470 -0.161274
v 0.570049 0.803208 -0.172922
v 0.607076 0.773010 -0.184155
v 0.642642 0.740951 -0.194943
v 0.676659 0.707107 -0.205262
v 0.709046 0.671559 -0.215087
v 0.739725 0.634393 -0.224393
v 0.768622 0.595699 -0.233159
v 0.795667 0.555570 -0.241363
v 0.820795 0.514103 -0.248985
v 0.843946 0.471397 -0.256008
v 0.865064 0.427555 -0.262414
v 0.884098 0.382683 -0.268188
v 0.901001 0.336890 -0.273316
v 0.915735 0.290285 -0.277785
v 0.928262 0.242980 -0.281585
v 0.938553 0.195090 -0.284707
v 0.946583 0.146730 -0.287143
v 0.952332 0.098017 -0.288887
v 0.955788 0.049068 -0.289935
v 0.956940 0.000000 -0.290285
v 0.955788 -0.049068 -0.289935
v 0.952332 -0.098017 -0.288887
v 0.946583 -0.146730 -0.287143
v 0.938553 -0.195090 -0.284707
v 0.928262 -0.242980 -0.281585
v 0.915735 -0.290285 -0.277785
v 0.901001 -0.336890 -0.273316
v 0.884098 -0.382683 -0.268188
v 0.865064 -0.427555 -0.262414
v 0.843946 -0.471397 -0.256008
v 0.820795 -0.514103 -0.248985
v 0.795667 -0.555570 -0.241363
v 0.768622 -0.595699 -0.233159
v 0.739725 -0.634393 -0.224393
v 0.709046 -0.671559 -0.215087
v 0.676659 -0.707107 -0.205262
v 0.642642 -0.740951 -0.194943
v 0.607076 -0.773010 -0.184155
v 0.570049 -0.803208 -0.172922
v 0.531648 -0.831470 -0.161274
v 0.491966 -0.857729 -0.149236
v 0.451099 -0.881921 -0.136839
v 0.409145 -0.903989 -0.124113
v 0.366205 -0.923880 -0.111087
v 0.322383 -0.941544 -0.097794
v 0.277785 -0.956940 -0.084265
v 0.232517 -0.970031 -0.070533
v 0.186690 -0.980785 -0.056632
v 0.140412 -0.989177 -0.042594
v 0.093797 -0.995185 -0.028453
v 0.046955 -0.998795 -0.014244
v 0.048125 0.998795 -0.009573
v 0.096134 0.995185 -0.019122
v 0.143911 0.989177 -0.028626
v 0.191342 0.980785 -0.038060
v 0.238311 0.970031 -0.047403
v 0.284707 0.956940 -0.056632
v 0.330417 0.941544 -0.065724
v 0.375330 0.923880 -0.074658
v 0.419340 0.903989 -0.083412
v 0.462339 0.881921 -0.091965
v 0.504224 0.857729 -0.100296
v 0.544895 0.831470 -0.108386
v 0.584253 0.803208 -0.116215
v 0.622204 0.773010 -0.123764
v 0.658655 0.740951 -0.131015
v 0.693520 0.707107 -0.137950
v 0.726714 0.671559 -0.144552
v 0.758157 0.634393 -0.150807
v 0.787774 0.595699 -0.156698
v 0.815493 0.555570 -0.162212
v 0.841247 0.514103 -0.167334
v 0.864975 0.471397 -0.172054
v 0.886619 0.427555 -0.176360
v 0.906127 0.382683 -0.180240
v 0.923452 0.336890 -0.183686
v 0.938553 0.290285 -0.186690
v 0.951392 0.242980 -0.189244
v 0.961940 0.195090 -0.191342
v 0.970169 0.146730 -0.192979
v 0.976063 0.098017 -0.194151
v 0.979604 0.049068 -0.194855
v 0.980785 0.000000 -0.195090
v 0.979604 -0.049068 -0.194855
v 0.976063 -0.098017 -0.194151
v 0.970169 -0.146730 -0.192979
v 0.961940 -0.195090 -0.191342
v 0.951392 -0.242980 -0.189244
v 0.938553 -0.290285 -0.186690
v 0.923452 -0.336890 -0.183686
v 0.906127 -0.382683 -0.180240
v 0.886619 -0.427555 -0.176360
v 0.864975 -0.471397 -0.172054
v 0.841247 -0.514103 -0.167334
v 0.815493 -0.555570 -0.162212
v 0.787774 -0.595699 -0.156698
v 0.758157 -0.634393 -0.150807
v 0.726714 -0.671559 -0.144552
v 0.693520 -0.707107 -0.137950
v 0.658655 -0.740951 -0.131015
v 0.622204 -0.773010 -0.123764
v 0.584253 -0.803208 -0.116215
v 0.544895 -0.831470 -0.108386
v 0.504224 -0.857729 -0.100296
v 0.462339 -0.881921 -0.091965
v 0.419340 -0.903989 -0.083412
v 0.375330 -0.923880 -0.074658
v 0.330417 -0.941544 -0.065724
v 0.284707 -0.956940 -0.056632
v 0.238311 -0.970031 -0.047403
v 0.191342 -0.980785 -0.038060
v 0.143911 -0.989177 -0.028626
v 0.096134 -0.995185 -0.019122
v 0.048125 -0.998795 -0.009573
v 0.048831 0.998795 -0.004809
v 0.097545 0.995185 -0.009607
v 0.146024 0.989177 -0.014382
v 0.194151 0.980785 -0.019122
v 0.241810 0.970031 -0.023816
v 0.288887 0.956940 -0.028453
v 0.335268 0.941544 -0.033021
v 0.380841 0.923880 -0.037510
v 0.425496 0.903989 -0.041908
v 0.469127 0.881921 -0.046205
v 0.511627 0.857729 -0.050391
v 0.552895 0.831470 -0.054455
v 0.592831 0.803208 -0.058389
v 0.631338 0.773010 -0.062181
v 0.668325 0.740951 -0.065824
v 0.703702 0.707107 -0.069308
v 0.737383 0.671559 -0.072626
v 0.769288 0.634393 -0.075768
v 0.799340 0.595699 -0.078728
v 0.827466 0.555570 -0.081498
v 0.853598 0.514103 -0.084072
v 0.877674 0.471397 -0.086443
v 0.899636 0.427555 -0.088606
v 0.919431 0.382683 -0.090556
v 0.937010 0.336890 -0.092287
v 0.952332 0.290285 -0.093797
v 0.965360 0.242980 -0.095080
v 0.976062 0.195090 -0.096134
v 0.984413 0.146730 -0.096956
v 0.990393 0.098017 -0.097545
v 0.993986 0.049068 -0.097899
v 0.995185 0.000000 -0.098017
v 0.993986 -0.049068 -0.097899
v 0.990393 -0.098017 -0.097545
v 0.984413 -0.146730 -0.096956
v 0.976062 -0.195090 -0.096134
v 0.965360 -0.242980 -0.095080
v 0.952332 -0.290285 -0.093797
v 0.937010 -0.336890 -0.092287
v 0.919431 -0.382683 -0.090556
v 0.899636 -0.427555 -0.088606
v 0.877674 -0.471397 -0.086443
v 0.853598 -0.514103 -0.084072
v 0.827466 -0.555570 -0.081498
v 0.799340 -0.595699 -0.078728
v 0.769288 -0.634393 -0.075768
v 0.737383 -0.671559 -0.072626
v 0.703702 -0.707107 -0.069308
v 0.668325 -0.740951 -0.065824
v 0.631338 -0.773010 -0.062181
v 0.592831 -0.803208 -0.058389
v 0.552895 -0.831470 -0.054455
v 0.511627 -0.857729 -0.050391
v 0.469127 -0.881921 -0.046205
v 0.425496 -0.903989 -0.041908
v 0.380841 -0.923880 -0.037510
v 0.335268 -0.941544 -0.033021
v 0.288887 -0.956940 -0.028453
v 0.241810 -0.970031 -0.023816
v 0.194151 -0.980785 -0.019122
v 0.146024 -0.989177 -0.014382
v 0.097545 -0.995185 -0.009607
v 0.048831 -0.998795 -0.004809
v 0.049068 0.998795 0.000000
v 0.098017 0.995185 0.000000
v 0.146730 0.989177 -0.000000
v 0.195090 0.980785 -0.000000
v 0.242980 0.970031 0.000000
v 0.290285 0.956940 0.000000
v 0.336890 0.941544 0.000000
v 0.382683 0.923880 0.000000
v 0.427555 0.903989 -0.000000
v 0.471397 0.881921 0.000000
v 0.514103 0.857729 0.000000
v 0.555570 0.831470 -0.000000
v 0.595699 0.803208 0.000000
v 0.634393 0.773010 -0.000000
v 0.671559 0.740951 -0.000000
v 0.707107 0.707107 0.000000
v 0.740951 0.671559 0.000000
v 0.773010 0.634393 -0.000000
v 0.803207 0.595699 0.000000
v 0.831470 0.555570 -0.000000
v 0.857728 0.514103 0.000000
v 0.881921 0.471397 0.000000
v 0.903989 0.427555 0.000000
v 0.923879 0.382683 0.000000
v 0.941544 0.336890 -0.000000
v 0.956940 0.290285 -0.000000
v 0.970031 0.242980 0.000000
v 0.980785 0.195090 0.000000
v 0.989176 0.146730 0.000000
v 0.995185 0.098017 0.000000
v 0.998795 0.049068 0.000000
v 1.000000 0.000000 0.000000
v 0.998795 -0.049068 0.000000
v 0.995185 -0.098017 0.000000
v 0.989176 -0.146730 0.000000
v 0.980785 -0.195090 0.000000
v 0.970031 -0.242980 0.000000
v 0.956940 -0.290285 -0.000000
v 0.941544 -0.336890 -0.000000
v 0.923879 -0.382683 0.000000
v 0.903989 -0.427555 0.000000
v 0.881921 -0.471397 0.000000
v 0.857728 -0.514103 0.000000
v 0.831470 -0.555570 -0.000000
v 0.803207 -0.595699 0.000000
v 0.773010 -0.634393 -0.000000
v 0.740951 -0.671559 0.000000
v 0.707107 -0.707107 0.000000
v 0.671559 -0.740951 -0.000000
v 0.634393 -0.773010 -0.000000
v 0.595699 -0.803208 0.000000
v 0.555570 -0.831470 -0.000000
v 0.514103 -0.857729 0.000000
v 0.471397 -0.881921 0.000000
v 0.427555 -0.903989 -0.000000
v 0.382683 -0.923880 0.000000
v 0.336890 -0.941544 0.000000
v 0.290285 -0.956940 0.000000
v 0.242980 -0.970031 0.000000
v 0.195090 -0.980785 -0.000000
v 0.146730 -0.989177 -0.000000
v 0.098017 -0.995185 0.000000
v 0.049068 -0.998795 0.000000
v 0.048831 0.998795 0.004809
v 0.097545 0.995185 0.009607
v 0.146024 0.989177 0.014382
v 0.194151 0.980785 0.019122
v 0.241810 0.970031 0.023816
v 0.288887 0.956940 0.028453
v 0.335268 0.941544 0.033021
v 0.380841 0.923880 0.037510
v 0.425496 0.903989 0.041908
v 0.469127 0.881921 0.046205
v 0.511627 0.857729 0.050391
v 0.552895 0.831470 0.054455
v 0.592831 0.803208 0.058389
v 0.631338 0.773010 0.062181
v 0.668325 0.740951 0.065824
v 0.703702 0.707107 0.069309
v 0.737383 0.671559 0.072626
v 0.769288 0.634393 0.075768
v 0.799340 0.595699 0.078728
v 0.827466 0.555570 0.081498
v 0.853598 0.514103 0.084072
v 0.877674 0.471397 0.086443
v 0.899636 0.427555 0.088606
v 0.919431 0.382683 0.090556
v 0.937010 0.336890 0.092287
v 0.952332 0.290285 0.093797
v 0.965360 0.242980 0.095080
v 0.976062 0.195090 0.096134
v 0.984413 0.146730 0.096956
v 0.990393 0.098017 0.097545
v 0.993986 0.049068 0.097899
v 0.995185 0.000000 0.098017
v 0.993986 -0.049068 0.097899
v 0.990393 -0.098017 0.097545
v 0.984413 -0.146730 0.096956
v 0.976062 -0.195090 0.096134
v 0.965360 -0.242980 0.095080
v 0.952332 -0.290285 0.093797
v 0.937010 -0.336890 0.092287
v 0.919431 -0.382683 0.090556
v 0.899636 -0.427555 0.088606
v 0.877674 -0.471397 0.086443
v 0.853598 -0.514103 0.084072
v 0.827466 -0.555570 0.081498
v 0.799340 -0.595699 0.078728
v 0.769288 -0.634393 0.075768
v 0.737383 -0.671559 0.072626
v 0.703702 -0.707107 0.069309
v 0.668325 -0.740951 0.065824
v 0.631338 -0.773010 0.062181
v 0.592831 -0.803208 0.058389
v 0.552895 -0.831470 0.054455
v 0.511627 -0.857729 0.050391
v 0.469127 -0.881921 0.046205
v 0.425496 -0.903989 0.041908
v 0.380841 -0.923880 0.037510
v 0.335268 -0.941544 0.033021
v 0.288887 -0.956940 0.028453
v 0.241810 -0.970031 0.023816
v 0.194151 -0.980785 0.019122
v 0.146024 -0.989177 0.014382
v 0.097545 -0.995185 0.009607
v 0.048831 -0.998795 0.004809
v 0.048125 0.998795 0.009573
v 0.096134 0.995185 0.019122
v 0.143911 0.989177 0.028626
v 0.191342 0.980785 0.038060
v 0.238311 0.970031 0.047403
v 0.284707 0.956940 0.056632
v 0.330417 0.941544 0.065724
v 0.375330 0.923880 0.074658
v 0.419340 0.903989 0.083412
v 0.462339 0.881921 0.091965
v 0.504224 0.857729 0.100296
v 0.544895 0.831470 0.108386
v 0.584253 0.803208 0.116215
v 0.622204 0.773010 0.123764
v 0.658655 0.740951 0.131015
v 0.693520 0.707107 0.137950
v 0.726714 0.671559 0.144552
v 0.758157 0.634393 0.150807
v 0.787774 0.595699 0.156698
v 0.815493 0.555570 0.162212
v 0.841247 0.514103 0.167335
v 0.864975 0.471397 0.172054
v 0.886619 0.427555 0.176360
v 0.906127 0.382683 0.180240
v 0.923452 0.336890 0.183686
v 0.938553 0.290285 0.186690
v 0.951392 0.242980 0.189244
v 0.961940 0.195090 0.191342
v 0.970169 0.146730 0.192979
v 0.976062 0.098017 0.194151
v 0.979604 0.049068 0.194855
v 0.980785 0.000000 0.195090
v 0.979604 -0.049068 0.194855
v 0.976062 -0.098017 0.194151
v 0.970169 -0.146730 0.192979
v 0.961940 -0.195090 0.191342
v 0.951392 -0.242980 0.189244
v 0.938553 -0.290285 0.186690
v 0.923452 -0.336890 0.183686
v 0.906127 -0.382683 0.180240
v 0.886619 -0.427555 0.176360
v 0.864975 -0.471397 0.172054
v 0.841247 -0.514103 0.167335
v 0.815493 -0.555570 0.162212
v 0.787774 -0.595699 0.156698
v 0.758157 -0.634393 0.150807
v 0.726714 -0.671559 0.144552
v 0.693520 -0.707107 0.137950
v 0.658655 -0.740951 0.131015
v 0.622204 -0.773010 0.123764
v 0.584253 -0.803208 0.116215
v 0.544895 -0.831470 0.108386
v 0.504224 -0.857729 0.100296
v 0.462339 -0.881921 0.091965
v 0.419340 -0.903989 0.083412
v 0.375330 -0.923880 0.074658
v 0.330417 -0.941544 0.065724
v 0.284707 -0.956940 0.056632
v 0.238311 -0.970031 0.047403
v 0.191342 -0.980785 0.038060
v 0.143911 -0.989177 0.028626
v 0.096134 -0.995185 0.019122
v 0.048125 -0.998795 0.009573
v 0.046955 0.998795 0.014244
v 0.093797 0.995185 0.028453
v 0.140412 0.989177 0.042594
v 0.186690 0.980785 0.056632
v 0.232517 0.970031 0.070533
v 0.277785 0.956940 0.084265
v 0.322383 0.941544 0.097794
v 0.366205 0.923880 0.111087
v 0.409145 0.903989 0.124113
v 0.451098 0.881921 0.136839
v 0.491965 0.857729 0.149236
v 0.531648 0.831470 0.161274
v 0.570049 0.803208 0.172922
v 0.607076 0.773010 0.184155
v 0.642642 0.740951 0.194943
v 0.676659 0.707107 0.205262
v 0.709046 0.671559 0.215087
v 0.739725 0.634393 0.224393
v 0.768622 0.595699 0.233159
v 0.795667 0.555570 0.241363
v 0.820795 0.514103 0.248985
v 0.843946 0.471397 0.256008
v 0.865064 0.427555 0.262414
v 0.884097 0.382683 0.268188
v 0.901001 0.336890 0.273316
v 0.915735 0.290285 0.277785
v 0.928262 0.242980 0.281585
v 0.938553 0.195090 0.284707
v 0.946582 0.146730 0.287143
v 0.952332 0.098017 0.288887
v 0.955788 0.049068 0.289935
v 0.956940 0.000000 0.290285
v 0.955788 -0.049068 0.289935
v 0.952332 -0.098017 0.288887
v 0.946582 -0.146730 0.287143
v 0.938553 -0.195090 0.284707
v 0.928262 -0.242980 0.281585
v 0.915735 -0.290285 0.277785
v 0.901001 -0.336890 0.273316
v 0.884097 -0.382683 0.268188
v 0.865064 -0.427555 0.262414
v 0.843946 -0.471397 0.256008
v 0.820795 -0.514103 0.248985
v 0.795667 -0.555570 0.241363
v 0.768622 -0.595699 0.233159
v 0.739725 -0.634393 0.224393
v 0.709046 -0.671559 0.215087
v 0.676659 -0.707107 0.205262
v 0.642642 -0.740951 0.194943
v 0.607076 -0.773010 0.184155
v 0.570049 -0.803208 0.172922
v 0.531648 -0.831470 0.161274
v 0.491965 -0.857729 0.149236
v 0.451098 -0.881921 0.136839
v 0.409145 -0.903989 0.124113
v 0.366205 -0.923880 0.111087
v 0.322383 -0.941544 0.097794
v 0.277785 -0.956940 0.084265
v 0.232517 -0.970031 0.070533
v 0.186690 -0.980785 0.056632
v 0.140412 -0.989177 0.042594
v 0.093797 -0.995185 0.028453
v 0.046955 -0.998795 0.014244
v 0.045333 0.998795 0.018777
v 0.090556 0.995185 0.037510
v 0.135561 0.989177 0.056151
v 0.180240 0.980785 0.074658
v 0.224484 0.970031 0.092984
v 0.268188 0.956940 0.111087
v 0.311246 0.941544 0.128922
v 0.353553 0.923880 0.146447
v 0.395009 0.903989 0.163618
v 0.435514 0.881921 0.180396
v 0.474969 0.857729 0.196739
v 0.513280 0.831470 0.212608
v 0.550354 0.803208 0.227964
v 0.586103 0.773010 0.242772
v 0.620440 0.740951 0.256994
v 0.653281 0.707107 0.270598
v 0.684549 0.671559 0.283550
v 0.714169 0.634393 0.295818
v 0.742067 0.595699 0.307374
v 0.768178 0.555570 0.318190
v 0.792438 0.514103 0.328239
v 0.814789 0.471397 0.337497
v 0.835177 0.427555 0.345942
v 0.853553 0.382683 0.353553
v 0.869873 0.336890 0.360313
v 0.884098 0.290285 0.366205
v 0.896192 0.242980 0.371215
v 0.906127 0.195090 0.375330
v 0.913880 0.146730 0.378541
v 0.919431 0.098017 0.380841
v 0.922767 0.049068 0.382222
v 0.923879 0.000000 0.382683
v 0.922767 -0.049068 0.382222
v 0.919431 -0.098017 0.380841
v 0.913880 -0.146730 0.378541
v 0.906127 -0.195090 0.375330
v 0.896192 -0.242980 0.371215
v 0.884098 -0.290285 0.366205
v 0.869873 -0.336890 0.360313
v 0.853553 -0.382683 0.353553
v 0.835177 -0.427555 0.345942
v 0.814789 -0.471397 0.337497
v 0.792438 -0.514103 0.328239
v 0.768178 -0.555570 0.318190
v 0.742067 -0.595699 0.307374
v 0.714169 -0.634393 0.295818
v 0.684549 -0.671559 0.283550
v 0.653281 -0.707107 0.270598
v 0.620440 -0.740951 0.256994
v 0.586103 -0.773010 0.242772
v 0.550354 -0.803208 0.227964
v 0.513280 -0.831470 0.212608
v 0.474969 -0.857729 0.196739
v 0.435514 -0.881921 0.180396
v 0.395009 -0.903989 0.163618
v 0.353553 -0.923880 0.146447
v 0.311246 -0.941544 0.128922
v 0.268188 -0.956940 0.111087
v 0.224484 -0.970031 0.092984
v 0.180240 -0.980785 0.074658
v 0.135561 -0.989177 0.056151
v 0.090556 -0.995185 0.037510
v 0.045333 -0.998795 0.018777
v 0.043274 0.998795 0.023130
v 0.086443 0.995185 0.046205
v 0.129405 0.989177 0.069168
v 0.172054 0.980785 0.091965
v 0.214289 0.970031 0.114540
v 0.256008 0.956940 0.136839
v 0.297110 0.941544 0.158809
v 0.337497 0.923880 0.180396
v 0.377070 0.903989 0.201548
v 0.415735 0.881921 0.222215
v 0.453398 0.857729 0.242346
v 0.489969 0.831470 0.261894
v 0.525360 0.803208 0.280811
v 0.559485 0.773010 0.299051
v 0.592262 0.740951 0.316571
v 0.623612 0.707107 0.333328
v 0.653460 0.671559 0.349282
v 0.681734 0.634393 0.364395
v 0.708366 0.595699 0.378629
v 0.733291 0.555570 0.391952
v 0.756449 0.514103 0.404330
v 0.777785 0.471397 0.415735
v 0.797247 0.427555 0.426138
v 0.814789 0.382683 0.435514
v 0.830368 0.336890 0.443841
v 0.843946 0.290285 0.451099
v 0.855491 0.242980 0.457269
v 0.864975 0.195090 0.462339
v 0.872375 0.146730 0.466294
v 0.877674 0.098017 0.469127
v 0.880859 0.049068 0.470829
v 0.881921 0.000000 0.471397
v 0.880859 -0.049068 0.470829
v 0.877674 -0.098017 0.469127
v 0.872375 -0.146730 0.466294
v 0.864975 -0.195090 0.462339
v 0.855491 -0.242980 0.457269
v 0.843946 -0.290285 0.451099
v 0.830368 -0.336890 0.443841
v 0.814789 -0.382683 0.435514
v 0.797247 -0.427555 0.426138
v 0.777785 -0.471397 0.415735
v 0.756449 -0.514103 0.404330
v 0.733291 -0.555570 0.391952
v 0.708366 -0.595699 0.378629
v 0.681734 -0.634393 0.364395
v 0.653460 -0.671559 0.349282
v 0.623612 -0.707107 0.333328
v 0.592262 -0.740951 0.316571
v 0.559485 -0.773010 0.299051
v 0.525360 -0.803208 0.280811
v 0.489969 -0.831470 0.261894
v 0.453398 -0.857729 0.242346
v 0.415735 -0.881921 0.222215
v 0.377070 -0.903989 0.201548
v 0.337497 -0.923880 0.180396
v 0.297110 -0.941544 0.158809
v 0.256008 -0.956940 0.136839
v 0.214289 -0.970031 0.114540
v 0.172054 -0.980785 0.091965
v 0.129405 -0.989177 0.069168
v 0.086443 -0.995185 0.046205
v 0.043274 -0.998795 0.023130
v 0.040798 0.998795 0.027261
v 0.081498 0.995185 0.054455
v 0.122002 0.989177 0.081519
v 0.162212 0.980785 0.108386
v 0.202031 0.970031 0.134993
v 0.241363 0.956940 0.161274
v 0.280114 0.941544 0.187166
v 0.318190 0.923880 0.212607
v 0.355499 0.903989 0.237537
v 0.391952 0.881921 0.261894
v 0.427461 0.857729 0.285620
v 0.461940 0.831470 0.308658
v 0.495306 0.803208 0.330953
v 0.527479 0.773010 0.352450
v 0.558381 0.740951 0.373098
v 0.587938 0.707107 0.392848
v 0.616078 0.671559 0.411650
v 0.642735 0.634393 0.429462
v 0.667842 0.595699 0.446238
v 0.691342 0.555570 0.461940
v 0.713175 0.514103 0.476528
v 0.733290 0.471397 0.489969
v 0.751640 0.427555 0.502230
v 0.768178 0.382683 0.513280
v 0.782865 0.336890 0.523094
v 0.795667 0.290285 0.531648
v 0.806551 0.242980 0.538920
v 0.815493 0.195090 0.544895
v 0.822470 0.146730 0.549557
v 0.827466 0.098017 0.552895
v 0.830468 0.049068 0.554901
v 0.831469 0.000000 0.555570
v 0.830468 -0.049068 0.554901
v 0.827466 -0.098017 0.552895
v 0.822470 -0.146730 0.549557
v 0.815493 -0.195090 0.544895
v 0.806551 -0.242980 0.538920
v 0.795667 -0.290285 0.531648
v 0.782865 -0.336890 0.523094
v 0.768178 -0.382683 0.513280
v 0.751640 -0.427555 0.502230
v 0.733290 -0.471397 0.489969
v 0.713175 -0.514103 0.476528
v 0.691342 -0.555570 0.461940
v 0.667842 -0.595699 0.446238
v 0.642735 -0.634393 0.429462
v 0.616078 -0.671559 0.411650
v 0.587938 -0.707107 0.392848
v 0.558381 -0.740951 0.373098
v 0.527479 -0.773010 0.352450
v 0.495306 -0.803208 0.330953
v 0.461940 -0.831470 0.308658
v 0.427461 -0.857729 0.285620
v 0.391952 -0.881921 0.261894
v 0.355499 -0.903989 0.237537
v 0.318190 -0.923880 0.212607
v 0.280114 -0.941544 0.187166
v 0.241363 -0.956940 0.161274
v 0.202031 -0.970031 0.134993
v 0.162212 -0.980785 0.108386
v 0.122002 -0.989177 0.081519
v 0.081498 -0.995185 0.054455
v 0.040798 -0.998795 0.027261
v 0.037930 0.998795 0.031128
v 0.075768 0.995185 0.062181
v 0.113424 0.989177 0.093085
v 0.150807 0.980785 0.123764
v 0.187826 0.970031 0.154145
v 0.224393 0.956940 0.184155
v 0.260419 0.941544 0.213721
v 0.295818 0.923880 0.242772
v 0.330505 0.903989 0.271238
v 0.364394 0.881921 0.299051
v 0.397407 0.857729 0.326143
v 0.429462 0.831470 0.352450
v 0.460482 0.803208 0.377908
v 0.490393 0.773010 0.402455
v 0.519122 0.740951 0.426032
v 0.546601 0.707107 0.448584
v 0.572763 0.671559 0.470054
v 0.597545 0.634393 0.490393
v 0.620888 0.595699 0.509549
v 0.642735 0.555570 0.527479
v 0.663033 0.514103 0.544137
v 0.681734 0.471397 0.559485
v 0.698793 0.427555 0.573485
v 0.714168 0.382683 0.586103
v 0.727823 0.336890 0.597309
v 0.739725 0.290285 0.607076
v 0.749844 0.242980 0.615381
v 0.758157 0.195090 0.622204
v 0.764643 0.146730 0.627527
v 0.769288 0.098017 0.631338
v 0.772079 0.049068 0.633629
v 0.773010 0.000000 0.634393
v 0.772079 -0.049068 0.633629
v 0.769288 -0.098017 0.631338
v 0.764643 -0.146730 0.627527
v 0.758157 -0.195090 0.622204
v 0.749844 -0.242980 0.615381
v 0.739725 -0.290285 0.607076
v 0.727823 -0.336890 0.597309
v 0.714168 -0.382683 0.586103
v 0.698793 -0.427555 0.573485
v 0.681734 -0.471397 0.559485
v 0.663033 -0.514103 0.544137
v 0.642735 -0.555570 0.527479
v 0.620888 -0.595699 0.509549
v 0.597545 -0.634393 0.490393
v 0.572763 -0.671559 0.470054
v 0.546601 -0.707107 0.448584
v 0.519122 -0.740951 0.426032
v 0.490393 -0.773010 0.402455
v 0.460482 -0.803208 0.377908
v 0.429462 -0.831470 0.352450
v 0.397407 -0.857729 0.326143
v 0.364394 -0.881921 0.299051
v 0.330505 -0.903989 0.271238
v 0.295818 -0.923880 0.242772
v 0.260419 -0.941544 0.213721
v 0.224393 -0.956940 0.184155
v 0.187826 -0.970031 0.154145
v 0.150807 -0.980785 0.123764
v 0.113424 -0.989177 0.093085
v 0.075768 -0.995185 0.062181
v 0.037930 -0.998795 0.031128
v 0.034696 0.998795 0.034696
v 0.069309 0.995185 0.069309
v 0.103754 0.989177 0.103754
v 0.137950 0.980785 0.137950
v 0.171813 0.970031 0.171813
v 0.205262 0.956940 0.205262
v 0.238217 0.941544 0.238217
v 0.270598 0.923880 0.270598
v 0.302327 0.903989 0.302327
v 0.333328 0.881921 0.333328
v 0.363525 0.857729 0.363525
v 0.392848 0.831470 0.392848
v 0.421223 0.803208 0.421223
v 0.448584 0.773010 0.448584
v 0.474864 0.740951 0.474864
v 0.500000 0.707107 0.500000
v 0.523931 0.671559 0.523931
v 0.546601 0.634393 0.546601
v 0.567953 0.595699 0.567953
v 0.587938 0.555570 0.587938
v 0.606506 0.514103 0.606506
v 0.623612 0.471397 0.623612
v 0.639217 0.427555 0.639217
v 0.653281 0.382683 0.653281
v 0.665772 0.336890 0.665772
v 0.676659 0.290285 0.676659
v 0.685915 0.242980 0.685915
v 0.693520 0.195090 0.693520
v 0.699453 0.146730 0.699453
v 0.703702 0.098017 0.703702
v 0.706255 0.049068 0.706255
v 0.707107 0.000000 0.707107
v 0.706255 -0.049068 0.706255
v 0.703702 -0.098017 0.703702
v 0.699453 -0.146730 0.699453
v 0.693520 -0.195090 0.693520
v 0.685915 -0.242980 0.685915
v 0.676659 -0.290285 0.676659
v 0.665772 -0.336890 0.665772
v 0.653281 -0.382683 0.653281
v 0.639217 -0.427555 0.639217
v 0.623612 -0.471397 0.623612
v 0.606506 -0.514103 0.606506
v 0.587938 -0.555570 0.587938
v 0.567953 -0.595699 0.567953
v 0.546601 -0.634393 0.546601
v 0.523931 -0.671559 0.523931
v 0.500000 -0.707107 0.500000
v 0.474864 -0.740951 0.474864
v 0.448584 -0.773010 0.448584
v 0.421223 -0.803208 0.421223
v 0.392848 -0.831470 0.392848
v 0.363525 -0.857729 0.363525
v 0.333328 -0.881921 0.333328
v 0.302327 -0.903989 0.302327
v 0.270598 -0.923880 0.270598
v 0.238217 -0.941544 0.238217
v 0.205262 -0.956940 0.205262
v 0.171813 -0.970031 0.171813
v 0.137950 -0.980785 0.137950
v 0.103754 -0.989177 0.103754
v 0.069309 -0.995185 0.069309
v 0.034696 -0.998795 0.034696
v 0.031128 0.998795 0.037930
v 0.062181 0.995185 0.075768
v 0.093085 0.989177 0.113424
v 0.123764 0.980785 0.150807
v 0.154145 0.970031 0.187826
v 0.184155 0.956940 0.224393
v 0.213721 0.941544 0.260419
v 0.242772 0.923880 0.295818
v 0.271238 0.903989 0.330505
v 0.299051 0.881921 0.364395
v 0.326143 0.857729 0.397407
v 0.352450 0.831470 0.429462
v 0.377907 0.803208 0.460482
v 0.402455 0.773010 0.490393
v 0.426032 0.740951 0.519122
v 0.448584 0.707107 0.546601
v 0.470054 0.671559 0.572763
v 0.490393 0.634393 0.597545
v 0.509549 0.595699 0.620888
v 0.527479 0.555570 0.642735
v 0.544137 0.514103 0.663033
v 0.559485 0.471397 0.681734
v 0.573485 0.427555 0.698793
v 0.586103 0.382683 0.714168
v 0.597309 0.336890 0.727823
v 0.607076 0.290285 0.739725
v 0.615381 0.242980 0.749844
v 0.622203 0.195090 0.758157
v 0.627527 0.146730 0.764643
v 0.631338 0.098017 0.769288
v 0.633629 0.049068 0.772079
v 0.634393 0.000000 0.773010
v 0.633629 -0.049068 0.772079
v 0.631338 -0.098017 0.769288
v 0.627527 -0.146730 0.764643
v 0.622203 -0.195090 0.758157
v 0.615381 -0.242980 0.749844
v 0.607076 -0.290285 0.739725
v 0.597309 -0.336890 0.727823
v 0.586103 -0.382683 0.714168
v 0.573485 -0.427555 0.698793
v 0.559485 -0.471397 0.681734
v 0.544137 -0.514103 0.663033
v 0.527479 -0.555570 0.642735
v 0.509549 -0.595699 0.620888
v 0.490393 -0.634393 0.597545
v 0.470054 -0.671559 0.572763
v 0.448584 -0.707107 0.546601
v 0.426032 -0.740951 0.519122
v 0.402455 -0.773010 0.490393
v 0.377907 -0.803208 0.460482
v 0.352450 -0.831470 0.429462
v 0.326143 -0.857729 0.397407
v 0.299051 -0.881921 0.364395
v 0.271238 -0.903989 0.330505
v 0.242772 -0.923880 0.295818
v 0.213721 -0.941544 0.260419
v 0.184155 -0.956940 0.224393
v 0.154145 -0.970031 0.187826
v 0.123764 -0.980785 0.150807
v 0.093085 -0.989177 0.113424
v 0.062181 -0.995185 0.075768
v 0.031128 -0.998795 0.037930
v 0.027261 0.998795 0.040798
v 0.054455 0.995185 0.081498
v 0.081519 0.989177 0.122002
v 0.108386 0.980785 0.162212
v 0.134992 0.970031 0.202031
v 0.161274 0.956940 0.241363
v 0.187166 0.941544 0.280114
v 0.212607 0.923880 0.318190
v 0.237537 0.903989 0.355499
v 0.261894 0.881921 0.391952
v 0.285620 0.857729 0.427461
v 0.308658 0.831470 0.461940
v 0.330953 0.803208 0.495306
v 0.352450 0.773010 0.527479
v 0.373098 0.740951 0.558381
v 0.392847 0.707107 0.587938
v 0.411650 0.671559 0.616078
v 0.429462 0.634393 0.642735
v 0.446238 0.595699 0.667843
v 0.461940 0.555570 0.691342
v 0.476528 0.514103 0.713175
v 0.489969 0.471397 0.733291
v 0.502230 0.427555 0.751640
v 0.513280 0.382683 0.768178
v 0.523094 0.336890 0.782865
v 0.531647 0.290285 0.795667
v 0.538920 0.242980 0.806551
v 0.544895 0.195090 0.815493
v 0.549557 0.146730 0.822470
v 0.552895 0.098017 0.827466
v 0.554901 0.049068 0.830468
v 0.555570 0.000000 0.831470
v 0.554901 -0.049068 0.830468
v 0.552895 -0.098017 0.827466
v 0.549557 -0.146730 0.822470
v 0.544895 -0.195090 0.815493
v 0.538920 -0.242980 0.806551
v 0.531647 -0.290285 0.795667
v 0.523094 -0.336890 0.782865
v 0.513280 -0.382683 0.768178
v 0.502230 -0.427555 0.751640
v 0.489969 -0.471397 0.733291
v 0.476528 -0.514103 0.713175
v 0.461940 -0.555570 0.691342
v 0.446238 -0.595699 0.667843
v 0.429462 -0.634393 0.642735
v 0.411650 -0.671559 0.616078
v 0.392847 -0.707107 0.587938
v 0.373098 -0.740951 0.558381
v 0.352450 -0.773010 0.527479
v 0.330953 -0.803208 0.495306
v 0.308658 -0.831470 0.461940
v 0.285620 -0.857729 0.427461
v 0.261894 -0.881921 0.391952
v 0.237537 -0.903989 0.355499
v 0.212607 -0.923880 0.318190
v 0.187166 -0.941544 0.280114
v 0.161274 -0.956940 0.241363
v 0.134992 -0.970031 0.202031
v 0.108386 -0.980785 0.162212
v 0.081519 -0.989177 0.122002
v 0.054455 -0.995185 0.081498
v 0.027261 -0.998795 0.040798
v 0.023130 0.998795 0.043274
v 0.046205 0.995185 0.086443
v 0.069168 0.989177 0.129405
v 0.091965 0.980785 0.172054
v 0.114540 0.970031 0.214289
v 0.136839 0.956940 0.256008
v 0.158809 0.941544 0.297110
v 0.180396 0.923880 0.337497
v 0.201548 0.903989 0.377070
v 0.222215 0.881921 0.415735
v 0.242346 0.857729 0.453398
v 0.261894 0.831470 0.489969
v 0.280811 0.803208 0.525360
v 0.299051 0.773010 0.559485
v 0.316571 0.740951 0.592262
v 0.333328 0.707107 0.623612
v 0.349282 0.671559 0.653460
v 0.364395 0.634393 0.681734
v 0.378629 0.595699 0.708366
v 0.391952 0.555570 0.733291
v 0.404330 0.514103 0.756449
v 0.415735 0.471397 0.777785
v 0.426138 0.427555 0.797247
v 0.435514 0.382683 0.814789
v 0.443841 0.336890 0.830367
v 0.451098 0.290285 0.843946
v 0.457269 0.242980 0.855491
v 0.462339 0.195090 0.864975
v 0.466294 0.146730 0.872375
v 0.469127 0.098017 0.877674
v 0.470829 0.049068 0.880859
v 0.471397 0.000000 0.881921
v 0.470829 -0.049068 0.880859
v 0.469127 -0.098017 0.877674
v 0.466294 -0.146730 0.872375
v 0.462339 -0.195090 0.864975
v 0.457269 -0.242980 0.855491
v 0.451098 -0.290285 0.843946
v 0.443841 -0.336890 0.830367
v 0.435514 -0.382683 0.814789
v 0.426138 -0.427555 0.797247
v 0.415735 -0.471397 0.777785
v 0.404330 -0.514103 0.756449
v 0.391952 -0.555570 0.733291
v 0.378629 -0.595699 0.708366
v 0.364395 -0.634393 0.681734
v 0.349282 -0.671559 0.653460
v 0.333328 -0.707107 0.623612
v 0.316571 -0.740951 0.592262
v 0.299051 -0.773010 0.559485
v 0.280811 -0.803208 0.525360
v 0.261894 -0.831470 0.489969
v 0.242346 -0.857729 0.453398
v 0.222215 -0.881921 0.415735
v 0.201548 -0.903989 0.377070
v 0.180396 -0.923880 0.337497
v 0.158809 -0.941544 0.297110
v 0.136839 -0.956940 0.256008
v 0.114540 -0.970031 0.214289
v 0.091965 -0.980785 0.172054
v 0.069168 -0.989177 0.129405
v 0.046205 -0.995185 0.086443
v 0.023130 -0.998795 0.043274
v 0.018777 0.998795 0.045333
v 0.037510 0.995185 0.090556
v 0.056151 0.989177 0.135561
v 0.074658 0.980785 0.180240
v 0.092984 0.970031 0.224484
v 0.111087 0.956940 0.268188
v 0.128922 0.941544 0.311246
v 0.146447 0.923880 0.353553
v 0.163618 0.903989 0.395009
v 0.180396 0.881921 0.435514
v 0.196738 0.857729 0.474969
v 0.212608 0.831470 0.513280
v 0.227964 0.803208 0.550354
v 0.242772 0.773010 0.586103
v 0.256994 0.740951 0.620439
v 0.270598 0.707107 0.653281
v 0.283550 0.671559 0.684549
v 0.295818 0.634393 0.714168
v 0.307374 0.595699 0.742067
v 0.318190 0.555570 0.768178
v 0.328238 0.514103 0.792438
v 0.337497 0.471397 0.814789
v 0.345942 0.427555 0.835177
v 0.353553 0.382683 0.853553
v 0.360313 0.336890 0.869873
v 0.366205 0.290285 0.884097
v 0.371215 0.242980 0.896192
v 0.375330 0.195090 0.906127
v 0.378541 0.146730 0.913879
v 0.380841 0.098017 0.919431
v 0.382222 0.049068 0.922767
v 0.382683 0.000000 0.923879
v 0.382222 -0.049068 0.922767
v 0.380841 -0.098017 0.919431
v 0.378541 -0.146730 0.913879
v 0.375330 -0.195090 0.906127
v 0.371215 -0.242980 0.896192
v 0.366205 -0.290285 0.884097
v 0.360313 -0.336890 0.869873
v 0.353553 -0.382683 0.853553
v 0.345942 -0.427555 0.835177
v 0.337497 -0.471397 0.814789
v 0.328238 -0.514103 0.792438
v 0.318190 -0.555570 0.768178
v 0.307374 -0.595699 0.742067
v 0.295818 -0.634393 0.714168
v 0.283550 -0.671559 0.684549
v 0.270598 -0.707107 0.653281
v 0.256994 -0.740951 0.620439
v 0.242772 -0.773010 0.586103
v 0.227964 -0.803208 0.550354
v 0.212608 -0.831470 0.513280
v 0.196738 -0.857729 0.474969
v 0.180396 -0.881921 0.435514
v 0.163618 -0.903989 0.395009
v 0.146447 -0.923880 0.353553
v 0.128922 -0.941544 0.311246
v 0.111087 -0.956940 0.268188
v 0.092984 -0.970031 0.224484
v 0.074658 -0.980785 0.180240
v 0.056151 -0.989177 0.135561
v 0.037510 -0.995185 0.090556
v 0.018777 -0.998795 0.045333
v 0.014244 0.998795 0.046955
v 0.028453 0.995185 0.093797
v 0.042594 0.989177 0.140412
v 0.056632 0.980785 0.186690
v 0.070533 0.970031 0.232517
v 0.084265 0.956940 0.277785
v 0.097794 0.941544 0.322383
v 0.111087 0.923880 0.366205
v 0.124113 0.903989 0.409145
v 0.136839 0.881921 0.451098
v 0.149236 0.857729 0.491965
v 0.161274 0.831470 0.531648
v 0.172922 0.803208 0.570049
v 0.184155 0.773010 0.607076
v 0.194943 0.740951 0.642642
v 0.205262 0.707107 0.676659
v 0.215087 0.671559 0.709046
v 0.224393 0.634393 0.739725
v 0.233159 0.595699 0.768622
v 0.241363 0.555570 0.795667
v 0.248985 0.514103 0.820795
v 0.256008 0.471397 0.843946
v 0.262414 0.427555 0.865064
v 0.268188 0.382683 0.884097
v 0.273316 0.336890 0.901001
v 0.277785 0.290285 0.915735
v 0.281585 0.242980 0.928262
v 0.284707 0.195090 0.938553
v 0.287143 0.146730 0.946582
v 0.288887 0.098017 0.952332
v 0.289935 0.049068 0.955787
v 0.290284 0.000000 0.956940
v 0.289935 -0.049068 0.955787
v 0.288887 -0.098017 0.952332
v 0.287143 -0.146730 0.946582
v 0.284707 -0.195090 0.938553
v 0.281585 -0.242980 0.928262
v 0.277785 -0.290285 0.915735
v 0.273316 -0.336890 0.901001
v 0.268188 -0.382683 0.884097
v 0.262414 -0.427555 0.865064
v 0.256008 -0.471397 0.843946
v 0.248985 -0.514103 0.820795
v 0.241363 -0.555570 0.795667
v 0.233159 -0.595699 0.768622
v 0.224393 -0.634393 0.739725
v 0.215087 -0.671559 0.709046
v 0.205262 -0.707107 0.676659
v 0.194943 -0.740951 0.642642
v 0.184155 -0.773010 0.607076
v 0.172922 -0.803208 0.570049
v 0.161274 -0.831470 0.531648
v 0.149236 -0.857729 0.491965
v 0.136839 -0.881921 0.451098
v 0.124113 -0.903989 0.409145
v 0.111087 -0.923880 0.366205
v 0.097794 -0.941544 0.322383
v 0.084265 -0.956940 0.277785
v 0.070533 -0.970031 0.232517
v 0.056632 -0.980785 0.186690
v 0.042594 -0.989177 0.140412
v 0.028453 -0.995185 0.093797
v 0.014244 -0.998795 0.046955
v 0.009573 0.998795 0.048125
v 0.019122 0.995185 0.096134
v 0.028626 0.989177 0.143911
v 0.038060 0.980785 0.191342
v 0.047403 0.970031 0.238311
v 0.056632 0.956940 0.284707
v 0.065724 0.941544 0.330417
v 0.074658 0.923880 0.375330
v 0.083412 0.903989 0.419340
v 0.091965 0.881921 0.462339
v 0.100296 0.857729 0.504224
v 0.108386 0.831470 0.544895
v 0.116215 0.803208 0.584253
v 0.123764 0.773010 0.622204
v 0.131015 0.740951 0.658655
v 0.137950 0.707107 0.693520
v 0.144552 0.671559 0.726714
v 0.150807 0.634393 0.758157
v 0.156698 0.595699 0.787774
v 0.162212 0.555570 0.815493
v 0.167334 0.514103 0.841247
v 0.172054 0.471397 0.864975
v 0.176360 0.427555 0.886619
v 0.180240 0.382683 0.906127
v 0.183686 0.336890 0.923452
v 0.186690 0.290285 0.938553
v 0.189243 0.242980 0.951392
v 0.191342 0.195090 0.961940
v 0.192979 0.146730 0.970169
v 0.194151 0.098017 0.976062
v 0.194855 0.049068 0.979604
v 0.195090 0.000000 0.980785
v 0.194855 -0.049068 0.979604
v 0.194151 -0.098017 0.976062
v 0.192979 -0.146730 0.970169
v 0.191342 -0.195090 0.961940
v 0.189243 -0.242980 0.951392
v 0.186690 -0.290285 0.938553
v 0.183686 -0.336890 0.923452
v 0.180240 -0.382683 0.906127
v 0.176360 -0.427555 0.886619
v 0.172054 -0.471397 0.864975
v 0.167334 -0.514103 0.841247
v 0.162212 -0.555570 0.815493
v 0.156698 -0.595699 0.787774
v 0.150807 -0.634393 0.758157
v 0.144552 -0.671559 0.726714
v 0.137950 -0.707107 0.693520
v 0.131015 -0.740951 0.658655
v 0.123764 -0.773010 0.622204
v 0.116215 -0.803208 0.584253
v 0.108386 -0.831470 0.544895
v 0.100296 -0.857729 0.504224
v 0.091965 -0.881921 0.462339
v 0.083412 -0.903989 0.419340
v 0.074658 -0.923880 0.375330
v 0.065724 -0.941544 0.330417
v 0.056632 -0.956940 0.284707
v 0.047403 -0.970031 0.238311
v 0.038060 -0.980785 0.191342
v 0.028626 -0.989177 0.143911
v 0.019122 -0.995185 0.096134
v 0.009573 -0.998795 0.048125
v 0.004809 0.998795 0.048831
v 0.009607 0.995185 0.097545
v 0.014382 0.989177 0.146024
v 0.019122 0.980785 0.194151
v 0.023816 0.970031 0.241810
v 0.028453 0.956940 0.288887
v 0.033021 0.941544 0.335268
v 0.037510 0.923880 0.380841
v 0.041908 0.903989 0.425496
v 0.046205 0.881921 0.469127
v 0.050391 0.857729 0.511627
v 0.054455 0.831470 0.552895
v 0.058389 0.803208 0.592831
v 0.062181 0.773010 0.631338
v 0.065824 0.740951 0.668325
v 0.069308 0.707107 0.703702
v 0.072626 0.671559 0.737383
v 0.075768 0.634393 0.769288
v 0.078728 0.595699 0.799340
v 0.081498 0.555570 0.827466
v 0.084072 0.514103 0.853598
v 0.086443 0.471397 0.877674
v 0.088606 0.427555 0.899636
v 0.090556 0.382683 0.919430
v 0.092288 0.336890 0.937010
v 0.093796 0.290285 0.952332
v 0.095080 0.242980 0.965360
v 0.096134 0.195090 0.976062
v 0.096956 0.146730 0.984413
v 0.097545 0.098017 0.990392
v 0.097899 0.049068 0.993986
v 0.098017 0.000000 0.995185
v 0.097899 -0.049068 0.993986
v 0.097545 -0.098017 0.990392
v 0.096956 -0.146730 0.984413
v 0.096134 -0.195090 0.976062
v 0.095080 -0.242980 0.965360
v 0.093796 -0.290285 0.952332
v 0.092288 -0.336890 0.937010
v 0.090556 -0.382683 0.919430
v 0.088606 -0.427555 0.899636
v 0.086443 -0.471397 0.877674
v 0.084072 -0.514103 0.853598
v 0.081498 -0.555570 0.827466
v 0.078728 -0.595699 0.799340
v 0.075768 -0.634393 0.769288
v 0.072626 -0.671559 0.737383
v 0.069308 -0.707107 0.703702
v 0.065824 -0.740951 0.668325
v 0.062181 -0.773010 0.631338
v 0.058389 -0.803208 0.592831
v 0.054455 -0.831470 0.552895
v 0.050391 -0.857729 0.511627
v 0.046205 -0.881921 0.469127
v 0.041908 -0.903989 0.425496
v 0.037510 -0.923880 0.380841
v 0.033021 -0.941544 0.335268
v 0.028453 -0.956940 0.288887
v 0.023816 -0.970031 0.241810
v 0.019122 -0.980785 0.194151
v 0.014382 -0.989177 0.146024
v 0.009607 -0.995185 0.097545
v 0.004809 -0.998795 0.048831
v -0.000000 0.998795 0.049068
v -0.000000 0.995185 0.098017
v 0.000000 0.989177 0.146730
v 0.000000 0.980785 0.195090
v -0.000000 0.970031 0.242980
v -0.000000 0.956940 0.290285
v -0.000000 0.941544 0.336890
v -0.000000 0.923880 0.382683
v 0.000000 0.903989 0.427555
v -0.000000 0.881921 0.471397
v -0.000000 0.857729 0.514102
v 0.000000 0.831470 0.555571
v -0.000000 0.803208 0.595699
v 0.000000 0.773010 0.634393
v 0.000000 0.740951 0.671559
v -0.000000 0.707107 0.707107
v -0.000000 0.671559 0.740951
v 0.000000 0.634393 0.773010
v -0.000000 0.595699 0.803207
v 0.000000 0.555570 0.831470
v -0.000000 0.514103 0.857728
v -0.000000 0.471397 0.881921
v -0.000000 0.427555 0.903989
v -0.000000 0.382683 0.923879
v 0.000000 0.336890 0.941544
v -0.000000 0.290285 0.956940
v -0.000000 0.242980 0.970031
v -0.000000 0.195090 0.980785
v 0.000000 0.146730 0.989176
v -0.000000 0.098017 0.995184
v -0.000000 0.049068 0.998795
v -0.000000 0.000000 1.000000
v -0.000000 -0.049068 0.998795
v -0.000000 -0.098017 0.995184
v 0.000000 -0.146730 0.989176
v -0.000000 -0.195090 0.980785
v -0.000000 -0.242980 0.970031
v -0.000000 -0.290285 0.956940
v 0.000000 -0.336890 0.941544
v -0.000000 -0.382683 0.923879
v -0.000000 -0.427555 0.903989
v -0.000000 -0.471397 0.881921
v -0.000000 -0.514103 0.857728
v 0.000000 -0.555570 0.831470
v -0.000000 -0.595699 0.803207
v 0.000000 -0.634393 0.773010
v -0.000000 -0.671559 0.740951
v -0.000000 -0.707107 0.707107
v 0.000000 -0.740951 0.671559
v 0.000000 -0.773010 0.634393
v -0.000000 -0.803208 0.595699
v 0.000000 -0.831470 0.555571
v -0.000000 -0.857729 0.514102
v -0.000000 -0.881921 0.471397
v 0.000000 -0.903989 0.427555
v -0.000000 -0.923880 0.382683
v -0.000000 -0.941544 0.336890
v -0.000000 -0.956940 0.290285
v -0.000000 -0.970031 0.242980
v 0.000000 -0.980785 0.195090
v 0.000000 -0.989177 0.146730
v -0.000000 -0.995185 0.098017
v -0.000000 -0.998795 0.049068
v 0.000000 1.000000 0.000000
v -0.004809 0.998795 0.048831
v -0.009607 0.995185 0.097545
v -0.014382 0.989177 0.146024
v -0.019122 0.980785 0.194151
v -0.023816 0.970031 0.241810
v -0.028453 0.956940 0.288887
v -0.033021 0.941544 0.335268
v -0.037510 0.923880 0.380840
v -0.041908 0.903989 0.425496
v -0.046205 0.881921 0.469127
v -0.050391 0.857729 0.511627
v -0.054455 0.831470 0.552895
v -0.058389 0.803208 0.592831
v -0.062181 0.773010 0.631338
v -0.065824 0.740951 0.668325
v -0.069309 0.707107 0.703702
v -0.072626 0.671559 0.737383
v -0.075768 0.634393 0.769288
v -0.078728 0.595699 0.799340
v -0.081498 0.555570 0.827466
v -0.084072 0.514103 0.853598
v -0.086443 0.471397 0.877674
v -0.088606 0.427555 0.899636
v -0.090556 0.382683 0.919430
v -0.092287 0.336890 0.937010
v -0.093797 0.290285 0.952332
v -0.095080 0.242980 0.965360
v -0.096134 0.195090 0.976062
v -0.096956 0.146730 0.984413
v -0.097545 0.098017 0.990392
v -0.097899 0.049068 0.993986
v -0.098017 0.000000 0.995184
v -0.097899 -0.049068 0.993986
v -0.097545 -0.098017 0.990392
v -0.096956 -0.146730 0.984413
v -0.096134 -0.195090 0.976062
v -0.095080 -0.242980 0.965360
v -0.093797 -0.290285 0.952332
v -0.092287 -0.336890 0.937010
v -0.090556 -0.382683 0.919430
v -0.088606 -0.427555 0.899636
v -0.086443 -0.471397 0.877674
v -0.084072 -0.514103 0.853598
v -0.081498 -0.555570 0.827466
v -0.078728 -0.595699 0.799340
v -0.075768 -0.634393 0.769288
v -0.072626 -0.671559 0.737383
v -0.069309 -0.707107 0.703702
v -0.065824 -0.740951 0.668325
v -0.062181 -0.773010 0.631338
v -0.058389 -0.803208 0.592831
v -0.054455 -0.831470 0.552895
v -0.050391 -0.857729 0.511627
v -0.046205 -0.881921 0.469127
v -0.041908 -0.903989 0.425496
v -0.037510 -0.923880 0.380840
v -0.033021 -0.941544 0.335268
v -0.028453 -0.956940 0.288887
v -0.023816 -0.970031 0.241810
v -0.019122 -0.980785 0.194151
v -0.014382 -0.989177 0.146024
v -0.009607 -0.995185 0.097545
v -0.004809 -0.998795 0.048831
v -0.009573 0.998795 0.048125
v -0.019122 0.995185 0.096134
v -0.028626 0.989177 0.143911
v -0.038060 0.980785 0.191342
v -0.047403 0.970031 0.238311
v -0.056632 0.956940 0.284707
v -0.065724 0.941544 0.330417
v -0.074658 0.923880 0.375330
v -0.083412 0.903989 0.419340
v -0.091965 0.881921 0.462339
v -0.100296 0.857729 0.504224
v -0.108386 0.831470 0.544895
v -0.116215 0.803208 0.584253
v -0.123764 0.773010 0.622204
v -0.131015 0.740951 0.658655
v -0.137950 0.707107 0.693520
v -0.144552 0.671559 0.726714
v -0.150807 0.634393 0.758157
v -0.156698 0.595699 0.787774
v -0.162212 0.555570 0.815493
v -0.167335 0.514103 0.841247
v -0.172054 0.471397 0.864975
v -0.176360 0.427555 0.886619
v -0.180240 0.382683 0.906127
v -0.183686 0.336890 0.923452
v -0.186690 0.290285 0.938553
v -0.189244 0.242980 0.951392
v -0.191342 0.195090 0.961940
v -0.192979 0.146730 0.970169
v -0.194151 0.098017 0.976062
v -0.194855 0.049068 0.979604
v -0.195090 0.000000 0.980785
v -0.194855 -0.049068 0.979604
v -0.194151 -0.098017 0.976062
v -0.192979 -0.146730 0.970169
v -0.191342 -0.195090 0.961940
v -0.189244 -0.242980 0.951392
v -0.186690 -0.290285 0.938553
v -0.183686 -0.336890 0.923452
v -0.180240 -0.382683 0.906127
v -0.176360 -0.427555 0.886619
v -0.172054 -0.471397 0.864975
v -0.167335 -0.514103 0.841247
v -0.162212 -0.555570 0.815493
v -0.156698 -0.595699 0.787774
v -0.150807 -0.634393 0.758157
v -0.144552 -0.671559 0.726714
v -0.137950 -0.707107 0.693520
v -0.131015 -0.740951 0.658655
v -0.123764 -0.773010 0.622204
v -0.116215 -0.803208 0.584253
v -0.108386 -0.831470 0.544895
v -0.100296 -0.857729 0.504224
v -0.091965 -0.881921 0.462339
v -0.083412 -0.903989 0.419340
v -0.074658 -0.923880 0.375330
v -0.065724 -0.941544 0.330417
v -0.056632 -0.956940 0.284707
v -0.047403 -0.970031 0.238311
v -0.038060 -0.980785 0.191342
v -0.028626 -0.989177 0.143911
v -0.019122 -0.995185 0.096134
v -0.009573 -0.998795 0.048125
v -0.014244 0.998795 0.046955
v -0.028453 0.995185 0.093797
v -0.042594 0.989177 0.140412
v -0.056632 0.980785 0.186690
v -0.070533 0.970031 0.232517
v -0.084265 0.956940 0.277785
v -0.097794 0.941544 0.322383
v -0.111087 0.923880 0.366205
v -0.124113 0.903989 0.409145
v -0.136839 0.881921 0.451098
v -0.149236 0.857729 0.491965
v -0.161274 0.831470 0.531648
v -0.172922 0.803208 0.570048
v -0.184155 0.773010 0.607076
v -0.194943 0.740951 0.642642
v -0.205262 0.707107 0.676659
v -0.215087 0.671559 0.709046
v -0.224393 0.634393 0.739725
v -0.233159 0.595699 0.768621
v -0.241363 0.555570 0.795667
v -0.248985 0.514103 0.820795
v -0.256008 0.471397 0.843946
v -0.262414 0.427555 0.865064
v -0.268188 0.382683 0.884097
v -0.273316 0.336890 0.901001
v -0.277785 0.290285 0.915735
v -0.281585 0.242980 0.928261
v -0.284707 0.195090 0.938553
v -0.287143 0.146730 0.946582
v -0.288887 0.098017 0.952332
v -0.289935 0.049068 0.955787
v -0.290285 0.000000 0.956940
v -0.289935 -0.049068 0.955787
v -0.288887 -0.098017 0.952332
v -0.287143 -0.146730 0.946582
v -0.284707 -0.195090 0.938553
v -0.281585 -0.242980 0.928261
v -0.277785 -0.290285 0.915735
v -0.273316 -0.336890 0.901001
v -0.268188 -0.382683 0.884097
v -0.262414 -0.427555 0.865064
v -0.256008 -0.471397 0.843946
v -0.248985 -0.514103 0.820795
v -0.241363 -0.555570 0.795667
v -0.233159 -0.595699 0.768621
v -0.224393 -0.634393 0.739725
v -0.215087 -0.671559 0.709046
v -0.205262 -0.707107 0.676659
v -0.194943 -0.740951 0.642642
v -0.184155 -0.773010 0.607076
v -0.172922 -0.803208 0.570048
v -0.161274 -0.831470 0.531648
v -0.149236 -0.857729 0.491965
v -0.136839 -0.881921 0.451098
v -0.124113 -0.903989 0.409145
v -0.111087 -0.923880 0.366205
v -0.097794 -0.941544 0.322383
v -0.084265 -0.956940 0.277785
v -0.070533 -0.970031 0.232517
v -0.056632 -0.980785 0.186690
v -0.042594 -0.989177 0.140412
v -0.028453 -0.995185 0.093797
v -0.014244 -0.998795 0.046955
v -0.018777 0.998795 0.045333
v -0.037510 0.995185 0.090556
v -0.056151 0.989177 0.135561
v -0.074658 0.980785 0.180240
v -0.092984 0.970031 0.224484
v -0.111087 0.956940 0.268188
v -0.128922 0.941544 0.311246
v -0.146447 0.923880 0.353553
v -0.163618 0.903989 0.395010
v -0.180396 0.881921 0.435514
v -0.196739 0.857729 0.474969
v -0.212608 0.831470 0.513280
v -0.227964 0.803208 0.550354
v -0.242772 0.773010 0.586103
v -0.256994 0.740951 0.620439
v -0.270598 0.707107 0.653281
v -0.283550 0.671559 0.684549
v -0.295818 0.634393 0.714168
v -0.307374 0.595699 0.742067
v -0.318190 0.555570 0.768178
v -0.328238 0.514103 0.792438
v -0.337497 0.471397 0.814789
v -0.345942 0.427555 0.835177
v -0.353553 0.382683 0.853553
v -0.360313 0.336890 0.869873
v -0.366205 0.290285 0.884097
v -0.371215 0.242980 0.896191
v -0.375330 0.195090 0.906127
v -0.378541 0.146730 0.913879
v -0.380841 0.098017 0.919430
v -0.382222 0.049068 0.922766
v -0.382684 0.000000 0.923879
v -0.382222 -0.049068 0.922766
v -0.380841 -0.098017 0.919430
v -0.378541 -0.146730 0.913879
v -0.375330 -0.195090 0.906127
v -0.371215 -0.242980 0.896191
v -0.366205 -0.290285 0.884097
v -0.360313 -0.336890 0.869873
v -0.353553 -0.382683 0.853553
v -0.345942 -0.427555 0.835177
v -0.337497 -0.471397 0.814789
v -0.328238 -0.514103 0.792438
v -0.318190 -0.555570 0.768178
v -0.307374 -0.595699 0.742067
v -0.295818 -0.634393 0.714168
v -0.283550 -0.671559 0.684549
v -0.270598 -0.707107 0.653281
v -0.256994 -0.740951 0.620439
v -0.242772 -0.773010 0.586103
v -0.227964 -0.803208 0.550354
v -0.212608 -0.831470 0.513280
v -0.196739 -0.857729 0.474969
v -0.180396 -0.881921 0.435514
v -0.163618 -0.903989 0.395010
v -0.146447 -0.923880 0.353553
v -0.128922 -0.941544 0.311246
v -0.111087 -0.956940 0.268188
v -0.092984 -0.970031 0.224484
v -0.074658 -0.980785 0.180240
v -0.056151 -0.989177 0.135561
v -0.037510 -0.995185 0.090556
v -0.018777 -0.998795 0.045333
v -0.023130 0.998795 0.043274
v -0.046205 0.995185 0.086443
v -0.069168 0.989177 0.129405
v -0.091965 0.980785 0.172054
v -0.114540 0.970031 0.214289
v -0.136839 0.956940 0.256008
v -0.158809 0.941544 0.297110
v -0.180396 0.923880 0.337496
v -0.201548 0.903989 0.377070
v -0.222215 0.881921 0.415735
v -0.242346 0.857729 0.453398
v -0.261894 0.831470 0.489970
v -0.280811 0.803208 0.525360
v -0.299051 0.773010 0.559485
v -0.316571 0.740951 0.592262
v -0.333328 0.707107 0.623612
v -0.349282 0.671559 0.653460
v -0.364394 0.634393 0.681734
v -0.378629 0.595699 0.708365
v -0.391952 0.555570 0.733291
v -0.404330 0.514103 0.756449
v -0.415735 0.471397 0.777785
v -0.426138 0.427555 0.797247
v -0.435514 0.382683 0.814789
v -0.443841 0.336890 0.830368
v -0.451099 0.290285 0.843946
v -0.457269 0.242980 0.855491
v -0.462339 0.195090 0.864975
v -0.466294 0.146730 0.872375
v -0.469127 0.098017 0.877674
v -0.470829 0.049068 0.880859
v -0.471397 0.000000 0.881921
v -0.470829 -0.049068 0.880859
v -0.469127 -0.098017 0.877674
v -0.466294 -0.146730 0.872375
v -0.462339 -0.195090 0.864975
v -0.457269 -0.242980 0.855491
v -0.451099 -0.290285 0.843946
v -0.443841 -0.336890 0.830368
v -0.435514 -0.382683 0.814789
v -0.426138 -0.427555 0.797247
v -0.415735 -0.471397 0.777785
v -0.404330 -0.514103 0.756449
v -0.391952 -0.555570 0.733291
v -0.378629 -0.595699 0.708365
v -0.364394 -0.634393 0.681734
v -0.349282 -0.671559 0.653460
v -0.333328 -0.707107 0.623612
v -0.316571 -0.740951 0.592262
v -0.299051 -0.773010 0.559485
v -0.280811 -0.803208 0.525360
v -0.261894 -0.831470 0.489970
v -0.242346 -0.857729 0.453398
v -0.222215 -0.881921 0.415735
v -0.201548 -0.903989 0.377070
v -0.180396 -0.923880 0.337496
v -0.158809 -0.941544 0.297110
v -0.136839 -0.956940 0.256008
v -0.114540 -0.970031 0.214289
v -0.091965 -0.980785 0.172054
v -0.069168 -0.989177 0.129405
v -0.046205 -0.995185 0.086443
v -0.023130 -0.998795 0.043274
v -0.027261 0.998795 0.040798
v -0.054455 0.995185 0.081498
v -0.081519 0.989177 0.122002
v -0.108386 0.980785 0.162212
v -0.134993 0.970031 0.202031
v -0.161274 0.956940 0.241363
v -0.187166 0.941544 0.280114
v -0.212607 0.923880 0.318189
v -0.237537 0.903989 0.355499
v -0.261894 0.881921 0.391952
v -0.285620 0.857729 0.427460
v -0.308658 0.831470 0.461940
v -0.330953 0.803208 0.495306
v -0.352450 0.773010 0.527479
v -0.373098 0.740951 0.558381
v -0.392848 0.707107 0.587938
v -0.411650 0.671559 0.616078
v -0.429461 0.634393 0.642735
v -0.446238 0.595699 0.667842
v -0.461940 0.555570 0.691342
v -0.476528 0.514103 0.713175
v -0.489969 0.471397 0.733290
v -0.502230 0.427555 0.751640
v -0.513280 0.382683 0.768177
v -0.523094 0.336890 0.782865
v -0.531648 0.290285 0.795667
v -0.538920 0.242980 0.806551
v -0.544895 0.195090 0.815493
v -0.549557 0.146730 0.822469
v -0.552895 0.098017 0.827466
v -0.554901 0.049068 0.830468
v -0.555570 0.000000 0.831469
v -0.554901 -0.049068 0.830468
v -0.552895 -0.098017 0.827466
v -0.549557 -0.146730 0.822469
v -0.544895 -0.195090 0.815493
v -0.538920 -0.242980 0.806551
v -0.531648 -0.290285 0.795667
v -0.523094 -0.336890 0.782865
v -0.513280 -0.382683 0.768177
v -0.502230 -0.427555 0.751640
v -0.489969 -0.471397 0.733290
v -0.476528 -0.514103 0.713175
v -0.461940 -0.555570 0.691342
v -0.446238 -0.595699 0.667842
v -0.429461 -0.634393 0.642735
v -0.411650 -0.671559 0.616078
v -0.392848 -0.707107 0.587938
v -0.373098 -0.740951 0.558381
v -0.352450 -0.773010 0.527479
v -0.330953 -0.803208 0.495306
v -0.308658 -0.831470 0.461940
v -0.285620 -0.857729 0.427460
v -0.261894 -0.881921 0.391952
v -0.237537 -0.903989 0.355499
v -0.212607 -0.923880 0.318189
v -0.187166 -0.941544 0.280114
v -0.161274 -0.956940 0.241363
v -0.134993 -0.970031 0.202031
v -0.108386 -0.980785 0.162212
v -0.081519 -0.989177 0.122002
v -0.054455 -0.995185 0.081498
v -0.027261 -0.998795 0.040798
v -0.031128 0.998795 0.037930
v -0.062181 0.995185 0.075768
v -0.093085 0.989177 0.113424
v -0.123764 0.980785 0.150807
v -0.154145 0.970031 0.187826
v -0.184155 0.956940 0.224393
v -0.213721 0.941544 0.260419
v -0.242772 0.923880 0.295818
v -0.271238 0.903989 0.330505
v -0.299051 0.881921 0.364394
v -0.326143 0.857729 0.397406
v -0.352450 0.831470 0.429462
v -0.377908 0.803208 0.460482
v -0.402455 0.773010 0.490393
v -0.426032 0.740951 0.519122
v -0.448584 0.707107 0.546601
v -0.470054 0.671559 0.572763
v -0.490392 0.634393 0.597545
v -0.509549 0.595699 0.620888
v -0.527479 0.555570 0.642735
v -0.544137 0.514103 0.663033
v -0.559485 0.471397 0.681734
v -0.573485 0.427555 0.698793
v -0.586103 0.382683 0.714168
v -0.597309 0.336890 0.727823
v -0.607077 0.290285 0.739725
v -0.615381 0.242980 0.749844
v -0.622204 0.195090 0.758157
v -0.627526 0.146730 0.764643
v -0.631338 0.098017 0.769288
v -0.633629 0.049068 0.772079
v -0.634393 0.000000 0.773010
v -0.633629 -0.049068 0.772079
v -0.631338 -0.098017 0.769288
v -0.627526 -0.146730 0.764643
v -0.622204 -0.195090 0.758157
v -0.615381 -0.242980 0.749844
v -0.607077 -0.290285 0.739725
v -0.597309 -0.336890 0.727823
v -0.586103 -0.382683 0.714168
v -0.573485 -0.427555 0.698793
v -0.559485 -0.471397 0.681734
v -0.544137 -0.514103 0.663033
v -0.527479 -0.555570 0.642735
v -0.509549 -0.595699 0.620888
v -0.490392 -0.634393 0.597545
v -0.470054 -0.671559 0.572763
v -0.448584 -0.707107 0.546601
v -0.426032 -0.740951 0.519122
v -0.402455 -0.773010 0.490393
v -0.377908 -0.803208 0.460482
v -0.352450 -0.831470 0.429462
v -0.326143 -0.857729 0.397406
v -0.299051 -0.881921 0.364394
v -0.271238 -0.903989 0.330505
v -0.242772 -0.923880 0.295818
v -0.213721 -0.941544 0.260419
v -0.184155 -0.956940 0.224393
v -0.154145 -0.970031 0.187826
v -0.123764 -0.980785 0.150807
v -0.093085 -0.989177 0.113424
v -0.062181 -0.995185 0.075768
v -0.031128 -0.998795 0.037930
v -0.034696 0.998795 0.034696
v -0.069309 0.995185 0.069309
v -0.103754 0.989177 0.103754
v -0.137950 0.980785 0.137950
v -0.171813 0.970031 0.171813
v -0.205262 0.956940 0.205262
v -0.238217 0.941544 0.238217
v -0.270598 0.923880 0.270598
v -0.302327 0.903989 0.302327
v -0.333328 0.881921 0.333328
v -0.363525 0.857729 0.363525
v -0.392848 0.831470 0.392848
v -0.421223 0.803208 0.421223
v -0.448584 0.773010 0.448584
v -0.474864 0.740951 0.474864
v -0.500000 0.707107 0.500000
v -0.523931 0.671559 0.523931
v -0.546601 0.634393 0.546601
v -0.567953 0.595699 0.567953
v -0.587938 0.555570 0.587938
v -0.606506 0.514103 0.606506
v -0.623612 0.471397 0.623612
v -0.639217 0.427555 0.639217
v -0.653281 0.382683 0.653281
v -0.665772 0.336890 0.665772
v -0.676659 0.290285 0.676659
v -0.685915 0.242980 0.685915
v -0.693520 0.195090 0.693520
v -0.699453 0.146730 0.699453
v -0.703702 0.098017 0.703702
v -0.706255 0.049068 0.706255
v -0.707107 0.000000 0.707106
v -0.706255 -0.049068 0.706255
v -0.703702 -0.098017 0.703702
v -0.699453 -0.146730 0.699453
v -0.693520 -0.195090 0.693520
v -0.685915 -0.242980 0.685915
v -0.676659 -0.290285 0.676659
v -0.665772 -0.336890 0.665772
v -0.653281 -0.382683 0.653281
v -0.639217 -0.427555 0.639217
v -0.623612 -0.471397 0.623612
v -0.606506 -0.514103 0.606506
v -0.587938 -0.555570 0.587938
v -0.567953 -0.595699 0.567953
v -0.546601 -0.634393 0.546601
v -0.523931 -0.671559 0.523931
v -0.500000 -0.707107 0.500000
v -0.474864 -0.740951 0.474864
v -0.448584 -0.773010 0.448584
v -0.421223 -0.803208 0.421223
v -0.392848 -0.831470 0.392848
v -0.363525 -0.857729 0.363525
v -0.333328 -0.881921 0.333328
v -0.302327 -0.903989 0.302327
v -0.270598 -0.923880 0.270598
v -0.238217 -0.941544 0.238217
v -0.205262 -0.956940 0.205262
v -0.171813 -0.970031 0.171813
v -0.137950 -0.980785 0.137950
v -0.103754 -0.989177 0.103754
v -0.069309 -0.995185 0.069309
v -0.034696 -0.998795 0.034696
v -0.037930 0.998795 0.031128
v -0.075768 0.995185 0.062181
v -0.113424 0.989177 0.093085
v -0.150807 0.980785 0.123764
v -0.187826 0.970031 0.154145
v -0.224393 0.956940 0.184155
v -0.260419 0.941544 0.213721
v -0.295818 0.923880 0.242772
v -0.330505 0.903989 0.271238
v -0.364394 0.881921 0.299051
v -0.397407 0.857729 0.326143
v -0.429462 0.831470 0.352450
v -0.460482 0.803208 0.377907
v -0.490393 0.773010 0.402455
v -0.519122 0.740951 0.426032
v -0.546601 0.707107 0.448584
v -0.572763 0.671559 0.470054
v -0.597545 0.634393 0.490393
v -0.620888 0.595699 0.509549
v -0.642735 0.555570 0.527479
v -0.663033 0.514103 0.544137
v -0.681734 0.471397 0.559485
v -0.698793 0.427555 0.573485
v -0.714168 0.382683 0.586103
v -0.727823 0.336890 0.597309
v -0.739725 0.290285 0.607076
v -0.749844 0.242980 0.615381
v -0.758157 0.195090 0.622203
v -0.764643 0.146730 0.627526
v -0.769288 0.098017 0.631338
v -0.772079 0.049068 0.633629
v -0.773010 0.000000 0.634393
v -0.772079 -0.049068 0.633629
v -0.769288 -0.098017 0.631338
v -0.764643 -0.146730 0.627526
v -0.758157 -0.195090 0.622203
v -0.749844 -0.242980 0.615381
v -0.739725 -0.290285 0.607076
v -0.727823 -0.336890 0.597309
v -0.714168 -0.382683 0.586103
v -0.698793 -0.427555 0.573485
v -0.681734 -0.471397 0.559485
v -0.663033 -0.514103 0.544137
v -0.642735 -0.555570 0.527479
v -0.620888 -0.595699 0.509549
v -0.597545 -0.634393 0.490393
v -0.572763 -0.671559 0.470054
v -0.546601 -0.707107 0.448584
v -0.519122 -0.740951 0.426032
v -0.490393 -0.773010 0.402455
v -0.460482 -0.803208 0.377907
v -0.429462 -0.831470 0.352450
v -0.397407 -0.857729 0.326143
v -0.364394 -0.881921 0.299051
v -0.330505 -0.903989 0.271238
v -0.295818 -0.923880 0.242772
v -0.260419 -0.941544 0.213721
v -0.224393 -0.956940 0.184155
v -0.187826 -0.970031 0.154145
v -0.150807 -0.980785 0.123764
v -0.113424 -0.989177 0.093085
v -0.075768 -0.995185 0.062181
v -0.037930 -0.998795 0.031128
v -0.040798 0.998795 0.027261
v -0.081498 0.995185 0.054455
v -0.122002 0.989177 0.081519
v -0.162212 0.980785 0.108386
v -0.202031 0.970031 0.134992
v -0.241363 0.956940 0.161274
v -0.280114 0.941544 0.187166
v -0.318189 0.923880 0.212607
v -0.355499 0.903989 0.237537
v -0.391952 0.881921 0.261894
v -0.427460 0.857729 0.285620
v -0.461940 0.831470 0.308659
v -0.495306 0.803208 0.330953
v -0.527479 0.773010 0.352450
v -0.558381 0.740951 0.373098
v -0.587938 0.707107 0.392847
v -0.616078 0.671559 0.411650
v -0.642734 0.634393 0.429462
v -0.667842 0.595699 0.446238
v -0.691342 0.555570 0.461940
v -0.713175 0.514103 0.476528
v -0.733290 0.471397 0.489969
v -0.751640 0.427555 0.502230
v -0.768177 0.382683 0.513280
v -0.782865 0.336890 0.523094
v -0.795667 0.290285 0.531647
v -0.806551 0.242980 0.538920
v -0.815493 0.195090 0.544895
v -0.822470 0.146730 0.549556
v -0.827466 0.098017 0.552895
v -0.830468 0.049068 0.554901
v -0.831470 0.000000 0.555570
v -0.830468 -0.049068 0.554901
v -0.827466 -0.098017 0.552895
v -0.822470 -0.146730 0.549556
v -0.815493 -0.195090 0.544895
v -0.806551 -0.242980 0.538920
v -0.795667 -0.290285 0.531647
v -0.782865 -0.336890 0.523094
v -0.768177 -0.382683 0.513280
v -0.751640 -0.427555 0.502230
v -0.733290 -0.471397 0.489969
v -0.713175 -0.514103 0.476528
v -0.691342 -0.555570 0.461940
v -0.667842 -0.595699 0.446238
v -0.642734 -0.634393 0.429462
v -0.616078 -0.671559 0.411650
v -0.587938 -0.707107 0.392847
v -0.558381 -0.740951 0.373098
v -0.527479 -0.773010 0.352450
v -0.495306 -0.803208 0.330953
v -0.461940 -0.831470 0.308659
v -0.427460 -0.857729 0.285620
v -0.391952 -0.881921 0.261894
v -0.355499 -0.903989 0.237537
v -0.318189 -0.923880 0.212607
v -0.280114 -0.941544 0.187166
v -0.241363 -0.956940 0.161274
v -0.202031 -0.970031 0.134992
v -0.162212 -0.980785 0.108386
v -0.122002 -0.989177 0.081519
v -0.081498 -0.995185 0.054455
v -0.040798 -0.998795 0.027261
v -0.043274 0.998795 0.023130
v -0.086443 0.995185 0.046205
v -0.129405 0.989177 0.069168
v -0.172054 0.980785 0.091965
v -0.214289 0.970031 0.114540
v -0.256008 0.956940 0.136839
v -0.297110 0.941544 0.158809
v -0.337496 0.923880 0.180396
v -0.377070 0.903989 0.201548
v -0.415735 0.881921 0.222215
v -0.453398 0.857729 0.242346
v -0.489969 0.831470 0.261894
v -0.525360 0.803208 0.280810
v -0.559485 0.773010 0.299051
v -0.592262 0.740951 0.316571
v -0.623612 0.707107 0.333328
v -0.653460 0.671559 0.349282
v -0.681734 0.634393 0.364395
v -0.708365 0.595699 0.378629
v -0.733291 0.555570 0.391952
v -0.756449 0.514103 0.404330
v -0.777785 0.471397 0.415735
v -0.797247 0.427555 0.426138
v -0.814789 0.382683 0.435513
v -0.830367 0.336890 0.443841
v -0.843946 0.290285 0.451098
v -0.855491 0.242980 0.457269
v -0.864975 0.195090 0.462339
v -0.872375 0.146730 0.466294
v -0.877674 0.098017 0.469127
v -0.880859 0.049068 0.470829
v -0.881921 0.000000 0.471396
v -0.880859 -0.049068 0.470829
v -0.877674 -0.098017 0.469127
v -0.872375 -0.146730 0.466294
v -0.864975 -0.195090 0.462339
v -0.855491 -0.242980 0.457269
v -0.843946 -0.290285 0.451098
v -0.830367 -0.336890 0.443841
v -0.814789 -0.382683 0.435513
v -0.797247 -0.427555 0.426138
v -0.777785 -0.471397 0.415735
v -0.756449 -0.514103 0.404330
v -0.733291 -0.555570 0.391952
v -0.708365 -0.595699 0.378629
v -0.681734 -0.634393 0.364395
v -0.653460 -0.671559 0.349282
v -0.623612 -0.707107 0.333328
v -0.592262 -0.740951 0.316571
v -0.559485 -0.773010 0.299051
v -0.525360 -0.803208 0.280810
v -0.489969 -0.831470 0.261894
v -0.453398 -0.857729 0.242346
v -0.415735 -0.881921 0.222215
v -0.377070 -0.903989 0.201548
v -0.337496 -0.923880 0.180396
v -0.297110 -0.941544 0.158809
v -0.256008 -0.956940 0.136839
v -0.214289 -0.970031 0.114540
v -0.172054 -0.980785 0.091965
v -0.129405 -0.989177 0.069168
v -0.086443 -0.995185 0.046205
v -0.043274 -0.998795 0.023130
v 0.000000 -1.000000 0.000000
v -0.045333 0.998795 0.018777
v -0.090556 0.995185 0.037509
v -0.135561 0.989177 0.056151
v -0.180240 0.980785 0.074658
v -0.224484 0.970031 0.092984
v -0.268188 0.956940 0.111087
v -0.311246 0.941544 0.128922
v -0.353553 0.923880 0.146446
v -0.395010 0.903989 0.163618
v -0.435514 0.881921 0.180396
v -0.474969 0.857729 0.196738
v -0.513280 0.831470 0.212608
v -0.550354 0.803208 0.227964
v -0.586103 0.773010 0.242772
v -0.620439 0.740951 0.256994
v -0.653281 0.707107 0.270598
v -0.684549 0.671559 0.283550
v -0.714168 0.634393 0.295818
v -0.742067 0.595699 0.307374
v -0.768178 0.555570 0.318190
v -0.792438 0.514103 0.328238
v -0.814789 0.471397 0.337496
v -0.835177 0.427555 0.345942
v -0.853553 0.382683 0.353553
v -0.869873 0.336890 0.360313
v -0.884098 0.290285 0.366205
v -0.896191 0.242980 0.371214
v -0.906127 0.195090 0.375330
v -0.913879 0.146730 0.378541
v -0.919431 0.098017 0.380840
v -0.922766 0.049068 0.382222
v -0.923879 0.000000 0.382683
v -0.922766 -0.049068 0.382222
v -0.919431 -0.098017 0.380840
v -0.913879 -0.146730 0.378541
v -0.906127 -0.195090 0.375330
v -0.896191 -0.242980 0.371214
v -0.884098 -0.290285 0.366205
v -0.869873 -0.336890 0.360313
v -0.853553 -0.382683 0.353553
v -0.835177 -0.427555 0.345942
v -0.814789 -0.471397 0.337496
v -0.792438 -0.514103 0.328238
v -0.768178 -0.555570 0.318190
v -0.742067 -0.595699 0.307374
v -0.714168 -0.634393 0.295818
v -0.684549 -0.671559 0.283550
v -0.653281 -0.707107 0.270598
v -0.620439 -0.740951 0.256994
v -0.586103 -0.773010 0.242772
v -0.550354 -0.803208 0.227964
v -0.513280 -0.831470 0.212608
v -0.474969 -0.857729 0.196738
v -0.435514 -0.881921 0.180396
v -0.395010 -0.903989 0.163618
v -0.353553 -0.923880 0.146446
v -0.311246 -0.941544 0.128922
v -0.268188 -0.956940 0.111087
v -0.224484 -0.970031 0.092984
v -0.180240 -0.980785 0.074658
v -0.135561 -0.989177 0.056151
v -0.090556 -0.995185 0.037509
v -0.045333 -0.998795 0.018777
v -0.046955 0.998795 0.014244
v -0.093796 0.995185 0.028453
v -0.140412 0.989177 0.042594
v -0.186690 0.980785 0.056632
v -0.232517 0.970031 0.070533
v -0.277785 0.956940 0.084265
v -0.322383 0.941544 0.097794
v -0.366205 0.923880 0.111087
v -0.409145 0.903989 0.124113
v -0.451098 0.881921 0.136839
v -0.491965 0.857729 0.149236
v -0.531648 0.831470 0.161274
v -0.570048 0.803208 0.172922
v -0.607076 0.773010 0.184155
v -0.642642 0.740951 0.194943
v -0.676659 0.707107 0.205262
v -0.709046 0.671559 0.215087
v -0.739725 0.634393 0.224393
v -0.768621 0.595699 0.233159
v -0.795667 0.555570 0.241363
v -0.820795 0.514103 0.248985
v -0.843946 0.471397 0.256008
v -0.865064 0.427555 0.262414
v -0.884097 0.382683 0.268188
v -0.901001 0.336890 0.273316
v -0.915735 0.290285 0.277785
v -0.928261 0.242980 0.281585
v -0.938553 0.195090 0.284707
v -0.946582 0.146730 0.287142
v -0.952332 0.098017 0.288887
v -0.955787 0.049068 0.289935
v -0.956940 0.000000 0.290284
v -0.955787 -0.049068 0.289935
v -0.952332 -0.098017 0.288887
v -0.946582 -0.146730 0.287142
v -0.938553 -0.195090 0.284707
v -0.928261 -0.242980 0.281585
v -0.915735 -0.290285 0.277785
v -0.901001 -0.336890 0.273316
v -0.884097 -0.382683 0.268188
v -0.865064 -0.427555 0.262414
v -0.843946 -0.471397 0.256008
v -0.820795 -0.514103 0.248985
v -0.795667 -0.555570 0.241363
v -0.768621 -0.595699 0.233159
v -0.739725 -0.634393 0.224393
v -0.709046 -0.671559 0.215087
v -0.676659 -0.707107 0.205262
v -0.642642 -0.740951 0.194943
v -0.607076 -0.773010 0.184155
v -0.570048 -0.803208 0.172922
v -0.531648 -0.831470 0.161274
v -0.491965 -0.857729 0.149236
v -0.451098 -0.881921 0.136839
v -0.409145 -0.903989 0.124113
v -0.366205 -0.923880 0.111087
v -0.322383 -0.941544 0.097794
v -0.277785 -0.956940 0.084265
v -0.232517 -0.970031 0.070533
v -0.186690 -0.980785 0.056632
v -0.140412 -0.989177 0.042594
v -0.093796 -0.995185 0.028453
v -0.046955 -0.998795 0.014244
v -0.048125 0.998795 0.009573
v -0.096134 0.995185 0.019122
v -0.143911 0.989177 0.028626
v -0.191342 0.980785 0.038060
v -0.238311 0.970031 0.047403
v -0.284707 0.956940 0.056632
v -0.330417 0.941544 0.065724
v -0.375330 0.923880 0.074658
v -0.419340 0.903989 0.083412
v -0.462339 0.881921 0.091965
v -0.504224 0.857729 0.100296
v -0.544895 0.831470 0.108386
v -0.584253 0.803208 0.116215
v -0.622204 0.773010 0.123764
v -0.658655 0.740951 0.131015
v -0.693520 0.707107 0.137949
v -0.726714 0.671559 0.144552
v -0.758157 0.634393 0.150807
v -0.787774 0.595699 0.156698
v -0.815493 0.555570 0.162212
v -0.841247 0.514103 0.167334
v -0.864975 0.471397 0.172054
v -0.886619 0.427555 0.176360
v -0.906127 0.382683 0.180240
v -0.923452 0.336890 0.183686
v -0.938553 0.290285 0.186690
v -0.951392 0.242980 0.189243
v -0.961940 0.195090 0.191342
v -0.970169 0.146730 0.192978
v -0.976062 0.098017 0.194151
v -0.979603 0.049068 0.194855
v -0.980785 0.000000 0.195090
v -0.979603 -0.049068 0.194855
v -0.976062 -0.098017 0.194151
v -0.970169 -0.146730 0.192978
v -0.961940 -0.195090 0.191342
v -0.951392 -0.242980 0.189243
v -0.938553 -0.290285 0.186690
v -0.923452 -0.336890 0.183686
v -0.906127 -0.382683 0.180240
v -0.886619 -0.427555 0.176360
v -0.864975 -0.471397 0.172054
v -0.841247 -0.514103 0.167334
v -0.815493 -0.555570 0.162212
v -0.787774 -0.595699 0.156698
v -0.758157 -0.634393 0.150807
v -0.726714 -0.671559 0.144552
v -0.693520 -0.707107 0.137949
v -0.658655 -0.740951 0.131015
v -0.622204 -0.773010 0.123764
v -0.584253 -0.803208 0.116215
v -0.544895 -0.831470 0.108386
v -0.504224 -0.857729 0.100296
v -0.462339 -0.881921 0.091965
v -0.419340 -0.903989 0.083412
v -0.375330 -0.923880 0.074658
v -0.330417 -0.941544 0.065724
v -0.284707 -0.956940 0.056632
v -0.238311 -0.970031 0.047403
v -0.191342 -0.980785 0.038060
v -0.143911 -0.989177 0.028626
v -0.096134 -0.995185 0.019122
v -0.048125 -0.998795 0.009573
v -0.048831 0.998795 0.004809
v -0.097545 0.995185 0.009607
v -0.146024 0.989177 0.014382
v -0.194151 0.980785 0.019122
v -0.241810 0.970031 0.023816
v -0.288887 0.956940 0.028453
v -0.335268 0.941544 0.033021
v -0.380840 0.923880 0.037509
v -0.425496 0.903989 0.041908
v -0.469127 0.881921 0.046205
v -0.511627 0.857729 0.050391
v -0.552895 0.831470 0.054455
v -0.592831 0.803208 0.058389
v -0.631338 0.773010 0.062181
v -0.668325 0.740951 0.065824
v -0.703702 0.707107 0.069308
v -0.737383 0.671559 0.072626
v -0.769288 0.634393 0.075768
v -0.799339 0.595699 0.078728
v -0.827466 0.555570 0.081498
v -0.853598 0.514103 0.084072
v -0.877674 0.471397 0.086443
v -0.899636 0.427555 0.088606
v -0.919430 0.382683 0.090556
v -0.937010 0.336890 0.092288
v -0.952332 0.290285 0.093796
v -0.965359 0.242980 0.095079
v -0.976062 0.195090 0.096134
v -0.984412 0.146730 0.096956
v -0.990392 0.098017 0.097545
v -0.993986 0.049068 0.097899
v -0.995184 0.000000 0.098017
v -0.993986 -0.049068 0.097899
v -0.990392 -0.098017 0.097545
v -0.984412 -0.146730 0.096956
v -0.976062 -0.195090 0.096134
v -0.965359 -0.242980 0.095079
v -0.952332 -0.290285 0.093796
v -0.937010 -0.336890 0.092288
v -0.919430 -0.382683 0.090556
v -0.899636 -0.427555 0.088606
v -0.877674 -0.471397 0.086443
v -0.853598 -0.514103 0.084072
v -0.827466 -0.555570 0.081498
v -0.799339 -0.595699 0.078728
v -0.769288 -0.634393 0.075768
v -0.737383 -0.671559 0.072626
v -0.703702 -0.707107 0.069308
v -0.668325 -0.740951 0.065824
v -0.631338 -0.773010 0.062181
v -0.592831 -0.803208 0.058389
v -0.552895 -0.831470 0.054455
v -0.511627 -0.857729 0.050391
v -0.469127 -0.881921 0.046205
v -0.425496 -0.903989 0.041908
v -0.380840 -0.923880 0.037509
v -0.335268 -0.941544 0.033021
v -0.288887 -0.956940 0.028453
v -0.241810 -0.970031 0.023816
v -0.194151 -0.980785 0.019122
v -0.146024 -0.989177 0.014382
v -0.097545 -0.995185 0.009607
v -0.048831 -0.998795 0.004809
v -0.049068 0.998795 -0.000000
v -0.098017 0.995185 -0.000000
v -0.146730 0.989177 0.000000
v -0.195090 0.980785 0.000000
v -0.242980 0.970031 -0.000000
v -0.290285 0.956940 -0.000000
v -0.336890 0.941544 -0.000000
v -0.382683 0.923880 -0.000000
v -0.427555 0.903989 -0.000000
v -0.471396 0.881921 -0.000000
v -0.514102 0.857729 -0.000000
v -0.555571 0.831470 0.000000
v -0.595699 0.803208 -0.000000
v -0.634393 0.773010 0.000000
v -0.671559 0.740951 -0.000000
v -0.707107 0.707107 -0.000000
v -0.740951 0.671559 -0.000000
v -0.773010 0.634393 0.000000
v -0.803207 0.595699 -0.000000
v -0.831470 0.555570 0.000000
v -0.857728 0.514103 -0.000000
v -0.881921 0.471397 -0.000000
v -0.903989 0.427555 -0.000000
v -0.923879 0.382683 -0.000000
v -0.941544 0.336890 0.000000
v -0.956940 0.290285 -0.000000
v -0.970030 0.242980 -0.000000
v -0.980785 0.195090 -0.000000
v -0.989175 0.146730 -0.000000
v -0.995184 0.098017 -0.000000
v -0.998795 0.049068 -0.000000
v -1.000000 0.000000 -0.000000
v -0.998795 -0.049068 -0.000000
v -0.995184 -0.098017 -0.000000
v -0.989175 -0.146730 -0.000000
v -0.980785 -0.195090 -0.000000
v -0.970030 -0.242980 -0.000000
v -0.956940 -0.290285 -0.000000
v -0.941544 -0.336890 0.000000
v -0.923879 -0.382683 -0.000000
v -0.903989 -0.427555 -0.000000
v -0.881921 -0.471397 -0.000000
v -0.857728 -0.514103 -0.000000
v -0.831470 -0.555570 0.000000
v -0.803207 -0.595699 -0.000000
v -0.773010 -0.634393 0.000000
v -0.740951 -0.671559 -0.000000
v -0.707107 -0.707107 -0.000000
v -0.671559 -0.740951 -0.000000
v -0.634393 -0.773010 0.000000
v -0.595699 -0.803208 -0.000000
v -0.555571 -0.831470 0.000000
v -0.514102 -0.857729 -0.000000
v -0.471396 -0.881921 -0.000000
v -0.427555 -0.903989 -0.000000
v -0.382683 -0.923880 -0.000000
v -0.336890 -0.941544 -0.000000
v -0.290285 -0.956940 -0.000000
v -0.242980 -0.970031 -0.000000
v -0.195090 -0.980785 0.000000
v -0.146730 -0.989177 0.000000
v -0.098017 -0.995185 -0.000000
v -0.049068 -0.998795 -0.000000
v -0.048831 0.998795 -0.004809
v -0.097545 0.995185 -0.009607
v -0.146024 0.989177 -0.014382
v -0.194151 0.980785 -0.019122
v -0.241810 0.970031 -0.023816
v -0.288887 0.956940 -0.028453
v -0.335268 0.941544 -0.033021
v -0.380840 0.923880 -0.037510
v -0.425496 0.903989 -0.041908
v -0.469127 0.881921 -0.046205
v -0.511627 0.857729 -0.050391
v -0.552895 0.831470 -0.054455
v -0.592830 0.803208 -0.058389
v -0.631338 0.773010 -0.062181
v -0.668325 0.740951 -0.065824
v -0.703702 0.707107 -0.069309
v -0.737383 0.671559 -0.072626
v -0.769288 0.634393 -0.075768
v -0.799339 0.595699 -0.078728
v -0.827466 0.555570 -0.081498
v -0.853598 0.514103 -0.084072
v -0.877674 0.471397 -0.086443
v -0.899636 0.427555 -0.088606
v -0.919430 0.382683 -0.090556
v -0.937010 0.336890 -0.092287
v -0.952332 0.290285 -0.093797
v -0.965359 0.242980 -0.095080
v -0.976062 0.195090 -0.096134
v -0.984412 0.146730 -0.096956
v -0.990392 0.098017 -0.097545
v -0.993986 0.049068 -0.097899
v -0.995184 0.000000 -0.098017
v -0.993986 -0.049068 -0.097899
v -0.990392 -0.098017 -0.097545
v -0.984412 -0.146730 -0.096956
v -0.976062 -0.195090 -0.096134
v -0.965359 -0.242980 -0.095080
v -0.952332 -0.290285 -0.093797
v -0.937010 -0.336890 -0.092287
v -0.919430 -0.382683 -0.090556
v -0.899636 -0.427555 -0.088606
v -0.877674 -0.471397 -0.086443
v -0.853598 -0.514103 -0.084072
v -0.827466 -0.555570 -0.081498
v -0.799339 -0.595699 -0.078728
v -0.769288 -0.634393 -0.075768
v -0.737383 -0.671559 -0.072626
v -0.703702 -0.707107 -0.069309
v -0.668325 -0.740951 -0.065824
v -0.631338 -0.773010 -0.062181
v -0.592830 -0.803208 -0.058389
v -0.552895 -0.831470 -0.054455
v -0.511627 -0.857729 -0.050391
v -0.469127 -0.881921 -0.046205
v -0.425496 -0.903989 -0.041908
v -0.380840 -0.923880 -0.037510
v -0.335268 -0.941544 -0.033021
v -0.288887 -0.956940 -0.028453
v -0.241810 -0.970031 -0.023816
v -0.194151 -0.980785 -0.019122
v -0.146024 -0.989177 -0.014382
v -0.097545 -0.995185 -0.009607
v -0.048831 -0.998795 -0.004809
v -0.048125 0.998795 -0.009573
v -0.096134 0.995185 -0.019122
v -0.143911 0.989177 -0.028626
v -0.191342 0.980785 -0.038060
v -0.238311 0.970031 -0.047403
v -0.284707 0.956940 -0.056632
v -0.330416 0.941544 -0.065724
v -0.375330 0.923880 -0.074658
v -0.419340 0.903989 -0.083412
v -0.462339 0.881921 -0.091965
v -0.504224 0.857729 -0.100296
v -0.544896 0.831470 -0.108386
v -0.584253 0.803208 -0.116215
v -0.622204 0.773010 -0.123764
v -0.658655 0.740951 -0.131015
v -0.693520 0.707107 -0.137950
v -0.726714 0.671559 -0.144552
v -0.758157 0.634393 -0.150807
v -0.787774 0.595699 -0.156698
v -0.815493 0.555570 -0.162212
v -0.841247 0.514103 -0.167335
v -0.864975 0.471397 -0.172054
v -0.886619 0.427555 -0.176360
v -0.906127 0.382683 -0.180240
v -0.923452 0.336890 -0.183686
v -0.938553 0.290285 -0.186690
v -0.951392 0.242980 -0.189244
v -0.961940 0.195090 -0.191342
v -0.970169 0.146730 -0.192979
v -0.976062 0.098017 -0.194151
v -0.979603 0.049068 -0.194855
v -0.980785 0.000000 -0.195091
v -0.979603 -0.049068 -0.194855
v -0.976062 -0.098017 -0.194151
v -0.970169 -0.146730 -0.192979
v -0.961940 -0.195090 -0.191342
v -0.951392 -0.242980 -0.189244
v -0.938553 -0.290285 -0.186690
v -0.923452 -0.336890 -0.183686
v -0.906127 -0.382683 -0.180240
v -0.886619 -0.427555 -0.176360
v -0.864975 -0.471397 -0.172054
v -0.841247 -0.514103 -0.167335
v -0.815493 -0.555570 -0.162212
v -0.787774 -0.595699 -0.156698
v -0.758157 -0.634393 -0.150807
v -0.726714 -0.671559 -0.144552
v -0.693520 -0.707107 -0.137950
v -0.658655 -0.740951 -0.131015
v -0.622204 -0.773010 -0.123764
v -0.584253 -0.803208 -0.116215
v -0.544896 -0.831470 -0.108386
v -0.504224 -0.857729 -0.100296
v -0.462339 -0.881921 -0.091965
v -0.419340 -0.903989 -0.083412
v -0.375330 -0.923880 -0.074658
v -0.330416 -0.941544 -0.065724
v -0.284707 -0.956940 -0.056632
v -0.238311 -0.970031 -0.047403
v -0.191342 -0.980785 -0.038060
v -0.143911 -0.989177 -0.028626
v -0.096134 -0.995185 -0.019122
v -0.048125 -0.998795 -0.009573
v -0.046955 0.998795 -0.014244
v -0.093796 0.995185 -0.028453
v -0.140412 0.989177 -0.042594
v -0.186690 0.980785 -0.056632
v -0.232517 0.970031 -0.070533
v -0.277785 0.956940 -0.084265
v -0.322383 0.941544 -0.097794
v -0.366205 0.923880 -0.111087
v -0.409145 0.903989 -0.124113
v -0.451098 0.881921 -0.136839
v -0.491965 0.857729 -0.149236
v -0.531648 0.831470 -0.161274
v -0.570048 0.803208 -0.172922
v -0.607076 0.773010 -0.184155
v -0.642642 0.740951 -0.194943
v -0.676659 0.707107 -0.205262
v -0.709046 0.671559 -0.215087
v -0.739725 0.634393 -0.224393
v -0.768621 0.595699 -0.233159
v -0.795667 0.555570 -0.241363
v -0.820795 0.514103 -0.248985
v -0.843946 0.471397 -0.256008
v -0.865064 0.427555 -0.262414
v -0.884097 0.382683 -0.268188
v -0.901001 0.336890 -0.273316
v -0.915735 0.290285 -0.277785
v -0.928261 0.242980 -0.281585
v -0.938553 0.195090 -0.284707
v -0.946582 0.146730 -0.287143
v -0.952332 0.098017 -0.288887
v -0.955787 0.049068 -0.289935
v -0.956940 0.000000 -0.290285
v -0.955787 -0.049068 -0.289935
v -0.952332 -0.098017 -0.288887
v -0.946582 -0.146730 -0.287143
v -0.938553 -0.195090 -0.284707
v -0.928261 -0.242980 -0.281585
v -0.915735 -0.290285 -0.277785
v -0.901001 -0.336890 -0.273316
v -0.884097 -0.382683 -0.268188
v -0.865064 -0.427555 -0.262414
v -0.843946 -0.471397 -0.256008
v -0.820795 -0.514103 -0.248985
v -0.795667 -0.555570 -0.241363
v -0.768621 -0.595699 -0.233159
v -0.739725 -0.634393 -0.224393
v -0.709046 -0.671559 -0.215087
v -0.676659 -0.707107 -0.205262
v -0.642642 -0.740951 -0.194943
v -0.607076 -0.773010 -0.184155
v -0.570048 -0.803208 -0.172922
v -0.531648 -0.831470 -0.161274
v -0.491965 -0.857729 -0.149236
v -0.451098 -0.881921 -0.136839
v -0.409145 -0.903989 -0.124113
v -0.366205 -0.923880 -0.111087
v -0.322383 -0.941544 -0.097794
v -0.277785 -0.956940 -0.084265
v -0.232517 -0.970031 -0.070533
v -0.186690 -0.980785 -0.056632
v -0.140412 -0.989177 -0.042594
v -0.093796 -0.995185 -0.028453
v -0.046955 -0.998795 -0.014244
v -0.045333 0.998795 -0.018777
v -0.090556 0.995185 -0.037510
v -0.135561 0.989177 -0.056151
v -0.180240 0.980785 -0.074658
v -0.224484 0.970031 -0.092984
v -0.268188 0.956940 -0.111087
v -0.311245 0.941544 -0.128922
v -0.353553 0.923880 -0.146446
v -0.395010 0.903989 -0.163618
v -0.435514 0.881921 -0.180396
v -0.474968 0.857729 -0.196738
v -0.513280 0.831470 -0.212608
v -0.550354 0.803208 -0.227964
v -0.586103 0.773010 -0.242772
v -0.620439 0.740951 -0.256994
v -0.653281 0.707107 -0.270598
v -0.684549 0.671559 -0.283550
v -0.714168 0.634393 -0.295818
v -0.742067 0.595699 -0.307374
v -0.768178 0.555570 -0.318190
v -0.792437 0.514103 -0.328238
v -0.814789 0.471397 -0.337497
v -0.835177 0.427555 -0.345942
v -0.853553 0.382683 -0.353553
v -0.869873 0.336890 -0.360313
v -0.884098 0.290285 -0.366205
v -0.896191 0.242980 -0.371215
v -0.906127 0.195090 -0.375330
v -0.913879 0.146730 -0.378541
v -0.919430 0.098017 -0.380841
v -0.922766 0.049068 -0.382222
v -0.923879 0.000000 -0.382684
v -0.922766 -0.049068 -0.382222
v -0.919430 -0.098017 -0.380841
v -0.913879 -0.146730 -0.378541
v -0.906127 -0.195090 -0.375330
v -0.896191 -0.242980 -0.371215
v -0.884098 -0.290285 -0.366205
v -0.869873 -0.336890 -0.360313
v -0.853553 -0.382683 -0.353553
v -0.835177 -0.427555 -0.345942
v -0.814789 -0.471397 -0.337497
v -0.792437 -0.514103 -0.328238
v -0.768178 -0.555570 -0.318190
v -0.742067 -0.595699 -0.307374
v -0.714168 -0.634393 -0.295818
v -0.684549 -0.671559 -0.283550
v -0.653281 -0.707107 -0.270598
v -0.620439 -0.740951 -0.256994
v -0.586103 -0.773010 -0.242772
v -0.550354 -0.803208 -0.227964
v -0.513280 -0.831470 -0.212608
v -0.474968 -0.857729 -0.196738
v -0.435514 -0.881921 -0.180396
v -0.395010 -0.903989 -0.163618
v -0.353553 -0.923880 -0.146446
v -0.311245 -0.941544 -0.128922
v -0.268188 -0.956940 -0.111087
v -0.224484 -0.970031 -0.092984
v -0.180240 -0.980785 -0.074658
v -0.135561 -0.989177 -0.056151
v -0.090556 -0.995185 -0.037510
v -0.045333 -0.998795 -0.018777
v -0.043274 0.998795 -0.023130
v -0.086443 0.995185 -0.046205
v -0.129405 0.989177 -0.069168
v -0.172054 0.980785 -0.091965
v -0.214289 0.970031 -0.114540
v -0.256008 0.956940 -0.136839
v -0.297110 0.941544 -0.158809
v -0.337496 0.923880 -0.180396
v -0.377070 0.903989 -0.201548
v -0.415735 0.881921 -0.222215
v -0.453398 0.857729 -0.242346
v -0.489970 0.831470 -0.261894
v -0.525360 0.803208 -0.280811
v -0.559485 0.773010 -0.299051
v -0.592262 0.740951 -0.316571
v -0.623612 0.707107 -0.333328
v -0.653460 0.671559 -0.349282
v -0.681734 0.634393 -0.364394
v -0.708365 0.595699 -0.378629
v -0.733291 0.555570 -0.391952
v -0.756449 0.514103 -0.404330
v -0.777785 0.471397 -0.415735
v -0.797247 0.427555 -0.426138
v -0.814788 0.382683 -0.435514
v -0.830368 0.336890 -0.443841
v -0.843946 0.290285 -0.451099
v -0.855490 0.242980 -0.457269
v -0.864975 0.195090 -0.462339
v -0.872375 0.146730 -0.466294
v -0.877674 0.098017 -0.469127
v -0.880858 0.049068 -0.470829
v -0.881921 0.000000 -0.471397
v -0.880858 -0.049068 -0.470829
v -0.877674 -0.098017 -0.469127
v -0.872375 -0.146730 -0.466294
v -0.864975 -0.195090 -0.462339
v -0.855490 -0.242980 -0.457269
v -0.843946 -0.290285 -0.451099
v -0.830368 -0.336890 -0.443841
v -0.814788 -0.382683 -0.435514
v -0.797247 -0.427555 -0.426138
v -0.777785 -0.471397 -0.415735
v -0.756449 -0.514103 -0.404330
v -0.733291 -0.555570 -0.391952
v -0.708365 -0.595699 -0.378629
v -0.681734 -0.634393 -0.364394
v -0.653460 -0.671559 -0.349282
v -0.623612 -0.707107 -0.333328
v -0.592262 -0.740951 -0.316571
v -0.559485 -0.773010 -0.299051
v -0.525360 -0.803208 -0.280811
v -0.489970 -0.831470 -0.261894
v -0.453398 -0.857729 -0.242346
v -0.415735 -0.881921 -0.222215
v -0.377070 -0.903989 -0.201548
v -0.337496 -0.923880 -0.180396
v -0.297110 -0.941544 -0.158809
v -0.256008 -0.956940 -0.136839
v -0.214289 -0.970031 -0.114540
v -0.172054 -0.980785 -0.091965
v -0.129405 -0.989177 -0.069168
v -0.086443 -0.995185 -0.046205
v -0.043274 -0.998795 -0.023130
v -0.040798 0.998795 -0.027261
v -0.081498 0.995185 -0.054455
v -0.122002 0.989177 -0.081519
v -0.162212 0.980785 -0.108386
v -0.202030 0.970031 -0.134992
v -0.241363 0.956940 -0.161274
v -0.280114 0.941544 -0.187166
v -0.318189 0.923880 -0.212607
v -0.355499 0.903989 -0.237537
v -0.391952 0.881921 -0.261894
v -0.427460 0.857729 -0.285620
v -0.461940 0.831470 -0.308659
v -0.495306 0.803208 -0.330953
v -0.527479 0.773010 -0.352450
v -0.558381 0.740951 -0.373098
v -0.587938 0.707107 -0.392847
v -0.616078 0.671559 -0.411650
v -0.642735 0.634393 -0.429461
v -0.667842 0.595699 -0.446238
v -0.691342 0.555570 -0.461940
v -0.713175 0.514103 -0.476528
v -0.733290 0.471397 -0.489969
v -0.751640 0.427555 -0.502230
v -0.768177 0.382683 -0.513280
v -0.782865 0.336890 -0.523094
v -0.795667 0.290285 -0.531648
v -0.806551 0.242980 -0.538920
v -0.815493 0.195090 -0.544895
v -0.822469 0.146730 -0.549557
v -0.827465 0.098017 -0.552895
v -0.830468 0.049068 -0.554901
v -0.831469 0.000000 -0.555570
v -0.830468 -0.049068 -0.554901
v -0.827465 -0.098017 -0.552895
v -0.822469 -0.146730 -0.549557
v -0.815493 -0.195090 -0.544895
v -0.806551 -0.242980 -0.538920
v -0.795667 -0.290285 -0.531648
v -0.782865 -0.336890 -0.523094
v -0.768177 -0.382683 -0.513280
v -0.751640 -0.427555 -0.502230
v -0.733290 -0.471397 -0.489969
v -0.713175 -0.514103 -0.476528
v -0.691342 -0.555570 -0.461940
v -0.667842 -0.595699 -0.446238
v -0.642735 -0.634393 -0.429461
v -0.616078 -0.671559 -0.411650
v -0.587938 -0.707107 -0.392847
v -0.558381 -0.740951 -0.373098
v -0.527479 -0.773010 -0.352450
v -0.495306 -0.803208 -0.330953
v -0.461940 -0.831470 -0.308659
v -0.427460 -0.857729 -0.285620
v -0.391952 -0.881921 -0.261894
v -0.355499 -0.903989 -0.237537
v -0.318189 -0.923880 -0.212607
v -0.280114 -0.941544 -0.187166
v -0.241363 -0.956940 -0.161274
v -0.202030 -0.970031 -0.134992
v -0.162212 -0.980785 -0.108386
v -0.122002 -0.989177 -0.081519
v -0.081498 -0.995185 -0.054455
v -0.040798 -0.998795 -0.027261
v -0.037930 0.998795 -0.031128
v -0.075768 0.995185 -0.062181
v -0.113424 0.989177 -0.093085
v -0.150807 0.980785 -0.123764
v -0.187826 0.970031 -0.154145
v -0.224393 0.956940 -0.184155
v -0.260419 0.941544 -0.213721
v -0.295818 0.923880 -0.242772
v -0.330505 0.903989 -0.271238
v -0.364394 0.881921 -0.299051
v -0.397406 0.857729 -0.326143
v -0.429462 0.831470 -0.352450
v -0.460481 0.803208 -0.377908
v -0.490393 0.773010 -0.402455
v -0.519122 0.740951 -0.426032
v -0.546601 0.707107 -0.448584
v -0.572763 0.671559 -0.470054
v -0.597545 0.634393 -0.490392
v -0.620887 0.595699 -0.509549
v -0.642735 0.555570 -0.527479
v -0.663033 0.514103 -0.544137
v -0.681734 0.471397 -0.559485
v -0.698793 0.427555 -0.573485
v -0.714168 0.382683 -0.586103
v -0.727823 0.336890 -0.597309
v -0.739725 0.290285 -0.607077
v -0.749843 0.242980 -0.615381
v -0.758157 0.195090 -0.622204
v -0.764643 0.146730 -0.627526
v -0.769288 0.098017 -0.631338
v -0.772079 0.049068 -0.633629
v -0.773010 0.000000 -0.634393
v -0.772079 -0.049068 -0.633629
v -0.769288 -0.098017 -0.631338
v -0.764643 -0.146730 -0.627526
v -0.758157 -0.195090 -0.622204
v -0.749843 -0.242980 -0.615381
v -0.739725 -0.290285 -0.607077
v -0.727823 -0.336890 -0.597309
v -0.714168 -0.382683 -0.586103
v -0.698793 -0.427555 -0.573485
v -0.681734 -0.471397 -0.559485
v -0.663033 -0.514103 -0.544137
v -0.642735 -0.555570 -0.527479
v -0.620887 -0.595699 -0.509549
v -0.597545 -0.634393 -0.490392
v -0.572763 -0.671559 -0.470054
v -0.546601 -0.707107 -0.448584
v -0.519122 -0.740951 -0.426032
v -0.490393 -0.773010 -0.402455
v -0.460481 -0.803208 -0.377908
v -0.429462 -0.831470 -0.352450
v -0.397406 -0.857729 -0.326143
v -0.364394 -0.881921 -0.299051
v -0.330505 -0.903989 -0.271238
v -0.295818 -0.923880 -0.242772
v -0.260419 -0.941544 -0.213721
v -0.224393 -0.956940 -0.184155
v -0.187826 -0.970031 -0.154145
v -0.150807 -0.980785 -0.123764
v -0.113424 -0.989177 -0.093085
v -0.075768 -0.995185 -0.062181
v -0.037930 -0.998795 -0.031128
v -0.034696 0.998795 -0.034696
v -0.069309 0.995185 -0.069309
v -0.103754 0.989177 -0.103754
v -0.137950 0.980785 -0.137950
v -0.171813 0.970031 -0.171813
v -0.205262 0.956940 -0.205262
v -0.238217 0.941544 -0.238217
v -0.270598 0.923880 -0.270598
v -0.302327 0.903989 -0.302327
v -0.333328 0.881921 -0.333328
v -0.363525 0.857729 -0.363525
v -0.392848 0.831470 -0.392848
v -0.421223 0.803208 -0.421223
v -0.448584 0.773010 -0.448584
v -0.474864 0.740951 -0.474864
v -0.500000 0.707107 -0.500000
v -0.523931 0.671559 -0.523931
v -0.546601 0.634393 -0.546601
v -0.567953 0.595699 -0.567953
v -0.587938 0.555570 -0.587938
v -0.606505 0.514103 -0.606505
v -0.623612 0.471397 -0.623612
v -0.639217 0.427555 -0.639217
v -0.653281 0.382683 -0.653281
v -0.665772 0.336890 -0.665772
v -0.676659 0.290285 -0.676659
v -0.685915 0.242980 -0.685915
v -0.693520 0.195090 -0.693520
v -0.699452 0.146730 -0.699453
v -0.703702 0.098017 -0.703702
v -0.706255 0.049068 -0.706255
v -0.707106 0.000000 -0.707107
v -0.706255 -0.049068 -0.706255
v -0.703702 -0.098017 -0.703702
v -0.699452 -0.146730 -0.699453
v -0.693520 -0.195090 -0.693520
v -0.685915 -0.242980 -0.685915
v -0.676659 -0.290285 -0.676659
v -0.665772 -0.336890 -0.665772
v -0.653281 -0.382683 -0.653281
v -0.639217 -0.427555 -0.639217
v -0.623612 -0.471397 -0.623612
v -0.606505 -0.514103 -0.606505
v -0.587938 -0.555570 -0.587938
v -0.567953 -0.595699 -0.567953
v -0.546601 -0.634393 -0.546601
v -0.523931 -0.671559 -0.523931
v -0.500000 -0.707107 -0.500000
v -0.474864 -0.740951 -0.474864
v -0.448584 -0.773010 -0.448584
v -0.421223 -0.803208 -0.421223
v -0.392848 -0.831470 -0.392848
v -0.363525 -0.857729 -0.363525
v -0.333328 -0.881921 -0.333328
v -0.302327 -0.903989 -0.302327
v -0.270598 -0.923880 -0.270598
v -0.238217 -0.941544 -0.238217
v -0.205262 -0.956940 -0.205262
v -0.171813 -0.970031 -0.171813
v -0.137950 -0.980785 -0.137950
v -0.103754 -0.989177 -0.103754
v -0.069309 -0.995185 -0.069309
v -0.034696 -0.998795 -0.034696
v -0.031128 0.998795 -0.037930
v -0.062181 0.995185 -0.075768
v -0.093085 0.989177 -0.113424
v -0.123764 0.980785 -0.150807
v -0.154145 0.970031 -0.187826
v -0.184155 0.956940 -0.224393
v -0.213721 0.941544 -0.260419
v -0.242772 0.923880 -0.295818
v -0.271238 0.903989 -0.330505
v -0.299051 0.881921 -0.364394
v -0.326143 0.857729 -0.397406
v -0.352450 0.831470 -0.429462
v -0.377907 0.803208 -0.460482
v -0.402455 0.773010 -0.490393
v -0.426032 0.740951 -0.519122
v -0.448584 0.707107 -0.546601
v -0.470054 0.671559 -0.572763
v -0.490393 0.634393 -0.597545
v -0.509549 0.595699 -0.620887
v -0.527479 0.555570 -0.642735
v -0.544137 0.514103 -0.663033
v -0.559485 0.471397 -0.681734
v -0.573485 0.427555 -0.698793
v -0.586102 0.382683 -0.714168
v -0.597309 0.336890 -0.727823
v -0.607076 0.290285 -0.739725
v -0.615381 0.242980 -0.749844
v -0.622203 0.195090 -0.758157
v -0.627526 0.146730 -0.764643
v -0.631338 0.098017 -0.769288
v -0.633629 0.049068 -0.772079
v -0.634393 0.000000 -0.773010
v -0.633629 -0.049068 -0.772079
v -0.631338 -0.098017 -0.769288
v -0.627526 -0.146730 -0.764643
v -0.622203 -0.195090 -0.758157
v -0.615381 -0.242980 -0.749844
v -0.607076 -0.290285 -0.739725
v -0.597309 -0.336890 -0.727823
v -0.586102 -0.382683 -0.714168
v -0.573485 -0.427555 -0.698793
v -0.559485 -0.471397 -0.681734
v -0.544137 -0.514103 -0.663033
v -0.527479 -0.555570 -0.642735
v -0.509549 -0.595699 -0.620887
v -0.490393 -0.634393 -0.597545
v -0.470054 -0.671559 -0.572763
v -0.448584 -0.707107 -0.546601
v -0.426032 -0.740951 -0.519122
v -0.402455 -0.773010 -0.490393
v -0.377907 -0.803208 -0.460482
v -0.352450 -0.831470 -0.429462
v -0.326143 -0.857729 -0.397406
v -0.299051 -0.881921 -0.364394
v -0.271238 -0.903989 -0.330505
v -0.242772 -0.923880 -0.295818
v -0.213721 -0.941544 -0.260419
v -0.184155 -0.956940 -0.224393
v -0.154145 -0.970031 -0.187826
v -0.123764 -0.980785 -0.150807
v -0.093085 -0.989177 -0.113424
v -0.062181 -0.995185 -0.075768
v -0.031128 -0.998795 -0.037930
v -0.027261 0.998795 -0.040798
v -0.054455 0.995185 -0.081498
v -0.081519 0.989177 -0.122002
v -0.108386 0.980785 -0.162212
v -0.134992 0.970031 -0.202030
v -0.161274 0.956940 -0.241363
v -0.187166 0.941544 -0.280114
v -0.212607 0.923880 -0.318189
v -0.237537 0.903989 -0.355499
v -0.261894 0.881921 -0.391952
v -0.285620 0.857729 -0.427460
v -0.308659 0.831470 -0.461940
v -0.330952 0.803208 -0.495306
v -0.352450 0.773010 -0.527479
v -0.373098 0.740951 -0.558381
v -0.392847 0.707107 -0.587938
v -0.411650 0.671559 -0.616078
v -0.429461 0.634393 -0.642734
v -0.446238 0.595699 -0.667842
v -0.461940 0.555570 -0.691342
v -0.476528 0.514103 -0.713175
v -0.489969 0.471397 -0.733290
v -0.502230 0.427555 -0.751640
v -0.513280 0.382683 -0.768177
v -0.523094 0.336890 -0.782865
v -0.531647 0.290285 -0.795667
v -0.538920 0.242980 -0.806551
v -0.544895 0.195090 -0.815493
v -0.549556 0.146730 -0.822469
v -0.552895 0.098017 -0.827466
v -0.554901 0.049068 -0.830468
v -0.555570 0.000000 -0.831469
v -0.554901 -0.049068 -0.830468
v -0.552895 -0.098017 -0.827466
v -0.549556 -0.146730 -0.822469
v -0.544895 -0.195090 -0.815493
v -0.538920 -0.242980 -0.806551
v -0.531647 -0.290285 -0.795667
v -0.523094 -0.336890 -0.782865
v -0.513280 -0.382683 -0.768177
v -0.502230 -0.427555 -0.751640
v -0.489969 -0.471397 -0.733290
v -0.476528 -0.514103 -0.713175
v -0.461940 -0.555570 -0.691342
v -0.446238 -0.595699 -0.667842
v -0.429461 -0.634393 -0.642734
v -0.411650 -0.671559 -0.616078
v -0.392847 -0.707107 -0.587938
v -0.373098 -0.740951 -0.558381
v -0.352450 -0.773010 -0.527479
v -0.330952 -0.803208 -0.495306
v -0.308659 -0.831470 -0.461940
v -0.285620 -0.857729 -0.427460
v -0.261894 -0.881921 -0.391952
v -0.237537 -0.903989 -0.355499
v -0.212607 -0.923880 -0.318189
v -0.187166 -0.941544 -0.280114
v -0.161274 -0.956940 -0.241363
v -0.134992 -0.970031 -0.202030
v -0.108386 -0.980785 -0.162212
v -0.081519 -0.989177 -0.122002
v -0.054455 -0.995185 -0.081498
v -0.027261 -0.998795 -0.040798
v -0.023130 0.998795 -0.043274
v -0.046205 0.995185 -0.086443
v -0.069168 0.989177 -0.129405
v -0.091965 0.980785 -0.172054
v -0.114540 0.970031 -0.214289
v -0.136839 0.956940 -0.256008
v -0.158809 0.941544 -0.297110
v -0.180396 0.923880 -0.337496
v -0.201548 0.903989 -0.377070
v -0.222215 0.881921 -0.415735
v -0.242346 0.857729 -0.453398
v -0.261894 0.831470 -0.489970
v -0.280810 0.803208 -0.525360
v -0.299051 0.773010 -0.559485
v -0.316571 0.740951 -0.592262
v -0.333328 0.707107 -0.623612
v -0.349282 0.671559 -0.653460
v -0.364395 0.634393 -0.681734
v -0.378629 0.595699 -0.708365
v -0.391952 0.555570 -0.733291
v -0.404330 0.514103 -0.756449
v -0.415735 0.471397 -0.777785
v -0.426138 0.427555 -0.797247
v -0.435513 0.382683 -0.814789
v -0.443841 0.336890 -0.830367
v -0.451098 0.290285 -0.843946
v -0.457269 0.242980 -0.855490
v -0.462339 0.195090 -0.864975
v -0.466294 0.146730 -0.872375
v -0.469127 0.098017 -0.877674
v -0.470829 0.049068 -0.880859
v -0.471396 0.000000 -0.881921
v -0.470829 -0.049068 -0.880859
v -0.469127 -0.098017 -0.877674
v -0.466294 -0.146730 -0.872375
v -0.462339 -0.195090 -0.864975
v -0.457269 -0.242980 -0.855490
v -0.451098 -0.290285 -0.843946
v -0.443841 -0.336890 -0.830367
v -0.435513 -0.382683 -0.814789
v -0.426138 -0.427555 -0.797247
v -0.415735 -0.471397 -0.777785
v -0.404330 -0.514103 -0.756449
v -0.391952 -0.555570 -0.733291
v -0.378629 -0.595699 -0.708365
v -0.364395 -0.634393 -0.681734
v -0.349282 -0.671559 -0.653460
v -0.333328 -0.707107 -0.623612
v -0.316571 -0.740951 -0.592262
v -0.299051 -0.773010 -0.559485
v -0.280810 -0.803208 -0.525360
v -0.261894 -0.831470 -0.489970
v -0.242346 -0.857729 -0.453398
v -0.222215 -0.881921 -0.415735
v -0.201548 -0.903989 -0.377070
v -0.180396 -0.923880 -0.337496
v -0.158809 -0.941544 -0.297110
v -0.136839 -0.956940 -0.256008
v -0.114540 -0.970031 -0.214289
v -0.091965 -0.980785 -0.172054
v -0.069168 -0.989177 -0.129405
v -0.046205 -0.995185 -0.086443
v -0.023130 -0.998795 -0.043274
v -0.018777 0.998795 -0.045333
v -0.037509 0.995185 -0.090556
v -0.056151 0.989177 -0.135561
v -0.074658 0.980785 -0.180240
v -0.092984 0.970031 -0.224484
v -0.111087 0.956940 -0.268188
v -0.128922 0.941544 -0.311246
v -0.146446 0.923880 -0.353553
v -0.163618 0.903989 -0.395010
v -0.180396 0.881921 -0.435514
v -0.196738 0.857729 -0.474968
v -0.212608 0.831470 -0.513280
v -0.227964 0.803208 -0.550354
v -0.242772 0.773010 -0.586103
v -0.256994 0.740951 -0.620439
v -0.270598 0.707107 -0.653281
v -0.283549 0.671559 -0.684549
v -0.295818 0.634393 -0.714168
v -0.307374 0.595699 -0.742066
v -0.318190 0.555570 -0.768178
v -0.328238 0.514103 -0.792438
v -0.337496 0.471397 -0.814789
v -0.345942 0.427555 -0.835177
v -0.353553 0.382683 -0.853553
v -0.360313 0.336890 -0.869873
v -0.366205 0.290285 -0.884098
v -0.371214 0.242980 -0.896191
v -0.375330 0.195090 -0.906127
v -0.378541 0.146730 -0.913879
v -0.380840 0.098017 -0.919430
v -0.382222 0.049068 -0.922766
v -0.382683 0.000000 -0.923879
v -0.382222 -0.049068 -0.922766
v -0.380840 -0.098017 -0.919430
v -0.378541 -0.146730 -0.913879
v -0.375330 -0.195090 -0.906127
v -0.371214 -0.242980 -0.896191
v -0.366205 -0.290285 -0.884098
v -0.360313 -0.336890 -0.869873
v -0.353553 -0.382683 -0.853553
v -0.345942 -0.427555 -0.835177
v -0.337496 -0.471397 -0.814789
v -0.328238 -0.514103 -0.792438
v -0.318190 -0.555570 -0.768178
v -0.307374 -0.595699 -0.742066
v -0.295818 -0.634393 -0.714168
v -0.283549 -0.671559 -0.684549
v -0.270598 -0.707107 -0.653281
v -0.256994 -0.740951 -0.620439
v -0.242772 -0.773010 -0.586103
v -0.227964 -0.803208 -0.550354
v -0.212608 -0.831470 -0.513280
v -0.196738 -0.857729 -0.474968
v -0.180396 -0.881921 -0.435514
v -0.163618 -0.903989 -0.395010
v -0.146446 -0.923880 -0.353553
v -0.128922 -0.941544 -0.311246
v -0.111087 -0.956940 -0.268188
v -0.092984 -0.970031 -0.224484
v -0.074658 -0.980785 -0.180240
v -0.056151 -0.989177 -0.135561
v -0.037509 -0.995185 -0.090556
v -0.018777 -0.998795 -0.045333
v -0.014244 0.998795 -0.046955
v -0.028453 0.995185 -0.093796
v -0.042594 0.989177 -0.140412
v -0.056632 0.980785 -0.186690
v -0.070533 0.970031 -0.232517
v -0.084265 0.956940 -0.277785
v -0.097794 0.941544 -0.322383
v -0.111087 0.923880 -0.366205
v -0.124113 0.903989 -0.409145
v -0.136839 0.881921 -0.451098
v -0.149236 0.857729 -0.491965
v -0.161274 0.831470 -0.531648
v -0.172922 0.803208 -0.570048
v -0.184155 0.773010 -0.607076
v -0.194943 0.740951 -0.642642
v -0.205262 0.707107 -0.676659
v -0.215087 0.671559 -0.709046
v -0.224393 0.634393 -0.739724
v -0.233159 0.595699 -0.768621
v -0.241363 0.555570 -0.795667
v -0.248985 0.514103 -0.820795
v -0.256008 0.471397 -0.843946
v -0.262414 0.427555 -0.865064
v -0.268188 0.382683 -0.884097
v -0.273316 0.336890 -0.901001
v -0.277785 0.290285 -0.915735
v -0.281585 0.242980 -0.928261
v -0.284707 0.195090 -0.938553
v -0.287142 0.146730 -0.946582
v -0.288887 0.098017 -0.952332
v -0.289935 0.049068 -0.955787
v -0.290284 0.000000 -0.956940
v -0.289935 -0.049068 -0.955787
v -0.288887 -0.098017 -0.952332
v -0.287142 -0.146730 -0.946582
v -0.284707 -0.195090 -0.938553
v -0.281585 -0.242980 -0.928261
v -0.277785 -0.290285 -0.915735
v -0.273316 -0.336890 -0.901001
v -0.268188 -0.382683 -0.884097
v -0.262414 -0.427555 -0.865064
v -0.256008 -0.471397 -0.843946
v -0.248985 -0.514103 -0.820795
v -0.241363 -0.555570 -0.795667
v -0.233159 -0.595699 -0.768621
v -0.224393 -0.634393 -0.739724
v -0.215087 -0.671559 -0.709046
v -0.205262 -0.707107 -0.676659
v -0.194943 -0.740951 -0.642642
v -0.184155 -0.773010 -0.607076
v -0.172922 -0.803208 -0.570048
v -0.161274 -0.831470 -0.531648
v -0.149236 -0.857729 -0.491965
v -0.136839 -0.881921 -0.451098
v -0.124113 -0.903989 -0.409145
v -0.111087 -0.923880 -0.366205
v -0.097794 -0.941544 -0.322383
v -0.084265 -0.956940 -0.277785
v -0.070533 -0.970031 -0.232517
v -0.056632 -0.980785 -0.186690
v -0.042594 -0.989177 -0.140412
v -0.028453 -0.995185 -0.093796
v -0.014244 -0.998795 -0.046955
v -0.009573 0.998795 -0.048125
v -0.019122 0.995185 -0.096134
v -0.028626 0.989177 -0.143911
v -0.038060 0.980785 -0.191342
v -0.047403 0.970031 -0.238311
v -0.056632 0.956940 -0.284707
v -0.065724 0.941544 -0.330416
v -0.074658 0.923880 -0.375330
v -0.083412 0.903989 -0.419340
v -0.091965 0.881921 -0.462339
v -0.100296 0.857729 -0.504224
v -0.108386 0.831470 -0.544896
v -0.116215 0.803208 -0.584253
v -0.123764 0.773010 -0.622204
v -0.131014 0.740951 -0.658655
v -0.137950 0.707107 -0.693520
v -0.144552 0.671559 -0.726713
v -0.150807 0.634393 -0.758157
v -0.156698 0.595699 -0.787773
v -0.162212 0.555570 -0.815493
v -0.167334 0.514103 -0.841247
v -0.172054 0.471397 -0.864975
v -0.176360 0.427555 -0.886619
v -0.180240 0.382683 -0.906127
v -0.183686 0.336890 -0.923452
v -0.186690 0.290285 -0.938553
v -0.189243 0.242980 -0.951391
v -0.191342 0.195090 -0.961940
v -0.192978 0.146730 -0.970168
v -0.194151 0.098017 -0.976062
v -0.194855 0.049068 -0.979603
v -0.195090 0.000000 -0.980785
v -0.194855 -0.049068 -0.979603
v -0.194151 -0.098017 -0.976062
v -0.192978 -0.146730 -0.970168
v -0.191342 -0.195090 -0.961940
v -0.189243 -0.242980 -0.951391
v -0.186690 -0.290285 -0.938553
v -0.183686 -0.336890 -0.923452
v -0.180240 -0.382683 -0.906127
v -0.176360 -0.427555 -0.886619
v -0.172054 -0.471397 -0.864975
v -0.167334 -0.514103 -0.841247
v -0.162212 -0.555570 -0.815493
v -0.156698 -0.595699 -0.787773
v -0.150807 -0.634393 -0.758157
v -0.144552 -0.671559 -0.726713
v -0.137950 -0.707107 -0.693520
v -0.131014 -0.740951 -0.658655
v -0.123764 -0.773010 -0.622204
v -0.116215 -0.803208 -0.584253
v -0.108386 -0.831470 -0.544896
v -0.100296 -0.857729 -0.504224
v -0.091965 -0.881921 -0.462339
v -0.083412 -0.903989 -0.419340
v -0.074658 -0.923880 -0.375330
v -0.065724 -0.941544 -0.330416
v -0.056632 -0.956940 -0.284707
v -0.047403 -0.970031 -0.238311
v -0.038060 -0.980785 -0.191342
v -0.028626 -0.989177 -0.143911
v -0.019122 -0.995185 -0.096134
v -0.009573 -0.998795 -0.048125
v -0.004809 0.998795 -0.048831
v -0.009607 0.995185 -0.097545
v -0.014382 0.989177 -0.146024
v -0.019122 0.980785 -0.194151
v -0.023816 0.970031 -0.241810
v -0.028453 0.956940 -0.288887
v -0.033021 0.941544 -0.335267
v -0.037509 0.923880 -0.380840
v -0.041908 0.903989 -0.425496
v -0.046205 0.881921 -0.469127
v -0.050391 0.857729 -0.511627
v -0.054455 0.831470 -0.552896
v -0.058389 0.803208 -0.592830
v -0.062181 0.773010 -0.631338
v -0.065824 0.740951 -0.668325
v -0.069308 0.707107 -0.703702
v -0.072626 0.671559 -0.737383
v -0.075768 0.634393 -0.769288
v -0.078728 0.595699 -0.799339
v -0.081499 0.555570 -0.827466
v -0.084072 0.514103 -0.853598
v -0.086443 0.471397 -0.877674
v -0.088606 0.427555 -0.899636
v -0.090556 0.382683 -0.919430
v -0.092288 0.336890 -0.937010
v -0.093796 0.290285 -0.952332
v -0.095079 0.242980 -0.965359
v -0.096134 0.195090 -0.976062
v -0.096956 0.146730 -0.984412
v -0.097545 0.098017 -0.990392
v -0.097899 0.049068 -0.993985
v -0.098017 0.000000 -0.995184
v -0.097899 -0.049068 -0.993985
v -0.097545 -0.098017 -0.990392
v -0.096956 -0.146730 -0.984412
v -0.096134 -0.195090 -0.976062
v -0.095079 -0.242980 -0.965359
v -0.093796 -0.290285 -0.952332
v -0.092288 -0.336890 -0.937010
v -0.090556 -0.382683 -0.919430
v -0.088606 -0.427555 -0.899636
v -0.086443 -0.471397 -0.877674
v -0.084072 -0.514103 -0.853598
v -0.081499 -0.555570 -0.827466
v -0.078728 -0.595699 -0.799339
v -0.075768 -0.634393 -0.769288
v -0.072626 -0.671559 -0.737383
v -0.069308 -0.707107 -0.703702
v -0.065824 -0.740951 -0.668325
v -0.062181 -0.773010 -0.631338
v -0.058389 -0.803208 -0.592830
v -0.054455 -0.831470 -0.552896
v -0.050391 -0.857729 -0.511627
v -0.046205 -0.881921 -0.469127
v -0.041908 -0.903989 -0.425496
v -0.037509 -0.923880 -0.380840
v -0.033021 -0.941544 -0.335267
v -0.028453 -0.956940 -0.288887
v -0.023816 -0.970031 -0.241810
v -0.019122 -0.980785 -0.194151
v -0.014382 -0.989177 -0.146024
v -0.009607 -0.995185 -0.097545
v -0.004809 -0.998795 -0.048831
v 0.000000 0.998795 -0.049068
v 0.000000 0.995185 -0.098017
v 0.000000 0.989177 -0.146730
v 0.000000 0.970031 -0.242980
v 0.000000 0.941544 -0.336890
v 0.000000 0.923880 -0.382683
v 0.000000 0.903989 -0.427555
v 0.000000 0.881921 -0.471396
v 0.000000 0.857729 -0.514102
v -0.000000 0.831470 -0.555571
v -0.000000 0.773010 -0.634393
v -0.000000 0.634393 -0.773010
v 0.000000 0.195090 -0.980785
v 0.000000 -0.049068 -0.998795
v 0.000000 -0.195090 -0.980785
v -0.000000 -0.336890 -0.941544
v -0.000000 -0.634393 -0.773010
v -0.000000 -0.831470 -0.555571
v 0.000000 -0.970031 -0.242980
v 0.000000 -0.989177 -0.146730
v 0.000000 -0.995185 -0.098017
v 0.000000 -0.998795 -0.049068
vn 0.0449 -0.4048 -0.9133
vn 0.0321 0.7568 -0.6528
vn 0.0438 -0.4492 -0.8924
vn 0.0339 0.7238 -0.6891
vn 0.0427 -0.4924 -0.8693
vn 0.0356 0.6891 -0.7238
vn 0.0415 -0.5345 -0.8441
vn 0.0372 0.6527 -0.7567
vn 0.0401 -0.5753 -0.8169
vn 0.0387 0.6148 -0.7878
vn 0.0387 -0.6148 -0.7878
vn 0.0401 0.5753 -0.8169
vn 0.0372 -0.6527 -0.7567
vn 0.0415 0.5345 -0.8441
vn 0.0356 -0.6891 -0.7238
vn 0.0427 0.4924 -0.8693
vn 0.0339 -0.7238 -0.6891
vn 0.0438 0.4492 -0.8924
vn 0.0321 -0.7568 -0.6528
vn 0.0449 0.4048 -0.9133
vn 0.0302 -0.7880 -0.6150
vn 0.0458 0.3595 -0.9320
vn 0.0283 -0.8173 -0.5756
vn 0.0466 0.3133 -0.9485
vn 0.0263 -0.8446 -0.5348
vn 0.0473 0.2664 -0.9627
vn 0.0012 0.9997 -0.0245
vn 0.0242 -0.8698 -0.4928
vn 0.0479 0.2188 -0.9746
vn 0.0036 0.9973 -0.0736
vn 0.0221 -0.8930 -0.4495
vn 0.0483 0.1708 -0.9841
vn 0.0060 0.9925 -0.1224
vn 0.0199 -0.9140 -0.4052
vn 0.0487 0.1223 -0.9913
vn 0.0084 0.9852 -0.1710
vn 0.0177 -0.9328 -0.3598
vn 0.0489 0.0735 -0.9961
vn 0.0108 0.9756 -0.2191
vn 0.0154 -0.9494 -0.3136
vn 0.0491 0.0245 -0.9985
vn 0.0131 0.9637 -0.2667
vn 0.0131 -0.9637 -0.2667
vn 0.0491 -0.0245 -0.9985
vn 0.0154 0.9494 -0.3136
vn 0.0108 -0.9756 -0.2191
vn 0.0489 -0.0735 -0.9961
vn 0.0177 0.9328 -0.3598
vn 0.0084 -0.9852 -0.1710
vn 0.0487 -0.1223 -0.9913
vn 0.0199 0.9140 -0.4052
vn 0.0060 -0.9925 -0.1224
vn 0.0483 -0.1708 -0.9841
vn 0.0221 0.8930 -0.4495
vn 0.0036 -0.9973 -0.0736
vn 0.0479 -0.2188 -0.9746
vn 0.0242 0.8698 -0.4928
vn 0.0012 -0.9997 -0.0245
vn 0.0473 -0.2664 -0.9627
vn 0.0263 0.8446 -0.5348
vn 0.0466 -0.3133 -0.9485
vn 0.0283 0.8173 -0.5756
vn 0.0458 -0.3595 -0.9320
vn 0.0302 0.7880 -0.6150
vn 0.0595 -0.9140 -0.4013
vn 0.1456 0.1223 -0.9818
vn 0.0251 0.9852 -0.1693
vn 0.0529 -0.9328 -0.3564
vn 0.1463 0.0735 -0.9865
vn 0.0322 0.9756 -0.2170
vn 0.0461 -0.9494 -0.3106
vn 0.1467 0.0245 -0.9889
vn 0.0392 0.9637 -0.2641
vn 0.0392 -0.9637 -0.2641
vn 0.1467 -0.0245 -0.9889
vn 0.0461 0.9494 -0.3106
vn 0.0322 -0.9756 -0.2170
vn 0.1463 -0.0735 -0.9865
vn 0.0529 0.9328 -0.3564
vn 0.0251 -0.9852 -0.1693
vn 0.1456 -0.1223 -0.9818
vn 0.0595 0.9140 -0.4013
vn 0.0180 -0.9925 -0.1212
vn 0.1446 -0.1708 -0.9746
vn 0.0660 0.8930 -0.4452
vn 0.0108 -0.9973 -0.0729
vn 0.1432 -0.2188 -0.9652
vn 0.0724 0.8698 -0.4880
vn 0.0036 -0.9997 -0.0243
vn 0.1414 -0.2664 -0.9534
vn 0.0786 0.8446 -0.5297
vn 0.1393 -0.3133 -0.9394
vn 0.0846 0.8173 -0.5700
vn 0.1369 -0.3595 -0.9230
vn 0.0903 0.7880 -0.6090
vn 0.1342 -0.4048 -0.9045
vn 0.0959 0.7568 -0.6465
vn 0.1311 -0.4492 -0.8838
vn 0.1012 0.7238 -0.6825
vn 0.1277 -0.4924 -0.8609
vn 0.1063 0.6891 -0.7168
vn 0.1240 -0.5345 -0.8360
vn 0.1112 0.6527 -0.7494
vn 0.1200 -0.5753 -0.8091
vn 0.1157 0.6148 -0.7802
vn 0.1157 -0.6148 -0.7802
vn 0.1200 0.5753 -0.8091
vn 0.1112 -0.6527 -0.7494
vn 0.1240 0.5345 -0.8360
vn 0.1063 -0.6891 -0.7168
vn 0.1277 0.4924 -0.8609
vn 0.1012 -0.7238 -0.6825
vn 0.1311 0.4492 -0.8838
vn 0.0959 -0.7568 -0.6465
vn 0.1342 0.4048 -0.9045
vn 0.0903 -0.7880 -0.6090
vn 0.1369 0.3595 -0.9230
vn 0.0846 -0.8173 -0.5700
vn 0.1393 0.3133 -0.9394
vn 0.0786 -0.8446 -0.5297
vn 0.1414 0.2664 -0.9534
vn 0.0036 0.9997 -0.0243
vn 0.0724 -0.8698 -0.4880
vn 0.1432 0.2188 -0.9652
vn 0.0108 0.9973 -0.0729
vn 0.0660 -0.8930 -0.4452
vn 0.1446 0.1708 -0.9746
vn 0.0180 0.9925 -0.1212
vn 0.0763 -0.9494 -0.3046
vn 0.2429 0.0245 -0.9697
vn 0.0649 0.9637 -0.2590
vn 0.0649 -0.9637 -0.2590
vn 0.2429 -0.0245 -0.9697
vn 0.0763 0.9494 -0.3046
vn 0.0533 -0.9756 -0.2128
vn 0.2423 -0.0735 -0.9674
vn 0.0875 0.9328 -0.3495
vn 0.0416 -0.9852 -0.1660
vn 0.2412 -0.1223 -0.9628
vn 0.0986 0.9140 -0.3935
vn 0.0298 -0.9925 -0.1189
vn 0.2394 -0.1708 -0.9558
vn 0.1094 0.8930 -0.4366
vn 0.0179 -0.9973 -0.0714
vn 0.2371 -0.2188 -0.9465
vn 0.1199 0.8698 -0.4786
vn 0.0060 -0.9997 -0.0238
vn 0.2342 -0.2664 -0.9350
vn 0.1301 0.8446 -0.5194
vn 0.2307 -0.3133 -0.9212
vn 0.1400 0.8173 -0.5590
vn 0.2267 -0.3595 -0.9052
vn 0.1496 0.7880 -0.5972
vn 0.2222 -0.4048 -0.8870
vn 0.1588 0.7568 -0.6340
vn 0.2171 -0.4492 -0.8667
vn 0.1677 0.7238 -0.6693
vn 0.2115 -0.4924 -0.8443
vn 0.1761 0.6891 -0.7029
vn 0.2054 -0.5345 -0.8198
vn 0.1841 0.6527 -0.7349
vn 0.1987 -0.5753 -0.7934
vn 0.1916 0.6148 -0.7651
vn 0.1916 -0.6148 -0.7651
vn 0.1987 0.5753 -0.7934
vn 0.1841 -0.6527 -0.7349
vn 0.2054 0.5345 -0.8198
vn 0.1761 -0.6891 -0.7029
vn 0.2115 0.4924 -0.8443
vn 0.1677 -0.7238 -0.6693
vn 0.2171 0.4492 -0.8667
vn 0.1588 -0.7568 -0.6340
vn 0.2222 0.4048 -0.8870
vn 0.1496 -0.7880 -0.5972
vn 0.2267 0.3595 -0.9052
vn 0.1400 -0.8173 -0.5590
vn 0.2307 0.3133 -0.9212
vn 0.1301 -0.8446 -0.5194
vn 0.2342 0.2664 -0.9350
vn 0.0060 0.9997 -0.0238
vn 0.1199 -0.8698 -0.4786
vn 0.2371 0.2188 -0.9465
vn 0.0179 0.9973 -0.0714
vn 0.1094 -0.8930 -0.4366
vn 0.2394 0.1708 -0.9558
vn 0.0298 0.9925 -0.1189
vn 0.0986 -0.9140 -0.3935
vn 0.2412 0.1223 -0.9628
vn 0.0416 0.9852 -0.1660
vn 0.0875 -0.9328 -0.3495
vn 0.2423 0.0735 -0.9674
vn 0.0533 0.9756 -0.2128
vn 0.0739 -0.9756 -0.2065
vn 0.3360 -0.0735 -0.9390
vn 0.1214 0.9328 -0.3392
vn 0.0577 -0.9852 -0.1612
vn 0.3344 -0.1223 -0.9345
vn 0.1367 0.9140 -0.3819
vn 0.0413 -0.9925 -0.1154
vn 0.3319 -0.1708 -0.9277
vn 0.1516 0.8930 -0.4237
vn 0.0248 -0.9973 -0.0693
vn 0.3287 -0.2188 -0.9187
vn 0.1662 0.8698 -0.4645
vn 0.0083 -0.9997 -0.0231
vn 0.3247 -0.2664 -0.9075
vn 0.1804 0.8446 -0.5042
vn 0.3199 -0.3133 -0.8941
vn 0.1941 0.8173 -0.5426
vn 0.3144 -0.3595 -0.8786
vn 0.2074 0.7880 -0.5797
vn 0.3080 -0.4048 -0.8609
vn 0.2202 0.7568 -0.6154
vn 0.3010 -0.4492 -0.8412
vn 0.2324 0.7238 -0.6496
vn 0.2932 -0.4924 -0.8195
vn 0.2441 0.6891 -0.6823
vn 0.2847 -0.5345 -0.7957
vn 0.2552 0.6527 -0.7133
vn 0.2755 -0.5753 -0.7701
vn 0.2657 0.6148 -0.7426
vn 0.2657 -0.6148 -0.7426
vn 0.2755 0.5753 -0.7701
vn 0.2552 -0.6527 -0.7133
vn 0.2847 0.5345 -0.7957
vn 0.2441 -0.6891 -0.6823
vn 0.2932 0.4924 -0.8195
vn 0.2324 -0.7238 -0.6496
vn 0.3010 0.4492 -0.8412
vn 0.2202 -0.7568 -0.6154
vn 0.3080 0.4048 -0.8609
vn 0.2074 -0.7880 -0.5797
vn 0.3144 0.3595 -0.8786
vn 0.1941 -0.8173 -0.5426
vn 0.3199 0.3133 -0.8941
vn 0.1804 -0.8446 -0.5042
vn 0.3247 0.2664 -0.9075
vn 0.0083 0.9997 -0.0231
vn 0.1662 -0.8698 -0.4645
vn 0.3287 0.2188 -0.9187
vn 0.0248 0.9973 -0.0693
vn 0.1516 -0.8930 -0.4237
vn 0.3319 0.1708 -0.9277
vn 0.0413 0.9925 -0.1154
vn 0.1367 -0.9140 -0.3819
vn 0.3344 0.1223 -0.9345
vn 0.0577 0.9852 -0.1612
vn 0.1214 -0.9328 -0.3392
vn 0.3360 0.0735 -0.9390
vn 0.0739 0.9756 -0.2065
vn 0.1058 -0.9494 -0.2957
vn 0.3368 0.0245 -0.9413
vn 0.0900 0.9637 -0.2514
vn 0.0900 -0.9637 -0.2514
vn 0.3368 -0.0245 -0.9413
vn 0.1058 0.9494 -0.2957
vn 0.0524 -0.9925 -0.1108
vn 0.4213 -0.1708 -0.8907
vn 0.1924 0.8930 -0.4068
vn 0.0315 -0.9973 -0.0666
vn 0.4172 -0.2189 -0.8821
vn 0.2109 0.8698 -0.4460
vn 0.0105 -0.9997 -0.0222
vn 0.4121 -0.2664 -0.8713
vn 0.2289 0.8446 -0.4840
vn 0.4060 -0.3133 -0.8585
vn 0.2464 0.8173 -0.5209
vn 0.3990 -0.3595 -0.8435
vn 0.2632 0.7880 -0.5566
vn 0.3910 -0.4048 -0.8266
vn 0.2795 0.7568 -0.5909
vn 0.3820 -0.4492 -0.8077
vn 0.2950 0.7238 -0.6237
vn 0.3721 -0.4924 -0.7868
vn 0.3098 0.6891 -0.6551
vn 0.3613 -0.5345 -0.7640
vn 0.3239 0.6527 -0.6849
vn 0.3497 -0.5753 -0.7394
vn 0.3372 0.6148 -0.7130
vn 0.3372 -0.6148 -0.7130
vn 0.3497 0.5753 -0.7394
vn 0.3239 -0.6527 -0.6849
vn 0.3613 0.5345 -0.7640
vn 0.3098 -0.6891 -0.6551
vn 0.3721 0.4924 -0.7868
vn 0.2950 -0.7238 -0.6237
vn 0.3820 0.4492 -0.8077
vn 0.2795 -0.7568 -0.5909
vn 0.3910 0.4048 -0.8266
vn 0.2632 -0.7880 -0.5566
vn 0.3990 0.3595 -0.8435
vn 0.2464 -0.8173 -0.5209
vn 0.4060 0.3133 -0.8585
vn 0.2289 -0.8446 -0.4840
vn 0.4121 0.2664 -0.8713
vn 0.0105 0.9997 -0.0222
vn 0.2109 -0.8698 -0.4460
vn 0.4172 0.2189 -0.8821
vn 0.0315 0.9973 -0.0666
vn 0.1924 -0.8930 -0.4068
vn 0.4213 0.1708 -0.8907
vn 0.0524 0.9925 -0.1108
vn 0.1734 -0.9140 -0.3667
vn 0.4243 0.1223 -0.8972
vn 0.0732 0.9852 -0.1547
vn 0.1540 -0.9328 -0.3257
vn 0.4264 0.0735 -0.9015
vn 0.0938 0.9756 -0.1983
vn 0.1343 -0.9494 -0.2839
vn 0.4274 0.0245 -0.9037
vn 0.1142 0.9637 -0.2414
vn 0.1142 -0.9637 -0.2414
vn 0.4274 -0.0245 -0.9037
vn 0.1343 0.9494 -0.2839
vn 0.0938 -0.9756 -0.1983
vn 0.4264 -0.0735 -0.9015
vn 0.1540 0.9328 -0.3257
vn 0.0732 -0.9852 -0.1547
vn 0.4243 -0.1223 -0.8972
vn 0.1734 0.9140 -0.3667
vn 0.0126 -0.9997 -0.0211
vn 0.4955 -0.2664 -0.8267
vn 0.2753 0.8446 -0.4593
vn 0.4882 -0.3133 -0.8145
vn 0.2963 0.8173 -0.4943
vn 0.4797 -0.3595 -0.8004
vn 0.3165 0.7880 -0.5281
vn 0.4701 -0.4048 -0.7843
vn 0.3360 0.7568 -0.5606
vn 0.4593 -0.4492 -0.7663
vn 0.3547 0.7238 -0.5918
vn 0.4474 -0.4924 -0.7465
vn 0.3726 0.6891 -0.6216
vn 0.4345 -0.5345 -0.7249
vn 0.3895 0.6527 -0.6498
vn 0.4205 -0.5753 -0.7015
vn 0.4055 0.6148 -0.6765
vn 0.4055 -0.6148 -0.6765
vn 0.4205 0.5753 -0.7015
vn 0.3895 -0.6527 -0.6498
vn 0.4345 0.5345 -0.7249
vn 0.3725 -0.6891 -0.6216
vn 0.4474 0.4924 -0.7465
vn 0.3547 -0.7238 -0.5918
vn 0.4593 0.4492 -0.7663
vn 0.3360 -0.7568 -0.5606
vn 0.4701 0.4048 -0.7843
vn 0.3165 -0.7880 -0.5281
vn 0.4797 0.3595 -0.8004
vn 0.2963 -0.8173 -0.4943
vn 0.4882 0.3133 -0.8145
vn 0.2753 -0.8446 -0.4593
vn 0.4955 0.2664 -0.8267
vn 0.0126 0.9997 -0.0211
vn 0.2536 -0.8698 -0.4232
vn 0.5016 0.2189 -0.8369
vn 0.0379 0.9973 -0.0632
vn 0.2314 -0.8930 -0.3860
vn 0.5066 0.1708 -0.8451
vn 0.0630 0.9925 -0.1051
vn 0.2085 -0.9140 -0.3479
vn 0.5102 0.1223 -0.8513
vn 0.0880 0.9852 -0.1468
vn 0.1852 -0.9328 -0.3090
vn 0.5127 0.0735 -0.8554
vn 0.1128 0.9756 -0.1881
vn 0.1614 -0.9494 -0.2693
vn 0.5139 0.0245 -0.8575
vn 0.1373 0.9637 -0.2290
vn 0.1373 -0.9637 -0.2290
vn 0.5139 -0.0245 -0.8575
vn 0.1614 0.9494 -0.2693
vn 0.1128 -0.9756 -0.1881
vn 0.5127 -0.0735 -0.8554
vn 0.1852 0.9328 -0.3090
vn 0.0880 -0.9852 -0.1468
vn 0.5102 -0.1223 -0.8513
vn 0.2085 0.9140 -0.3479
vn 0.0630 -0.9925 -0.1051
vn 0.5066 -0.1708 -0.8451
vn 0.2314 0.8930 -0.3860
vn 0.0379 -0.9973 -0.0632
vn 0.5016 -0.2189 -0.8369
vn 0.2536 0.8698 -0.4232
vn 0.5559 -0.3595 -0.7495
vn 0.3668 0.7880 -0.4945
vn 0.5447 -0.4048 -0.7344
vn 0.3894 0.7568 -0.5250
vn 0.5322 -0.4492 -0.7176
vn 0.4110 0.7238 -0.5542
vn 0.5185 -0.4924 -0.6991
vn 0.4317 0.6891 -0.5821
vn 0.5035 -0.5345 -0.6788
vn 0.4513 0.6527 -0.6085
vn 0.4872 -0.5753 -0.6570
vn 0.4698 0.6148 -0.6335
vn 0.4698 -0.6148 -0.6335
vn 0.4872 0.5753 -0.6570
vn 0.4513 -0.6527 -0.6085
vn 0.5035 0.5345 -0.6788
vn 0.4317 -0.6891 -0.5821
vn 0.5185 0.4924 -0.6991
vn 0.4110 -0.7238 -0.5542
vn 0.5322 0.4492 -0.7176
vn 0.3894 -0.7568 -0.5250
vn 0.5447 0.4048 -0.7344
vn 0.3668 -0.7880 -0.4945
vn 0.5559 0.3595 -0.7495
vn 0.3433 -0.8173 -0.4629
vn 0.5657 0.3133 -0.7628
vn 0.3190 -0.8446 -0.4301
vn 0.5742 0.2664 -0.7742
vn 0.0146 0.9997 -0.0197
vn 0.2939 -0.8698 -0.3963
vn 0.5813 0.2189 -0.7837
vn 0.0439 0.9973 -0.0592
vn 0.2681 -0.8930 -0.3615
vn 0.5869 0.1708 -0.7914
vn 0.0730 0.9925 -0.0984
vn 0.2416 -0.9140 -0.3258
vn 0.5912 0.1223 -0.7972
vn 0.1020 0.9852 -0.1375
vn 0.2146 -0.9328 -0.2894
vn 0.5941 0.0735 -0.8010
vn 0.1307 0.9756 -0.1762
vn 0.1871 -0.9494 -0.2522
vn 0.5955 0.0245 -0.8030
vn 0.1591 0.9637 -0.2145
vn 0.1591 -0.9637 -0.2145
vn 0.5955 -0.0245 -0.8030
vn 0.1871 0.9494 -0.2522
vn 0.1307 -0.9756 -0.1762
vn 0.5941 -0.0735 -0.8010
vn 0.2146 0.9328 -0.2894
vn 0.1020 -0.9852 -0.1375
vn 0.5912 -0.1223 -0.7972
vn 0.2416 0.9140 -0.3258
vn 0.0730 -0.9925 -0.0984
vn 0.5869 -0.1708 -0.7914
vn 0.2681 0.8930 -0.3615
vn 0.0439 -0.9973 -0.0592
vn 0.5813 -0.2189 -0.7837
vn 0.2939 0.8698 -0.3963
vn 0.0146 -0.9997 -0.0197
vn 0.5742 -0.2664 -0.7742
vn 0.3190 0.8446 -0.4301
vn 0.5657 -0.3133 -0.7628
vn 0.3433 0.8173 -0.4629
vn 0.6000 -0.4492 -0.6620
vn 0.4634 0.7238 -0.5112
vn 0.5845 -0.4924 -0.6449
vn 0.4867 0.6891 -0.5369
vn 0.5676 -0.5345 -0.6262
vn 0.5088 0.6527 -0.5613
vn 0.5493 -0.5753 -0.6060
vn 0.5297 0.6148 -0.5844
vn 0.5297 -0.6148 -0.5844
vn 0.5493 0.5753 -0.6060
vn 0.5088 -0.6527 -0.5613
vn 0.5676 0.5345 -0.6262
vn 0.4867 -0.6891 -0.5369
vn 0.5845 0.4924 -0.6449
vn 0.4634 -0.7238 -0.5112
vn 0.6000 0.4492 -0.6620
vn 0.4389 -0.7568 -0.4843
vn 0.6141 0.4048 -0.6775
vn 0.4135 -0.7880 -0.4562
vn 0.6267 0.3595 -0.6914
vn 0.3870 -0.8173 -0.4270
vn 0.6377 0.3133 -0.7036
vn 0.3596 -0.8446 -0.3967
vn 0.6473 0.2664 -0.7142
vn 0.0165 0.9997 -0.0182
vn 0.3313 -0.8698 -0.3655
vn 0.6553 0.2189 -0.7230
vn 0.0495 0.9973 -0.0546
vn 0.3022 -0.8930 -0.3335
vn 0.6617 0.1708 -0.7301
vn 0.0823 0.9925 -0.0908
vn 0.2724 -0.9140 -0.3006
vn 0.6665 0.1223 -0.7354
vn 0.1149 0.9852 -0.1268
vn 0.2419 -0.9328 -0.2669
vn 0.6697 0.0735 -0.7389
vn 0.1473 0.9756 -0.1625
vn 0.2109 -0.9494 -0.2327
vn 0.6714 0.0245 -0.7407
vn 0.1793 0.9637 -0.1978
vn 0.1793 -0.9637 -0.1978
vn 0.6714 -0.0245 -0.7407
vn 0.2109 0.9494 -0.2327
vn 0.1473 -0.9756 -0.1625
vn 0.6697 -0.0735 -0.7389
vn 0.2419 0.9328 -0.2669
vn 0.1149 -0.9852 -0.1268
vn 0.6665 -0.1223 -0.7354
vn 0.2724 0.9140 -0.3006
vn 0.0823 -0.9925 -0.0908
vn 0.6617 -0.1708 -0.7301
vn 0.3022 0.8930 -0.3335
vn 0.0495 -0.9973 -0.0546
vn 0.6553 -0.2189 -0.7230
vn 0.3313 0.8698 -0.3655
vn 0.0165 -0.9997 -0.0182
vn 0.6473 -0.2664 -0.7142
vn 0.3596 0.8446 -0.3967
vn 0.6377 -0.3133 -0.7036
vn 0.3870 0.8173 -0.4270
vn 0.6267 -0.3595 -0.6914
vn 0.4135 0.7880 -0.4562
vn 0.6141 -0.4048 -0.6775
vn 0.4389 0.7568 -0.4843
vn 0.6262 -0.5345 -0.5676
vn 0.5613 0.6527 -0.5088
vn 0.6060 -0.5753 -0.5493
vn 0.5844 0.6148 -0.5297
vn 0.5844 -0.6148 -0.5297
vn 0.6060 0.5753 -0.5493
vn 0.5613 -0.6527 -0.5088
vn 0.6262 0.5345 -0.5676
vn 0.5369 -0.6891 -0.4867
vn 0.6449 0.4924 -0.5845
vn 0.5112 -0.7238 -0.4634
vn 0.6620 0.4492 -0.6000
vn 0.4843 -0.7568 -0.4389
vn 0.6775 0.4048 -0.6141
vn 0.4562 -0.7880 -0.4135
vn 0.6914 0.3595 -0.6267
vn 0.4270 -0.8173 -0.3870
vn 0.7036 0.3133 -0.6377
vn 0.3967 -0.8446 -0.3596
vn 0.7142 0.2664 -0.6473
vn 0.0182 0.9997 -0.0165
vn 0.3655 -0.8698 -0.3313
vn 0.7230 0.2188 -0.6553
vn 0.0546 0.9973 -0.0495
vn 0.3335 -0.8930 -0.3022
vn 0.7301 0.1708 -0.6617
vn 0.0908 0.9925 -0.0823
vn 0.3006 -0.9140 -0.2724
vn 0.7354 0.1223 -0.6665
vn 0.1268 0.9852 -0.1149
vn 0.2669 -0.9328 -0.2419
vn 0.7389 0.0735 -0.6697
vn 0.1625 0.9756 -0.1473
vn 0.2327 -0.9494 -0.2109
vn 0.7407 0.0245 -0.6714
vn 0.1978 0.9637 -0.1793
vn 0.1978 -0.9637 -0.1793
vn 0.7407 -0.0245 -0.6714
vn 0.2327 0.9494 -0.2109
vn 0.1625 -0.9756 -0.1473
vn 0.7389 -0.0735 -0.6697
vn 0.2669 0.9328 -0.2419
vn 0.1268 -0.9852 -0.1149
vn 0.7354 -0.1223 -0.6665
vn 0.3006 0.9140 -0.2724
vn 0.0908 -0.9925 -0.0823
vn 0.7301 -0.1708 -0.6617
vn 0.3335 0.8930 -0.3022
vn 0.0546 -0.9973 -0.0495
vn 0.7230 -0.2188 -0.6553
vn 0.3655 0.8698 -0.3313
vn 0.0182 -0.9997 -0.0165
vn 0.7142 -0.2664 -0.6473
vn 0.3967 0.8446 -0.3596
vn 0.7036 -0.3133 -0.6377
vn 0.4270 0.8173 -0.3870
vn 0.6914 -0.3595 -0.6267
vn 0.4562 0.7880 -0.4135
vn 0.6775 -0.4048 -0.6141
vn 0.4843 0.7568 -0.4389
vn 0.6620 -0.4492 -0.6000
vn 0.5112 0.7238 -0.4634
vn 0.6449 -0.4924 -0.5845
vn 0.5369 0.6891 -0.4867
vn 0.6335 -0.6148 -0.4698
vn 0.6570 0.5753 -0.4872
vn 0.6085 -0.6527 -0.4513
vn 0.6788 0.5345 -0.5035
vn 0.5821 -0.6891 -0.4317
vn 0.6991 0.4924 -0.5185
vn 0.5542 -0.7238 -0.4110
vn 0.7176 0.4492 -0.5322
vn 0.5250 -0.7568 -0.3894
vn 0.7344 0.4048 -0.5447
vn 0.4945 -0.7880 -0.3668
vn 0.7495 0.3595 -0.5559
vn 0.4629 -0.8173 -0.3433
vn 0.7628 0.3133 -0.5657
vn 0.4301 -0.8446 -0.3190
vn 0.7742 0.2664 -0.5742
vn 0.0197 0.9997 -0.0146
vn 0.3963 -0.8698 -0.2939
vn 0.7837 0.2189 -0.5813
vn 0.0592 0.9973 -0.0439
vn 0.3615 -0.8930 -0.2681
vn 0.7914 0.1708 -0.5869
vn 0.0984 0.9925 -0.0730
vn 0.3258 -0.9140 -0.2416
vn 0.7972 0.1223 -0.5912
vn 0.1375 0.9852 -0.1020
vn 0.2894 -0.9328 -0.2146
vn 0.8010 0.0735 -0.5941
vn 0.1762 0.9756 -0.1307
vn 0.2522 -0.9494 -0.1871
vn 0.8030 0.0245 -0.5955
vn 0.2145 0.9637 -0.1591
vn 0.2145 -0.9637 -0.1591
vn 0.8030 -0.0245 -0.5955
vn 0.2522 0.9494 -0.1871
vn 0.1762 -0.9756 -0.1307
vn 0.8010 -0.0735 -0.5941
vn 0.2894 0.9328 -0.2146
vn 0.1375 -0.9852 -0.1020
vn 0.7972 -0.1223 -0.5912
vn 0.3258 0.9140 -0.2416
vn 0.0984 -0.9925 -0.0730
vn 0.7914 -0.1708 -0.5869
vn 0.3615 0.8930 -0.2681
vn 0.0592 -0.9973 -0.0439
vn 0.7837 -0.2189 -0.5813
vn 0.3963 0.8698 -0.2939
vn 0.0197 -0.9997 -0.0146
vn 0.7742 -0.2664 -0.5742
vn 0.4301 0.8446 -0.3190
vn 0.7628 -0.3133 -0.5657
vn 0.4629 0.8173 -0.3433
vn 0.7495 -0.3595 -0.5559
vn 0.4945 0.7880 -0.3668
vn 0.7344 -0.4048 -0.5447
vn 0.5250 0.7568 -0.3894
vn 0.7176 -0.4492 -0.5322
vn 0.5542 0.7238 -0.4110
vn 0.6991 -0.4924 -0.5185
vn 0.5821 0.6891 -0.4317
vn 0.6788 -0.5345 -0.5035
vn 0.6085 0.6527 -0.4513
vn 0.6570 -0.5753 -0.4872
vn 0.6335 0.6148 -0.4698
vn 0.6216 -0.6891 -0.3726
vn 0.7465 0.4924 -0.4474
vn 0.5918 -0.7238 -0.3547
vn 0.7663 0.4492 -0.4593
vn 0.5606 -0.7568 -0.3360
vn 0.7843 0.4048 -0.4701
vn 0.5281 -0.7880 -0.3165
vn 0.8004 0.3595 -0.4797
vn 0.4943 -0.8173 -0.2963
vn 0.8145 0.3133 -0.4882
vn 0.4593 -0.8446 -0.2753
vn 0.8267 0.2664 -0.4955
vn 0.0211 0.9997 -0.0126
vn 0.4232 -0.8698 -0.2536
vn 0.8369 0.2189 -0.5016
vn 0.0632 0.9973 -0.0379
vn 0.3860 -0.8930 -0.2314
vn 0.8451 0.1708 -0.5066
vn 0.1051 0.9925 -0.0630
vn 0.3479 -0.9140 -0.2085
vn 0.8513 0.1223 -0.5102
vn 0.1468 0.9852 -0.0880
vn 0.3090 -0.9328 -0.1852
vn 0.8554 0.0735 -0.5127
vn 0.1881 0.9756 -0.1128
vn 0.2693 -0.9494 -0.1614
vn 0.8575 0.0245 -0.5139
vn 0.2290 0.9637 -0.1373
vn 0.2290 -0.9637 -0.1373
vn 0.8575 -0.0245 -0.5139
vn 0.2693 0.9494 -0.1614
vn 0.1881 -0.9756 -0.1128
vn 0.8554 -0.0735 -0.5127
vn 0.3090 0.9328 -0.1852
vn 0.1468 -0.9852 -0.0880
vn 0.8513 -0.1223 -0.5102
vn 0.3479 0.9140 -0.2085
vn 0.1051 -0.9925 -0.0630
vn 0.8451 -0.1708 -0.5066
vn 0.3860 0.8930 -0.2314
vn 0.0632 -0.9973 -0.0379
vn 0.8369 -0.2189 -0.5016
vn 0.4232 0.8698 -0.2536
vn 0.0211 -0.9997 -0.0126
vn 0.8267 -0.2664 -0.4955
vn 0.4593 0.8446 -0.2753
vn 0.8145 -0.3133 -0.4882
vn 0.4943 0.8173 -0.2963
vn 0.8004 -0.3595 -0.4797
vn 0.5281 0.7880 -0.3165
vn 0.7843 -0.4048 -0.4701
vn 0.5606 0.7568 -0.3360
vn 0.7663 -0.4492 -0.4593
vn 0.5918 0.7238 -0.3547
vn 0.7465 -0.4924 -0.4474
vn 0.6216 0.6891 -0.3726
vn 0.7249 -0.5345 -0.4345
vn 0.6498 0.6527 -0.3895
vn 0.7015 -0.5753 -0.4205
vn 0.6765 0.6148 -0.4055
vn 0.6765 -0.6148 -0.4055
vn 0.7015 0.5753 -0.4205
vn 0.6498 -0.6527 -0.3895
vn 0.7249 0.5345 -0.4345
vn 0.5909 -0.7568 -0.2795
vn 0.8266 0.4048 -0.3910
vn 0.5566 -0.7880 -0.2632
vn 0.8435 0.3595 -0.3990
vn 0.5209 -0.8173 -0.2464
vn 0.8585 0.3133 -0.4060
vn 0.4840 -0.8446 -0.2289
vn 0.8713 0.2664 -0.4121
vn 0.0222 0.9997 -0.0105
vn 0.4460 -0.8698 -0.2109
vn 0.8821 0.2189 -0.4172
vn 0.0666 0.9973 -0.0315
vn 0.4068 -0.8930 -0.1924
vn 0.8907 0.1708 -0.4213
vn 0.1108 0.9925 -0.0524
vn 0.3667 -0.9140 -0.1734
vn 0.8972 0.1223 -0.4243
vn 0.1547 0.9852 -0.0732
vn 0.3257 -0.9328 -0.1540
vn 0.9015 0.0735 -0.4264
vn 0.1983 0.9756 -0.0938
vn 0.2839 -0.9494 -0.1343
vn 0.9037 0.0245 -0.4274
vn 0.2414 0.9637 -0.1142
vn 0.2414 -0.9637 -0.1142
vn 0.9037 -0.0245 -0.4274
vn 0.2839 0.9494 -0.1343
vn 0.1983 -0.9756 -0.0938
vn 0.9015 -0.0735 -0.4264
vn 0.3257 0.9328 -0.1540
vn 0.1547 -0.9852 -0.0732
vn 0.8972 -0.1223 -0.4243
vn 0.3667 0.9140 -0.1734
vn 0.1108 -0.9925 -0.0524
vn 0.8907 -0.1708 -0.4213
vn 0.4068 0.8930 -0.1924
vn 0.0666 -0.9973 -0.0315
vn 0.8821 -0.2189 -0.4172
vn 0.4460 0.8698 -0.2109
vn 0.0222 -0.9997 -0.0105
vn 0.8713 -0.2664 -0.4121
vn 0.4840 0.8446 -0.2289
vn 0.8585 -0.3133 -0.4060
vn 0.5209 0.8173 -0.2464
vn 0.8435 -0.3595 -0.3990
vn 0.5566 0.7880 -0.2632
vn 0.8266 -0.4048 -0.3910
vn 0.5909 0.7568 -0.2795
vn 0.8077 -0.4492 -0.3820
vn 0.6237 0.7238 -0.2950
vn 0.7868 -0.4924 -0.3721
vn 0.6551 0.6891 -0.3098
vn 0.7640 -0.5345 -0.3613
vn 0.6849 0.6527 -0.3239
vn 0.7394 -0.5753 -0.3497
vn 0.7130 0.6148 -0.3372
vn 0.7130 -0.6148 -0.3372
vn 0.7394 0.5753 -0.3497
vn 0.6849 -0.6527 -0.3239
vn 0.7640 0.5345 -0.3613
vn 0.6551 -0.6891 -0.3098
vn 0.7868 0.4924 -0.3721
vn 0.6237 -0.7238 -0.2950
vn 0.8077 0.4492 -0.3820
vn 0.5426 -0.8173 -0.1941
vn 0.8941 0.3133 -0.3199
vn 0.5042 -0.8446 -0.1804
vn 0.9075 0.2664 -0.3247
vn 0.0231 0.9997 -0.0083
vn 0.4645 -0.8698 -0.1662
vn 0.9187 0.2189 -0.3287
vn 0.0693 0.9973 -0.0248
vn 0.4237 -0.8930 -0.1516
vn 0.9277 0.1708 -0.3319
vn 0.1154 0.9925 -0.0413
vn 0.3819 -0.9140 -0.1367
vn 0.9345 0.1223 -0.3344
vn 0.1612 0.9852 -0.0577
vn 0.3392 -0.9328 -0.1214
vn 0.9390 0.0735 -0.3360
vn 0.2065 0.9756 -0.0739
vn 0.2957 -0.9494 -0.1058
vn 0.9413 0.0245 -0.3368
vn 0.2514 0.9637 -0.0900
vn 0.2514 -0.9637 -0.0900
vn 0.9413 -0.0245 -0.3368
vn 0.2957 0.9494 -0.1058
vn 0.2065 -0.9756 -0.0739
vn 0.9390 -0.0735 -0.3360
vn 0.3392 0.9328 -0.1214
vn 0.1612 -0.9852 -0.0577
vn 0.9345 -0.1223 -0.3344
vn 0.3819 0.9140 -0.1367
vn 0.1154 -0.9925 -0.0413
vn 0.9277 -0.1708 -0.3319
vn 0.4237 0.8930 -0.1516
vn 0.0693 -0.9973 -0.0248
vn 0.9187 -0.2189 -0.3287
vn 0.4645 0.8698 -0.1662
vn 0.0231 -0.9997 -0.0083
vn 0.9075 -0.2664 -0.3247
vn 0.5042 0.8446 -0.1804
vn 0.8941 -0.3133 -0.3199
vn 0.5426 0.8173 -0.1941
vn 0.8786 -0.3595 -0.3144
vn 0.5797 0.7880 -0.2074
vn 0.8609 -0.4048 -0.3080
vn 0.6154 0.7568 -0.2202
vn 0.8412 -0.4492 -0.3010
vn 0.6496 0.7238 -0.2324
vn 0.8195 -0.4924 -0.2932
vn 0.6823 0.6891 -0.2441
vn 0.7957 -0.5345 -0.2847
vn 0.7133 0.6527 -0.2552
vn 0.7701 -0.5753 -0.2755
vn 0.7426 0.6148 -0.2657
vn 0.7426 -0.6148 -0.2657
vn 0.7701 0.5753 -0.2755
vn 0.7133 -0.6527 -0.2552
vn 0.7957 0.5345 -0.2847
vn 0.6823 -0.6891 -0.2441
vn 0.8195 0.4924 -0.2932
vn 0.6496 -0.7238 -0.2324
vn 0.8412 0.4492 -0.3010
vn 0.6154 -0.7568 -0.2202
vn 0.8609 0.4048 -0.3080
vn 0.5797 -0.7880 -0.2074
vn 0.8786 0.3595 -0.3144
vn 0.0238 0.9997 -0.0060
vn 0.5194 -0.8446 -0.1301
vn 0.9350 0.2664 -0.2342
vn 0.0714 0.9973 -0.0179
vn 0.4786 -0.8698 -0.1199
vn 0.9465 0.2189 -0.2371
vn 0.1189 0.9925 -0.0298
vn 0.4366 -0.8930 -0.1094
vn 0.9558 0.1708 -0.2394
vn 0.1660 0.9852 -0.0416
vn 0.3935 -0.9140 -0.0986
vn 0.9628 0.1223 -0.2412
vn 0.2128 0.9756 -0.0533
vn 0.3495 -0.9328 -0.0875
vn 0.9674 0.0735 -0.2423
vn 0.2590 0.9637 -0.0649
vn 0.3046 -0.9494 -0.0763
vn 0.9697 0.0245 -0.2429
vn 0.3046 0.9494 -0.0763
vn 0.2590 -0.9637 -0.0649
vn 0.9697 -0.0245 -0.2429
vn 0.3495 0.9328 -0.0875
vn 0.2128 -0.9756 -0.0533
vn 0.9674 -0.0735 -0.2423
vn 0.3935 0.9140 -0.0986
vn 0.1660 -0.9852 -0.0416
vn 0.9628 -0.1223 -0.2412
vn 0.4366 0.8930 -0.1094
vn 0.1189 -0.9925 -0.0298
vn 0.9558 -0.1708 -0.2394
vn 0.4786 0.8698 -0.1199
vn 0.0714 -0.9973 -0.0179
vn 0.9465 -0.2189 -0.2371
vn 0.5194 0.8446 -0.1301
vn 0.0238 -0.9997 -0.0060
vn 0.9350 -0.2664 -0.2342
vn 0.5590 0.8173 -0.1400
vn 0.9212 -0.3133 -0.2307
vn 0.5972 0.7880 -0.1496
vn 0.9052 -0.3595 -0.2267
vn 0.6340 0.7568 -0.1588
vn 0.8870 -0.4048 -0.2222
vn 0.6693 0.7238 -0.1677
vn 0.8667 -0.4492 -0.2171
vn 0.7029 0.6891 -0.1761
vn 0.8443 -0.4924 -0.2115
vn 0.7349 0.6527 -0.1841
vn 0.8198 -0.5345 -0.2054
vn 0.7651 0.6148 -0.1916
vn 0.7934 -0.5753 -0.1987
vn 0.7934 0.5753 -0.1987
vn 0.7651 -0.6148 -0.1916
vn 0.8198 0.5345 -0.2054
vn 0.7349 -0.6527 -0.1841
vn 0.8443 0.4924 -0.2115
vn 0.7029 -0.6891 -0.1761
vn 0.8667 0.4492 -0.2171
vn 0.6693 -0.7238 -0.1677
vn 0.8870 0.4048 -0.2222
vn 0.6340 -0.7568 -0.1588
vn 0.9052 0.3595 -0.2267
vn 0.5972 -0.7880 -0.1496
vn 0.9212 0.3133 -0.2307
vn 0.5590 -0.8173 -0.1400
vn 0.4452 -0.8930 -0.0660
vn 0.9746 0.1708 -0.1446
vn 0.1212 0.9925 -0.0180
vn 0.4013 -0.9140 -0.0595
vn 0.9818 0.1223 -0.1456
vn 0.1693 0.9852 -0.0251
vn 0.3564 -0.9328 -0.0529
vn 0.9865 0.0735 -0.1463
vn 0.2170 0.9756 -0.0322
vn 0.3106 -0.9494 -0.0461
vn 0.9889 0.0245 -0.1467
vn 0.2641 0.9637 -0.0392
vn 0.2641 -0.9637 -0.0392
vn 0.9889 -0.0245 -0.1467
vn 0.3106 0.9494 -0.0461
vn 0.2170 -0.9756 -0.0322
vn 0.9865 -0.0735 -0.1463
vn 0.3564 0.9328 -0.0529
vn 0.1693 -0.9852 -0.0251
vn 0.9818 -0.1223 -0.1456
vn 0.4013 0.9140 -0.0595
vn 0.1212 -0.9925 -0.0180
vn 0.9746 -0.1708 -0.1446
vn 0.4452 0.8930 -0.0660
vn 0.0729 -0.9973 -0.0108
vn 0.9652 -0.2189 -0.1432
vn 0.4880 0.8698 -0.0724
vn 0.0243 -0.9997 -0.0036
vn 0.9534 -0.2664 -0.1414
vn 0.5297 0.8446 -0.0786
vn 0.9394 -0.3133 -0.1393
vn 0.5700 0.8173 -0.0846
vn 0.9230 -0.3595 -0.1369
vn 0.6090 0.7880 -0.0903
vn 0.9045 -0.4048 -0.1342
vn 0.6465 0.7568 -0.0959
vn 0.8838 -0.4492 -0.1311
vn 0.6825 0.7238 -0.1012
vn 0.8609 -0.4924 -0.1277
vn 0.7168 0.6891 -0.1063
vn 0.8360 -0.5345 -0.1240
vn 0.7494 0.6527 -0.1112
vn 0.8091 -0.5753 -0.1200
vn 0.7802 0.6148 -0.1157
vn 0.7802 -0.6148 -0.1157
vn 0.8091 0.5753 -0.1200
vn 0.7494 -0.6527 -0.1112
vn 0.8360 0.5345 -0.1240
vn 0.7168 -0.6891 -0.1063
vn 0.8609 0.4924 -0.1277
vn 0.6825 -0.7238 -0.1012
vn 0.8838 0.4492 -0.1311
vn 0.6465 -0.7568 -0.0959
vn 0.9045 0.4048 -0.1342
vn 0.6090 -0.7880 -0.0903
vn 0.9230 0.3595 -0.1369
vn 0.5700 -0.8173 -0.0846
vn 0.9394 0.3133 -0.1393
vn 0.5297 -0.8446 -0.0786
vn 0.9534 0.2664 -0.1414
vn 0.0243 0.9997 -0.0036
vn 0.4880 -0.8698 -0.0724
vn 0.9652 0.2189 -0.1432
vn 0.0729 0.9973 -0.0108
vn 0.3598 -0.9328 -0.0177
vn 0.9961 0.0735 -0.0489
vn 0.2191 0.9756 -0.0108
vn 0.3136 -0.9494 -0.0154
vn 0.9985 0.0245 -0.0491
vn 0.2667 0.9637 -0.0131
vn 0.2667 -0.9637 -0.0131
vn 0.9985 -0.0245 -0.0491
vn 0.3136 0.9494 -0.0154
vn 0.2191 -0.9756 -0.0108
vn 0.9961 -0.0735 -0.0489
vn 0.3598 0.9328 -0.0177
vn 0.1710 -0.9852 -0.0084
vn 0.9913 -0.1223 -0.0487
vn 0.4052 0.9140 -0.0199
vn 0.1224 -0.9925 -0.0060
vn 0.9841 -0.1708 -0.0483
vn 0.4495 0.8930 -0.0221
vn 0.0736 -0.9973 -0.0036
vn 0.9746 -0.2189 -0.0479
vn 0.4928 0.8698 -0.0242
vn 0.0245 -0.9997 -0.0012
vn 0.9627 -0.2664 -0.0473
vn 0.5348 0.8446 -0.0263
vn 0.9485 -0.3133 -0.0466
vn 0.5756 0.8173 -0.0283
vn 0.9320 -0.3595 -0.0458
vn 0.6149 0.7880 -0.0302
vn 0.9133 -0.4048 -0.0449
vn 0.6528 0.7568 -0.0321
vn 0.8924 -0.4492 -0.0438
vn 0.6891 0.7238 -0.0339
vn 0.8693 -0.4924 -0.0427
vn 0.7238 0.6891 -0.0356
vn 0.8441 -0.5345 -0.0415
vn 0.7567 0.6527 -0.0372
vn 0.8169 -0.5753 -0.0401
vn 0.7878 0.6148 -0.0387
vn 0.7878 -0.6148 -0.0387
vn 0.8169 0.5753 -0.0401
vn 0.7567 -0.6527 -0.0372
vn 0.8441 0.5345 -0.0415
vn 0.7238 -0.6891 -0.0356
vn 0.8693 0.4924 -0.0427
vn 0.6891 -0.7238 -0.0339
vn 0.8924 0.4492 -0.0438
vn 0.6528 -0.7568 -0.0321
vn 0.9133 0.4048 -0.0449
vn 0.6149 -0.7880 -0.0302
vn 0.9320 0.3595 -0.0458
vn 0.5756 -0.8173 -0.0283
vn 0.9485 0.3133 -0.0466
vn 0.5348 -0.8446 -0.0263
vn 0.9627 0.2664 -0.0473
vn 0.0245 0.9997 -0.0012
vn 0.4928 -0.8698 -0.0242
vn 0.9746 0.2189 -0.0479
vn 0.0736 0.9973 -0.0036
vn 0.4495 -0.8930 -0.0221
vn 0.9841 0.1708 -0.0483
vn 0.1224 0.9925 -0.0060
vn 0.4052 -0.9140 -0.0199
vn 0.9913 0.1223 -0.0487
vn 0.1710 0.9852 -0.0084
vn 0.2667 -0.9637 0.0131
vn 0.9985 -0.0245 0.0491
vn 0.3136 0.9494 0.0154
vn 0.2191 -0.9756 0.0108
vn 0.9961 -0.0735 0.0489
vn 0.3598 0.9328 0.0177
vn 0.1710 -0.9852 0.0084
vn 0.9913 -0.1223 0.0487
vn 0.4052 0.9140 0.0199
vn 0.1224 -0.9925 0.0060
vn 0.9841 -0.1708 0.0483
vn 0.4495 0.8930 0.0221
vn 0.0736 -0.9973 0.0036
vn 0.9746 -0.2189 0.0479
vn 0.4928 0.8698 0.0242
vn 0.0245 -0.9997 0.0012
vn 0.9627 -0.2664 0.0473
vn 0.5348 0.8446 0.0263
vn 0.9485 -0.3133 0.0466
vn 0.5756 0.8173 0.0283
vn 0.9320 -0.3595 0.0458
vn 0.6150 0.7880 0.0302
vn 0.9133 -0.4048 0.0449
vn 0.6528 0.7568 0.0321
vn 0.8924 -0.4492 0.0438
vn 0.6891 0.7238 0.0339
vn 0.8693 -0.4924 0.0427
vn 0.7238 0.6891 0.0356
vn 0.8441 -0.5345 0.0415
vn 0.7567 0.6527 0.0372
vn 0.8169 -0.5753 0.0401
vn 0.7878 0.6148 0.0387
vn 0.7878 -0.6148 0.0387
vn 0.8169 0.5753 0.0401
vn 0.7567 -0.6527 0.0372
vn 0.8441 0.5345 0.0415
vn 0.7238 -0.6891 0.0356
vn 0.8693 0.4924 0.0427
vn 0.6891 -0.7238 0.0339
vn 0.8924 0.4492 0.0438
vn 0.6528 -0.7568 0.0321
vn 0.9133 0.4048 0.0449
vn 0.6150 -0.7880 0.0302
vn 0.9320 0.3595 0.0458
vn 0.5756 -0.8173 0.0283
vn 0.9485 0.3133 0.0466
vn 0.5348 -0.8446 0.0263
vn 0.9627 0.2664 0.0473
vn 0.0245 0.9997 0.0012
vn 0.4928 -0.8698 0.0242
vn 0.9746 0.2189 0.0479
vn 0.0736 0.9973 0.0036
vn 0.4495 -0.8930 0.0221
vn 0.9841 0.1708 0.0483
vn 0.1224 0.9925 0.0060
vn 0.4052 -0.9140 0.0199
vn 0.9913 0.1223 0.0487
vn 0.1710 0.9852 0.0084
vn 0.3598 -0.9328 0.0177
vn 0.9961 0.0735 0.0489
vn 0.2191 0.9756 0.0108
vn 0.3136 -0.9494 0.0154
vn 0.9985 0.0245 0.0491
vn 0.2667 0.9637 0.0131
vn 0.1693 -0.9852 0.0251
vn 0.9818 -0.1223 0.1456
vn 0.4013 0.9140 0.0595
vn 0.1212 -0.9925 0.0180
vn 0.9746 -0.1708 0.1446
vn 0.4452 0.8930 0.0660
vn 0.0729 -0.9973 0.0108
vn 0.9652 -0.2189 0.1432
vn 0.4880 0.8698 0.0724
vn 0.0243 -0.9997 0.0036
vn 0.9534 -0.2664 0.1414
vn 0.5297 0.8446 0.0786
vn 0.9394 -0.3133 0.1393
vn 0.5700 0.8173 0.0846
vn 0.9230 -0.3595 0.1369
vn 0.6090 0.7880 0.0903
vn 0.9045 -0.4048 0.1342
vn 0.6465 0.7568 0.0959
vn 0.8838 -0.4492 0.1311
vn 0.6825 0.7238 0.1012
vn 0.8609 -0.4924 0.1277
vn 0.7168 0.6891 0.1063
vn 0.8360 -0.5345 0.1240
vn 0.7494 0.6527 0.1112
vn 0.8091 -0.5753 0.1200
vn 0.7802 0.6148 0.1157
vn 0.7802 -0.6148 0.1157
vn 0.8091 0.5753 0.1200
vn 0.7494 -0.6527 0.1112
vn 0.8360 0.5345 0.1240
vn 0.7168 -0.6891 0.1063
vn 0.8609 0.4924 0.1277
vn 0.6825 -0.7238 0.1012
vn 0.8838 0.4492 0.1311
vn 0.6465 -0.7568 0.0959
vn 0.9045 0.4048 0.1342
vn 0.6090 -0.7880 0.0903
vn 0.9230 0.3595 0.1369
vn 0.5700 -0.8173 0.0846
vn 0.9394 0.3133 0.1393
vn 0.5297 -0.8446 0.0786
vn 0.9534 0.2664 0.1414
vn 0.0243 0.9997 0.0036
vn 0.4880 -0.8698 0.0724
vn 0.9652 0.2189 0.1432
vn 0.0729 0.9973 0.0108
vn 0.4452 -0.8930 0.0660
vn 0.9746 0.1708 0.1446
vn 0.1212 0.9925 0.0180
vn 0.4013 -0.9140 0.0595
vn 0.9818 0.1223 0.1456
vn 0.1693 0.9852 0.0251
vn 0.3564 -0.9328 0.0529
vn 0.9865 0.0735 0.1463
vn 0.2170 0.9756 0.0322
vn 0.3106 -0.9494 0.0461
vn 0.9889 0.0245 0.1467
vn 0.2641 0.9637 0.0392
vn 0.2641 -0.9637 0.0392
vn 0.9889 -0.0245 0.1467
vn 0.3106 0.9494 0.0461
vn 0.2170 -0.9756 0.0322
vn 0.9865 -0.0735 0.1463
vn 0.3564 0.9328 0.0529
vn 0.0714 -0.9973 0.0179
vn 0.9465 -0.2189 0.2371
vn 0.4786 0.8698 0.1199
vn 0.0238 -0.9997 0.0060
vn 0.9350 -0.2664 0.2342
vn 0.5194 0.8446 0.1301
vn 0.9212 -0.3133 0.2307
vn 0.5590 0.8173 0.1400
vn 0.9052 -0.3595 0.2267
vn 0.5972 0.7880 0.1496
vn 0.8870 -0.4048 0.2222
vn 0.6340 0.7568 0.1588
vn 0.8667 -0.4492 0.2171
vn 0.6693 0.7238 0.1677
vn 0.8443 -0.4924 0.2115
vn 0.7029 0.6891 0.1761
vn 0.8198 -0.5345 0.2054
vn 0.7349 0.6527 0.1841
vn 0.7934 -0.5753 0.1987
vn 0.7651 0.6148 0.1916
vn 0.7651 -0.6148 0.1916
vn 0.7934 0.5753 0.1987
vn 0.7349 -0.6527 0.1841
vn 0.8198 0.5345 0.2054
vn 0.7029 -0.6891 0.1761
vn 0.8443 0.4924 0.2115
vn 0.6693 -0.7238 0.1677
vn 0.8667 0.4492 0.2171
vn 0.6340 -0.7568 0.1588
vn 0.8870 0.4048 0.2222
vn 0.5972 -0.7880 0.1496
vn 0.9052 0.3595 0.2267
vn 0.5590 -0.8173 0.1400
vn 0.9212 0.3133 0.2307
vn 0.5194 -0.8446 0.1301
vn 0.9350 0.2664 0.2342
vn 0.0238 0.9997 0.0060
vn 0.4786 -0.8698 0.1199
vn 0.9465 0.2189 0.2371
vn 0.0714 0.9973 0.0179
vn 0.4366 -0.8930 0.1094
vn 0.9558 0.1708 0.2394
vn 0.1189 0.9925 0.0298
vn 0.3935 -0.9140 0.0986
vn 0.9628 0.1223 0.2412
vn 0.1660 0.9852 0.0416
vn 0.3495 -0.9328 0.0875
vn 0.9674 0.0735 0.2423
vn 0.2128 0.9756 0.0533
vn 0.3046 -0.9494 0.0763
vn 0.9697 0.0245 0.2429
vn 0.2590 0.9637 0.0649
vn 0.2590 -0.9637 0.0649
vn 0.9697 -0.0245 0.2429
vn 0.3046 0.9494 0.0763
vn 0.2128 -0.9756 0.0533
vn 0.9674 -0.0735 0.2423
vn 0.3495 0.9328 0.0875
vn 0.1660 -0.9852 0.0416
vn 0.9628 -0.1223 0.2412
vn 0.3935 0.9140 0.0986
vn 0.1189 -0.9925 0.0298
vn 0.9558 -0.1708 0.2394
vn 0.4366 0.8930 0.1094
vn 0.8941 -0.3133 0.3199
vn 0.5426 0.8173 0.1941
vn 0.8786 -0.3595 0.3144
vn 0.5797 0.7880 0.2074
vn 0.8609 -0.4048 0.3080
vn 0.6154 0.7568 0.2202
vn 0.8412 -0.4492 0.3010
vn 0.6496 0.7238 0.2324
vn 0.8195 -0.4924 0.2932
vn 0.6823 0.6891 0.2441
vn 0.7957 -0.5345 0.2847
vn 0.7133 0.6527 0.2552
vn 0.7701 -0.5753 0.2755
vn 0.7426 0.6148 0.2657
vn 0.7426 -0.6148 0.2657
vn 0.7701 0.5753 0.2755
vn 0.7133 -0.6527 0.2552
vn 0.7957 0.5345 0.2847
vn 0.6823 -0.6891 0.2441
vn 0.8195 0.4924 0.2932
vn 0.6496 -0.7238 0.2324
vn 0.8412 0.4492 0.3010
vn 0.6154 -0.7568 0.2202
vn 0.8609 0.4048 0.3080
vn 0.5797 -0.7880 0.2074
vn 0.8786 0.3595 0.3144
vn 0.5426 -0.8173 0.1941
vn 0.8941 0.3133 0.3199
vn 0.5042 -0.8446 0.1804
vn 0.9075 0.2664 0.3247
vn 0.0232 0.9997 0.0083
vn 0.4645 -0.8698 0.1662
vn 0.9187 0.2189 0.3287
vn 0.0693 0.9973 0.0248
vn 0.4237 -0.8930 0.1516
vn 0.9277 0.1708 0.3319
vn 0.1154 0.9925 0.0413
vn 0.3819 -0.9140 0.1367
vn 0.9345 0.1223 0.3344
vn 0.1612 0.9852 0.0577
vn 0.3392 -0.9328 0.1214
vn 0.9390 0.0735 0.3360
vn 0.2065 0.9756 0.0739
vn 0.2957 -0.9494 0.1058
vn 0.9413 0.0245 0.3368
vn 0.2514 0.9637 0.0900
vn 0.2514 -0.9637 0.0900
vn 0.9413 -0.0245 0.3368
vn 0.2957 0.9494 0.1058
vn 0.2065 -0.9756 0.0739
vn 0.9390 -0.0735 0.3360
vn 0.3392 0.9328 0.1214
vn 0.1612 -0.9852 0.0577
vn 0.9345 -0.1223 0.3344
vn 0.3819 0.9140 0.1367
vn 0.1154 -0.9925 0.0413
vn 0.9277 -0.1708 0.3319
vn 0.4237 0.8930 0.1516
vn 0.0693 -0.9973 0.0248
vn 0.9187 -0.2189 0.3287
vn 0.4645 0.8698 0.1662
vn 0.0231 -0.9997 0.0083
vn 0.9075 -0.2664 0.3247
vn 0.5042 0.8446 0.1804
vn 0.8266 -0.4048 0.3910
vn 0.5909 0.7568 0.2795
vn 0.8077 -0.4492 0.3820
vn 0.6237 0.7238 0.2950
vn 0.7868 -0.4924 0.3721
vn 0.6551 0.6891 0.3098
vn 0.7640 -0.5345 0.3613
vn 0.6849 0.6527 0.3239
vn 0.7394 -0.5753 0.3497
vn 0.7130 0.6148 0.3372
vn 0.7130 -0.6148 0.3372
vn 0.7394 0.5753 0.3497
vn 0.6849 -0.6527 0.3239
vn 0.7640 0.5345 0.3613
vn 0.6551 -0.6891 0.3098
vn 0.7868 0.4924 0.3721
vn 0.6237 -0.7238 0.2950
vn 0.8077 0.4492 0.3820
vn 0.5909 -0.7568 0.2795
vn 0.8266 0.4048 0.3910
vn 0.5566 -0.7880 0.2632
vn 0.8435 0.3595 0.3990
vn 0.5209 -0.8173 0.2464
vn 0.8585 0.3133 0.4060
vn 0.4840 -0.8446 0.2289
vn 0.8713 0.2664 0.4121
vn 0.0222 0.9997 0.0105
vn 0.4460 -0.8698 0.2109
vn 0.8821 0.2189 0.4172
vn 0.0666 0.9973 0.0315
vn 0.4068 -0.8930 0.1924
vn 0.8907 0.1708 0.4213
vn 0.1108 0.9925 0.0524
vn 0.3667 -0.9140 0.1734
vn 0.8972 0.1223 0.4243
vn 0.1547 0.9852 0.0732
vn 0.3257 -0.9328 0.1540
vn 0.9015 0.0735 0.4264
vn 0.1983 0.9756 0.0938
vn 0.2839 -0.9494 0.1343
vn 0.9037 0.0245 0.4274
vn 0.2414 0.9637 0.1142
vn 0.2414 -0.9637 0.1142
vn 0.9037 -0.0245 0.4274
vn 0.2839 0.9494 0.1343
vn 0.1983 -0.9756 0.0938
vn 0.9015 -0.0735 0.4264
vn 0.3257 0.9328 0.1540
vn 0.1547 -0.9852 0.0732
vn 0.8972 -0.1223 0.4243
vn 0.3667 0.9140 0.1734
vn 0.1108 -0.9925 0.0524
vn 0.8907 -0.1708 0.4213
vn 0.4068 0.8930 0.1924
vn 0.0666 -0.9973 0.0315
vn 0.8821 -0.2189 0.4172
vn 0.4460 0.8698 0.2109
vn 0.0222 -0.9997 0.0105
vn 0.8713 -0.2664 0.4121
vn 0.4840 0.8446 0.2289
vn 0.8585 -0.3133 0.4060
vn 0.5209 0.8173 0.2464
vn 0.8435 -0.3595 0.3990
vn 0.5566 0.7880 0.2632
vn 0.7465 -0.4924 0.4474
vn 0.6216 0.6891 0.3726
vn 0.7249 -0.5345 0.4345
vn 0.6498 0.6527 0.3895
vn 0.7015 -0.5753 0.4205
vn 0.6765 0.6148 0.4055
vn 0.6765 -0.6148 0.4055
vn 0.7015 0.5753 0.4205
vn 0.6498 -0.6527 0.3895
vn 0.7249 0.5345 0.4345
vn 0.6216 -0.6891 0.3726
vn 0.7465 0.4924 0.4474
vn 0.5918 -0.7238 0.3547
vn 0.7663 0.4492 0.4593
vn 0.5606 -0.7568 0.3360
vn 0.7843 0.4048 0.4701
vn 0.5281 -0.7880 0.3165
vn 0.8004 0.3595 0.4797
vn 0.4943 -0.8173 0.2963
vn 0.8145 0.3133 0.4882
vn 0.4593 -0.8446 0.2753
vn 0.8267 0.2664 0.4955
vn 0.0211 0.9997 0.0126
vn 0.4232 -0.8698 0.2536
vn 0.8369 0.2189 0.5016
vn 0.0632 0.9973 0.0379
vn 0.3860 -0.8930 0.2314
vn 0.8451 0.1708 0.5066
vn 0.1051 0.9925 0.0630
vn 0.3479 -0.9140 0.2085
vn 0.8513 0.1223 0.5102
vn 0.1468 0.9852 0.0880
vn 0.3090 -0.9328 0.1852
vn 0.8554 0.0735 0.5127
vn 0.1881 0.9756 0.1128
vn 0.2693 -0.9494 0.1614
vn 0.8575 0.0245 0.5139
vn 0.2290 0.9637 0.1373
vn 0.2290 -0.9637 0.1373
vn 0.8575 -0.0245 0.5139
vn 0.2693 0.9494 0.1614
vn 0.1881 -0.9756 0.1128
vn 0.8554 -0.0735 0.5127
vn 0.3090 0.9328 0.1852
vn 0.1468 -0.9852 0.0880
vn 0.8513 -0.1223 0.5102
vn 0.3479 0.9140 0.2085
vn 0.1051 -0.9925 0.0630
vn 0.8451 -0.1708 0.5066
vn 0.3860 0.8930 0.2314
vn 0.0632 -0.9973 0.0379
vn 0.8369 -0.2189 0.5016
vn 0.4232 0.8698 0.2536
vn 0.0211 -0.9997 0.0126
vn 0.8267 -0.2664 0.4955
vn 0.4593 0.8446 0.2753
vn 0.8145 -0.3133 0.4882
vn 0.4943 0.8173 0.2963
vn 0.8004 -0.3595 0.4797
vn 0.5281 0.7880 0.3165
vn 0.7843 -0.4048 0.4701
vn 0.5606 0.7568 0.3360
vn 0.7663 -0.4492 0.4593
vn 0.5918 0.7238 0.3547
vn 0.6570 -0.5753 0.4872
vn 0.6335 0.6148 0.4698
vn 0.6335 -0.6148 0.4698
vn 0.6570 0.5753 0.4872
vn 0.6085 -0.6527 0.4513
vn 0.6788 0.5345 0.5035
vn 0.5821 -0.6891 0.4317
vn 0.6991 0.4924 0.5185
vn 0.5542 -0.7238 0.4110
vn 0.7176 0.4492 0.5322
vn 0.5250 -0.7568 0.3894
vn 0.7344 0.4048 0.5447
vn 0.4945 -0.7880 0.3668
vn 0.7495 0.3595 0.5559
vn 0.4629 -0.8173 0.3433
vn 0.7628 0.3133 0.5657
vn 0.4301 -0.8446 0.3190
vn 0.7742 0.2664 0.5742
vn 0.0197 0.9997 0.0146
vn 0.3963 -0.8698 0.2939
vn 0.7837 0.2189 0.5813
vn 0.0592 0.9973 0.0439
vn 0.3615 -0.8930 0.2681
vn 0.7914 0.1708 0.5870
vn 0.0984 0.9925 0.0730
vn 0.3258 -0.9140 0.2416
vn 0.7972 0.1223 0.5912
vn 0.1375 0.9852 0.1020
vn 0.2894 -0.9328 0.2146
vn 0.8010 0.0735 0.5941
vn 0.1762 0.9756 0.1307
vn 0.2522 -0.9494 0.1871
vn 0.8030 0.0245 0.5955
vn 0.2145 0.9637 0.1591
vn 0.2145 -0.9637 0.1591
vn 0.8030 -0.0245 0.5955
vn 0.2522 0.9494 0.1871
vn 0.1762 -0.9756 0.1307
vn 0.8010 -0.0735 0.5941
vn 0.2894 0.9328 0.2146
vn 0.1375 -0.9852 0.1020
vn 0.7972 -0.1223 0.5912
vn 0.3258 0.9140 0.2416
vn 0.0984 -0.9925 0.0730
vn 0.7914 -0.1708 0.5870
vn 0.3615 0.8930 0.2681
vn 0.0592 -0.9973 0.0439
vn 0.7837 -0.2189 0.5813
vn 0.3963 0.8698 0.2939
vn 0.0197 -0.9997 0.0146
vn 0.7742 -0.2664 0.5742
vn 0.4301 0.8446 0.3190
vn 0.7628 -0.3133 0.5657
vn 0.4629 0.8173 0.3433
vn 0.7495 -0.3595 0.5559
vn 0.4945 0.7880 0.3668
vn 0.7344 -0.4048 0.5447
vn 0.5250 0.7568 0.3894
vn 0.7176 -0.4492 0.5322
vn 0.5542 0.7238 0.4110
vn 0.6991 -0.4924 0.5185
vn 0.5821 0.6891 0.4317
vn 0.6788 -0.5345 0.5035
vn 0.6085 0.6527 0.4513
vn 0.5613 -0.6527 0.5088
vn 0.6262 0.5345 0.5676
vn 0.5369 -0.6891 0.4867
vn 0.6449 0.4924 0.5845
vn 0.5112 -0.7238 0.4634
vn 0.6620 0.4492 0.6000
vn 0.4843 -0.7568 0.4389
vn 0.6775 0.4048 0.6141
vn 0.4562 -0.7880 0.4135
vn 0.6914 0.3595 0.6267
vn 0.4270 -0.8173 0.3870
vn 0.7036 0.3133 0.6377
vn 0.3967 -0.8446 0.3596
vn 0.7142 0.2664 0.6473
vn 0.0182 0.9997 0.0165
vn 0.3655 -0.8698 0.3313
vn 0.7230 0.2189 0.6553
vn 0.0546 0.9973 0.0495
vn 0.3335 -0.8930 0.3022
vn 0.7301 0.1708 0.6617
vn 0.0908 0.9925 0.0823
vn 0.3006 -0.9140 0.2724
vn 0.7354 0.1223 0.6665
vn 0.1268 0.9852 0.1149
vn 0.2669 -0.9328 0.2419
vn 0.7389 0.0735 0.6697
vn 0.1625 0.9756 0.1473
vn 0.2327 -0.9494 0.2109
vn 0.7407 0.0245 0.6714
vn 0.1978 0.9637 0.1793
vn 0.1978 -0.9637 0.1793
vn 0.7407 -0.0245 0.6714
vn 0.2327 0.9494 0.2109
vn 0.1625 -0.9756 0.1473
vn 0.7389 -0.0735 0.6697
vn 0.2669 0.9328 0.2419
vn 0.1268 -0.9852 0.1149
vn 0.7354 -0.1223 0.6665
vn 0.3006 0.9140 0.2724
vn 0.0908 -0.9925 0.0823
vn 0.7301 -0.1708 0.6617
vn 0.3335 0.8930 0.3022
vn 0.0546 -0.9973 0.0495
vn 0.7230 -0.2189 0.6553
vn 0.3655 0.8698 0.3313
vn 0.0182 -0.9997 0.0165
vn 0.7142 -0.2664 0.6473
vn 0.3967 0.8446 0.3596
vn 0.7036 -0.3133 0.6377
vn 0.4270 0.8173 0.3870
vn 0.6914 -0.3595 0.6267
vn 0.4562 0.7880 0.4135
vn 0.6775 -0.4048 0.6141
vn 0.4843 0.7568 0.4389
vn 0.6620 -0.4492 0.6000
vn 0.5112 0.7238 0.4634
vn 0.6449 -0.4924 0.5845
vn 0.5369 0.6891 0.4867
vn 0.6262 -0.5345 0.5676
vn 0.5613 0.6527 0.5088
vn 0.6060 -0.5753 0.5493
vn 0.5844 0.6148 0.5297
vn 0.5844 -0.6148 0.5297
vn 0.6060 0.5753 0.5493
vn 0.4634 -0.7238 0.5112
vn 0.6000 0.4492 0.6620
vn 0.4389 -0.7568 0.4843
vn 0.6141 0.4048 0.6775
vn 0.4135 -0.7880 0.4562
vn 0.6267 0.3595 0.6914
vn 0.3870 -0.8173 0.4270
vn 0.6377 0.3133 0.7036
vn 0.3596 -0.8446 0.3967
vn 0.6473 0.2664 0.7142
vn 0.0165 0.9997 0.0182
vn 0.3313 -0.8698 0.3655
vn 0.6553 0.2189 0.7230
vn 0.0495 0.9973 0.0546
vn 0.3022 -0.8930 0.3335
vn 0.6617 0.1708 0.7301
vn 0.0823 0.9925 0.0908
vn 0.2724 -0.9140 0.3006
vn 0.6665 0.1223 0.7354
vn 0.1149 0.9852 0.1268
vn 0.2419 -0.9328 0.2669
vn 0.6697 0.0735 0.7389
vn 0.1473 0.9756 0.1625
vn 0.2109 -0.9494 0.2327
vn 0.6714 0.0245 0.7407
vn 0.1793 0.9637 0.1978
vn 0.1793 -0.9637 0.1978
vn 0.6714 -0.0245 0.7407
vn 0.2109 0.9494 0.2327
vn 0.1473 -0.9756 0.1625
vn 0.6697 -0.0735 0.7389
vn 0.2419 0.9328 0.2669
vn 0.1149 -0.9852 0.1268
vn 0.6665 -0.1223 0.7354
vn 0.2724 0.9140 0.3006
vn 0.0823 -0.9925 0.0908
vn 0.6617 -0.1708 0.7301
vn 0.3022 0.8930 0.3335
vn 0.0495 -0.9973 0.0546
vn 0.6553 -0.2189 0.7230
vn 0.3313 0.8698 0.3655
vn 0.0165 -0.9997 0.0182
vn 0.6473 -0.2664 0.7142
vn 0.3596 0.8446 0.3967
vn 0.6377 -0.3133 0.7036
vn 0.3870 0.8173 0.4270
vn 0.6267 -0.3595 0.6914
vn 0.4135 0.7880 0.4562
vn 0.6141 -0.4048 0.6775
vn 0.4389 0.7568 0.4843
vn 0.6000 -0.4492 0.6620
vn 0.4634 0.7238 0.5112
vn 0.5845 -0.4924 0.6449
vn 0.4867 0.6891 0.5369
vn 0.5676 -0.5345 0.6262
vn 0.5088 0.6527 0.5613
vn 0.5493 -0.5753 0.6060
vn 0.5297 0.6148 0.5844
vn 0.5297 -0.6148 0.5844
vn 0.5493 0.5753 0.6060
vn 0.5088 -0.6527 0.5613
vn 0.5676 0.5345 0.6262
vn 0.4867 -0.6891 0.5369
vn 0.5845 0.4924 0.6449
vn 0.3668 -0.7880 0.4945
vn 0.5559 0.3595 0.7495
vn 0.3433 -0.8173 0.4629
vn 0.5657 0.3133 0.7628
vn 0.3190 -0.8446 0.4301
vn 0.5742 0.2664 0.7742
vn 0.0146 0.9997 0.0197
vn 0.2939 -0.8698 0.3963
vn 0.5813 0.2189 0.7837
vn 0.0439 0.9973 0.0592
vn 0.2681 -0.8930 0.3615
vn 0.5870 0.1708 0.7914
vn 0.0730 0.9925 0.0984
vn 0.2416 -0.9140 0.3258
vn 0.5912 0.1223 0.7972
vn 0.1020 0.9852 0.1375
vn 0.2146 -0.9328 0.2894
vn 0.5941 0.0735 0.8010
vn 0.1307 0.9756 0.1762
vn 0.1871 -0.9494 0.2522
vn 0.5955 0.0245 0.8030
vn 0.1591 0.9637 0.2145
vn 0.1591 -0.9637 0.2145
vn 0.5955 -0.0245 0.8030
vn 0.1871 0.9494 0.2522
vn 0.1307 -0.9756 0.1762
vn 0.5941 -0.0735 0.8010
vn 0.2146 0.9328 0.2894
vn 0.1020 -0.9852 0.1375
vn 0.5912 -0.1223 0.7972
vn 0.2416 0.9140 0.3258
vn 0.0730 -0.9925 0.0984
vn 0.5870 -0.1708 0.7914
vn 0.2681 0.8930 0.3615
vn 0.0439 -0.9973 0.0592
vn 0.5813 -0.2189 0.7837
vn 0.2939 0.8698 0.3963
vn 0.0146 -0.9997 0.0197
vn 0.5742 -0.2664 0.7742
vn 0.3190 0.8446 0.4301
vn 0.5657 -0.3133 0.7628
vn 0.3433 0.8173 0.4629
vn 0.5559 -0.3595 0.7495
vn 0.3668 0.7880 0.4945
vn 0.5447 -0.4048 0.7344
vn 0.3894 0.7568 0.5250
vn 0.5322 -0.4492 0.7176
vn 0.4110 0.7238 0.5542
vn 0.5185 -0.4924 0.6991
vn 0.4317 0.6891 0.5821
vn 0.5035 -0.5345 0.6788
vn 0.4513 0.6527 0.6085
vn 0.4872 -0.5753 0.6570
vn 0.4698 0.6148 0.6335
vn 0.4698 -0.6148 0.6335
vn 0.4872 0.5753 0.6570
vn 0.4513 -0.6527 0.6085
vn 0.5035 0.5345 0.6788
vn 0.4317 -0.6891 0.5821
vn 0.5185 0.4924 0.6991
vn 0.4110 -0.7238 0.5542
vn 0.5322 0.4492 0.7176
vn 0.3894 -0.7568 0.5250
vn 0.5447 0.4048 0.7344
vn 0.4345 -0.5345 0.7249
vn 0.3895 0.6527 0.6498
vn 0.4205 -0.5753 0.7015
vn 0.4055 0.6148 0.6765
vn 0.4055 -0.6148 0.6765
vn 0.4205 0.5753 0.7015
vn 0.3895 -0.6527 0.6498
vn 0.4345 0.5345 0.7249
vn 0.3726 -0.6891 0.6216
vn 0.4474 0.4924 0.7465
vn 0.3547 -0.7238 0.5918
vn 0.4593 0.4492 0.7663
vn 0.3360 -0.7568 0.5606
vn 0.4701 0.4048 0.7843
vn 0.3165 -0.7880 0.5281
vn 0.4797 0.3595 0.8004
vn 0.2963 -0.8173 0.4943
vn 0.4882 0.3133 0.8145
vn 0.2753 -0.8446 0.4593
vn 0.4955 0.2664 0.8267
vn 0.0126 0.9997 0.0211
vn 0.2536 -0.8698 0.4232
vn 0.5016 0.2189 0.8369
vn 0.0379 0.9973 0.0632
vn 0.2314 -0.8930 0.3860
vn 0.5066 0.1708 0.8451
vn 0.0630 0.9925 0.1051
vn 0.2085 -0.9140 0.3479
vn 0.5102 0.1223 0.8513
vn 0.0880 0.9852 0.1468
vn 0.1852 -0.9328 0.3090
vn 0.5127 0.0735 0.8554
vn 0.1128 0.9756 0.1881
vn 0.1614 -0.9494 0.2693
vn 0.5139 0.0245 0.8575
vn 0.1373 0.9637 0.2290
vn 0.1373 -0.9637 0.2290
vn 0.5139 -0.0245 0.8575
vn 0.1614 0.9494 0.2693
vn 0.1128 -0.9756 0.1881
vn 0.5127 -0.0735 0.8554
vn 0.1852 0.9328 0.3090
vn 0.0880 -0.9852 0.1468
vn 0.5102 -0.1223 0.8513
vn 0.2085 0.9140 0.3479
vn 0.0630 -0.9925 0.1051
vn 0.5066 -0.1708 0.8451
vn 0.2314 0.8930 0.3860
vn 0.0379 -0.9973 0.0632
vn 0.5016 -0.2189 0.8369
vn 0.2536 0.8698 0.4232
vn 0.0126 -0.9997 0.0211
vn 0.4955 -0.2664 0.8267
vn 0.2753 0.8446 0.4593
vn 0.4882 -0.3133 0.8145
vn 0.2963 0.8173 0.4943
vn 0.4797 -0.3595 0.8004
vn 0.3165 0.7880 0.5281
vn 0.4701 -0.4048 0.7843
vn 0.3360 0.7568 0.5606
vn 0.4593 -0.4492 0.7663
vn 0.3547 0.7238 0.5918
vn 0.4474 -0.4924 0.7465
vn 0.3726 0.6891 0.6216
vn 0.3372 -0.6148 0.7130
vn 0.3497 0.5753 0.7394
vn 0.3239 -0.6527 0.6849
vn 0.3613 0.5345 0.7640
vn 0.3098 -0.6891 0.6551
vn 0.3721 0.4924 0.7868
vn 0.2950 -0.7238 0.6237
vn 0.3820 0.4492 0.8077
vn 0.2795 -0.7568 0.5909
vn 0.3910 0.4048 0.8266
vn 0.2632 -0.7880 0.5566
vn 0.3990 0.3595 0.8435
vn 0.2464 -0.8173 0.5209
vn 0.4060 0.3133 0.8585
vn 0.2289 -0.8446 0.4840
vn 0.4121 0.2664 0.8713
vn 0.0105 0.9997 0.0222
vn 0.2109 -0.8698 0.4460
vn 0.4172 0.2189 0.8821
vn 0.0315 0.9973 0.0666
vn 0.1924 -0.8930 0.4068
vn 0.4213 0.1708 0.8907
vn 0.0524 0.9925 0.1108
vn 0.1734 -0.9140 0.3667
vn 0.4243 0.1223 0.8972
vn 0.0732 0.9852 0.1547
vn 0.1540 -0.9328 0.3257
vn 0.4264 0.0735 0.9015
vn 0.0938 0.9756 0.1983
vn 0.1343 -0.9494 0.2839
vn 0.4274 0.0245 0.9037
vn 0.1142 0.9637 0.2414
vn 0.1142 -0.9637 0.2414
vn 0.4274 -0.0245 0.9037
vn 0.1343 0.9494 0.2839
vn 0.0938 -0.9756 0.1983
vn 0.4264 -0.0735 0.9015
vn 0.1540 0.9328 0.3257
vn 0.0732 -0.9852 0.1547
vn 0.4243 -0.1223 0.8972
vn 0.1734 0.9140 0.3667
vn 0.0524 -0.9925 0.1108
vn 0.4213 -0.1708 0.8907
vn 0.1924 0.8930 0.4068
vn 0.0315 -0.9973 0.0666
vn 0.4172 -0.2189 0.8821
vn 0.2109 0.8698 0.4460
vn 0.0105 -0.9997 0.0222
vn 0.4121 -0.2664 0.8713
vn 0.2289 0.8446 0.4840
vn 0.4060 -0.3133 0.8585
vn 0.2464 0.8173 0.5209
vn 0.3990 -0.3595 0.8435
vn 0.2632 0.7880 0.5566
vn 0.3910 -0.4048 0.8266
vn 0.2795 0.7568 0.5909
vn 0.3820 -0.4492 0.8077
vn 0.2950 0.7238 0.6237
vn 0.3721 -0.4924 0.7868
vn 0.3098 0.6891 0.6551
vn 0.3613 -0.5345 0.7640
vn 0.3239 0.6527 0.6849
vn 0.3497 -0.5753 0.7394
vn 0.3372 0.6148 0.7130
vn 0.2441 -0.6891 0.6823
vn 0.2932 0.4924 0.8195
vn 0.2324 -0.7238 0.6496
vn 0.3010 0.4492 0.8412
vn 0.2202 -0.7568 0.6154
vn 0.3080 0.4048 0.8609
vn 0.2074 -0.7880 0.5797
vn 0.3144 0.3595 0.8786
vn 0.1941 -0.8173 0.5426
vn 0.3199 0.3133 0.8941
vn 0.1804 -0.8446 0.5042
vn 0.3247 0.2664 0.9075
vn 0.0083 0.9997 0.0231
vn 0.1662 -0.8698 0.4645
vn 0.3287 0.2189 0.9187
vn 0.0248 0.9973 0.0693
vn 0.1516 -0.8930 0.4237
vn 0.3319 0.1708 0.9277
vn 0.0413 0.9925 0.1154
vn 0.1367 -0.9140 0.3819
vn 0.3344 0.1223 0.9345
vn 0.0577 0.9852 0.1612
vn 0.1214 -0.9328 0.3392
vn 0.3360 0.0735 0.9390
vn 0.0739 0.9756 0.2065
vn 0.1058 -0.9494 0.2957
vn 0.3368 0.0245 0.9413
vn 0.0900 0.9637 0.2514
vn 0.0900 -0.9637 0.2514
vn 0.3368 -0.0245 0.9413
vn 0.1058 0.9494 0.2957
vn 0.0739 -0.9756 0.2065
vn 0.3360 -0.0735 0.9390
vn 0.1214 0.9328 0.3392
vn 0.0577 -0.9852 0.1612
vn 0.3344 -0.1223 0.9345
vn 0.1367 0.9140 0.3819
vn 0.0413 -0.9925 0.1154
vn 0.3319 -0.1708 0.9277
vn 0.1516 0.8930 0.4237
vn 0.0248 -0.9973 0.0693
vn 0.3287 -0.2189 0.9187
vn 0.1662 0.8698 0.4645
vn 0.0083 -0.9997 0.0231
vn 0.3247 -0.2664 0.9075
vn 0.1804 0.8446 0.5042
vn 0.3199 -0.3133 0.8941
vn 0.1941 0.8173 0.5426
vn 0.3144 -0.3595 0.8786
vn 0.2074 0.7880 0.5797
vn 0.3080 -0.4048 0.8609
vn 0.2202 0.7568 0.6154
vn 0.3010 -0.4492 0.8412
vn 0.2324 0.7238 0.6496
vn 0.2932 -0.4924 0.8195
vn 0.2441 0.6891 0.6823
vn 0.2847 -0.5345 0.7957
vn 0.2552 0.6527 0.7133
vn 0.2755 -0.5753 0.7701
vn 0.2657 0.6148 0.7426
vn 0.2657 -0.6148 0.7426
vn 0.2755 0.5753 0.7701
vn 0.2552 -0.6527 0.7133
vn 0.2847 0.5345 0.7957
vn 0.1588 -0.7568 0.6340
vn 0.2222 0.4048 0.8870
vn 0.1496 -0.7880 0.5972
vn 0.2267 0.3595 0.9052
vn 0.1400 -0.8173 0.5590
vn 0.2307 0.3133 0.9212
vn 0.1301 -0.8446 0.5194
vn 0.2342 0.2664 0.9350
vn 0.0060 0.9997 0.0238
vn 0.1199 -0.8698 0.4786
vn 0.2371 0.2189 0.9465
vn 0.0179 0.9973 0.0714
vn 0.1094 -0.8930 0.4366
vn 0.2394 0.1708 0.9558
vn 0.0298 0.9925 0.1189
vn 0.0986 -0.9140 0.3935
vn 0.2412 0.1223 0.9628
vn 0.0416 0.9852 0.1660
vn 0.0875 -0.9328 0.3495
vn 0.2423 0.0735 0.9674
vn 0.0533 0.9756 0.2128
vn 0.0763 -0.9494 0.3046
vn 0.2429 0.0245 0.9697
vn 0.0649 0.9637 0.2590
vn 0.0649 -0.9637 0.2590
vn 0.2429 -0.0245 0.9697
vn 0.0763 0.9494 0.3046
vn 0.0533 -0.9756 0.2128
vn 0.2423 -0.0735 0.9674
vn 0.0875 0.9328 0.3495
vn 0.0416 -0.9852 0.1660
vn 0.2412 -0.1223 0.9628
vn 0.0986 0.9140 0.3935
vn 0.0298 -0.9925 0.1189
vn 0.2394 -0.1708 0.9558
vn 0.1094 0.8930 0.4366
vn 0.0179 -0.9973 0.0714
vn 0.2371 -0.2189 0.9465
vn 0.1199 0.8698 0.4786
vn 0.0060 -0.9997 0.0238
vn 0.2342 -0.2664 0.9350
vn 0.1301 0.8446 0.5194
vn 0.2307 -0.3133 0.9212
vn 0.1400 0.8173 0.5590
vn 0.2267 -0.3595 0.9052
vn 0.1496 0.7880 0.5972
vn 0.2222 -0.4048 0.8870
vn 0.1588 0.7568 0.6340
vn 0.2171 -0.4492 0.8667
vn 0.1677 0.7238 0.6693
vn 0.2115 -0.4924 0.8443
vn 0.1761 0.6891 0.7029
vn 0.2054 -0.5345 0.8198
vn 0.1841 0.6527 0.7349
vn 0.1987 -0.5753 0.7934
vn 0.1916 0.6148 0.7651
vn 0.1916 -0.6148 0.7651
vn 0.1987 0.5753 0.7934
vn 0.1841 -0.6527 0.7349
vn 0.2054 0.5345 0.8198
vn 0.1761 -0.6891 0.7029
vn 0.2115 0.4924 0.8443
vn 0.1677 -0.7238 0.6693
vn 0.2171 0.4492 0.8667
vn 0.0846 -0.8173 0.5700
vn 0.1393 0.3133 0.9394
vn 0.0786 -0.8446 0.5297
vn 0.1414 0.2664 0.9534
vn 0.0036 0.9997 0.0243
vn 0.0724 -0.8698 0.4880
vn 0.1432 0.2189 0.9652
vn 0.0108 0.9973 0.0729
vn 0.0660 -0.8930 0.4452
vn 0.1446 0.1708 0.9746
vn 0.0180 0.9925 0.1212
vn 0.0595 -0.9140 0.4013
vn 0.1456 0.1223 0.9818
vn 0.0251 0.9852 0.1693
vn 0.0529 -0.9328 0.3564
vn 0.1463 0.0735 0.9865
vn 0.0322 0.9756 0.2170
vn 0.0461 -0.9494 0.3106
vn 0.1467 0.0245 0.9889
vn 0.0392 0.9637 0.2641
vn 0.0392 -0.9637 0.2641
vn 0.1467 -0.0245 0.9889
vn 0.0461 0.9494 0.3106
vn 0.0322 -0.9756 0.2170
vn 0.1463 -0.0735 0.9865
vn 0.0529 0.9328 0.3564
vn 0.0251 -0.9852 0.1693
vn 0.1456 -0.1223 0.9818
vn 0.0595 0.9140 0.4013
vn 0.0180 -0.9925 0.1212
vn 0.1446 -0.1708 0.9746
vn 0.0660 0.8930 0.4452
vn 0.0108 -0.9973 0.0729
vn 0.1432 -0.2189 0.9652
vn 0.0724 0.8698 0.4880
vn 0.0036 -0.9997 0.0243
vn 0.1414 -0.2664 0.9534
vn 0.0786 0.8446 0.5297
vn 0.1393 -0.3133 0.9394
vn 0.0846 0.8173 0.5700
vn 0.1369 -0.3595 0.9230
vn 0.0903 0.7880 0.6090
vn 0.1342 -0.4048 0.9045
vn 0.0959 0.7568 0.6465
vn 0.1311 -0.4492 0.8838
vn 0.1012 0.7238 0.6825
vn 0.1277 -0.4924 0.8609
vn 0.1063 0.6891 0.7168
vn 0.1240 -0.5345 0.8360
vn 0.1112 0.6527 0.7494
vn 0.1200 -0.5753 0.8091
vn 0.1157 0.6148 0.7802
vn 0.1157 -0.6148 0.7802
vn 0.1200 0.5753 0.8091
vn 0.1112 -0.6527 0.7494
vn 0.1240 0.5345 0.8360
vn 0.1063 -0.6891 0.7168
vn 0.1277 0.4924 0.8609
vn 0.1012 -0.7238 0.6825
vn 0.1311 0.4492 0.8838
vn 0.0959 -0.7568 0.6465
vn 0.1342 0.4048 0.9045
vn 0.0903 -0.7880 0.6090
vn 0.1369 0.3595 0.9230
vn 0.0242 -0.8698 0.4928
vn 0.0479 0.2189 0.9746
vn 0.0036 0.9973 0.0736
vn 0.0221 -0.8930 0.4495
vn 0.0483 0.1708 0.9841
vn 0.0060 0.9925 0.1224
vn 0.0199 -0.9140 0.4052
vn 0.0487 0.1223 0.9913
vn 0.0084 0.9852 0.1710
vn 0.0177 -0.9328 0.3598
vn 0.0489 0.0735 0.9961
vn 0.0108 0.9756 0.2191
vn 0.0154 -0.9494 0.3136
vn 0.0491 0.0245 0.9985
vn 0.0131 0.9637 0.2667
vn 0.0131 -0.9637 0.2667
vn 0.0491 -0.0245 0.9985
vn 0.0154 0.9494 0.3136
vn 0.0108 -0.9756 0.2191
vn 0.0489 -0.0735 0.9961
vn 0.0177 0.9328 0.3598
vn 0.0084 -0.9852 0.1710
vn 0.0487 -0.1223 0.9913
vn 0.0199 0.9140 0.4052
vn 0.0060 -0.9925 0.1224
vn 0.0483 -0.1708 0.9841
vn 0.0221 0.8930 0.4495
vn 0.0036 -0.9973 0.0736
vn 0.0479 -0.2189 0.9746
vn 0.0242 0.8698 0.4928
vn 0.0012 -0.9997 0.0245
vn 0.0473 -0.2664 0.9627
vn 0.0263 0.8446 0.5348
vn 0.0466 -0.3133 0.9485
vn 0.0283 0.8173 0.5756
vn 0.0458 -0.3595 0.9320
vn 0.0302 0.7880 0.6149
vn 0.0449 -0.4048 0.9133
vn 0.0321 0.7568 0.6528
vn 0.0438 -0.4492 0.8924
vn 0.0339 0.7238 0.6891
vn 0.0427 -0.4924 0.8693
vn 0.0356 0.6891 0.7238
vn 0.0415 -0.5345 0.8441
vn 0.0372 0.6527 0.7567
vn 0.0401 -0.5753 0.8169
vn 0.0387 0.6148 0.7878
vn 0.0387 -0.6148 0.7878
vn 0.0401 0.5753 0.8169
vn 0.0372 -0.6527 0.7567
vn 0.0415 0.5345 0.8441
vn 0.0356 -0.6891 0.7238
vn 0.0427 0.4924 0.8693
vn 0.0339 -0.7238 0.6891
vn 0.0438 0.4492 0.8924
vn 0.0321 -0.7568 0.6528
vn 0.0449 0.4048 0.9133
vn 0.0302 -0.7880 0.6149
vn 0.0458 0.3595 0.9320
vn 0.0283 -0.8173 0.5756
vn 0.0466 0.3133 0.9485
vn 0.0263 -0.8446 0.5348
vn 0.0473 0.2664 0.9627
vn 0.0012 0.9997 0.0245
vn -0.0199 -0.9140 0.4052
vn -0.0487 0.1223 0.9913
vn -0.0084 0.9852 0.1710
vn -0.0177 -0.9328 0.3598
vn -0.0489 0.0735 0.9961
vn -0.0108 0.9756 0.2191
vn -0.0154 -0.9494 0.3136
vn -0.0491 0.0245 0.9985
vn -0.0131 0.9637 0.2667
vn -0.0131 -0.9637 0.2667
vn -0.0491 -0.0245 0.9985
vn -0.0154 0.9494 0.3136
vn -0.0108 -0.9756 0.2191
vn -0.0489 -0.0735 0.9961
vn -0.0177 0.9328 0.3598
vn -0.0084 -0.9852 0.1710
vn -0.0487 -0.1223 0.9913
vn -0.0199 0.9140 0.4052
vn -0.0060 -0.9925 0.1224
vn -0.0483 -0.1707 0.9841
vn -0.0221 0.8930 0.4495
vn -0.0036 -0.9973 0.0736
vn -0.0479 -0.2189 0.9746
vn -0.0242 0.8698 0.4928
vn -0.0012 -0.9997 0.0245
vn -0.0473 -0.2664 0.9627
vn -0.0263 0.8446 0.5348
vn -0.0466 -0.3133 0.9485
vn -0.0283 0.8173 0.5756
vn -0.0458 -0.3595 0.9320
vn -0.0302 0.7880 0.6149
vn -0.0449 -0.4048 0.9133
vn -0.0321 0.7568 0.6528
vn -0.0438 -0.4492 0.8924
vn -0.0339 0.7238 0.6891
vn -0.0427 -0.4924 0.8693
vn -0.0356 0.6891 0.7238
vn -0.0415 -0.5345 0.8441
vn -0.0372 0.6527 0.7567
vn -0.0401 -0.5753 0.8169
vn -0.0387 0.6148 0.7878
vn -0.0387 -0.6148 0.7878
vn -0.0401 0.5753 0.8169
vn -0.0372 -0.6527 0.7567
vn -0.0415 0.5345 0.8441
vn -0.0356 -0.6891 0.7238
vn -0.0427 0.4924 0.8693
vn -0.0339 -0.7238 0.6891
vn -0.0438 0.4492 0.8924
vn -0.0321 -0.7568 0.6528
vn -0.0449 0.4048 0.9133
vn -0.0302 -0.7880 0.6149
vn -0.0458 0.3595 0.9320
vn -0.0283 -0.8173 0.5756
vn -0.0466 0.3133 0.9485
vn -0.0263 -0.8446 0.5348
vn -0.0473 0.2664 0.9627
vn -0.0012 0.9997 0.0245
vn -0.0242 -0.8698 0.4928
vn -0.0479 0.2189 0.9746
vn -0.0036 0.9973 0.0736
vn -0.0221 -0.8930 0.4495
vn -0.0483 0.1707 0.9841
vn -0.0060 0.9925 0.1224
vn -0.0461 -0.9494 0.3106
vn -0.1467 0.0245 0.9889
vn -0.0392 0.9637 0.2641
vn -0.0392 -0.9637 0.2641
vn -0.1467 -0.0245 0.9889
vn -0.0461 0.9494 0.3106
vn -0.0322 -0.9756 0.2170
vn -0.1463 -0.0735 0.9865
vn -0.0529 0.9328 0.3564
vn -0.0251 -0.9852 0.1693
vn -0.1456 -0.1223 0.9818
vn -0.0595 0.9140 0.4013
vn -0.0180 -0.9925 0.1212
vn -0.1446 -0.1708 0.9746
vn -0.0660 0.8930 0.4452
vn -0.0108 -0.9973 0.0729
vn -0.1432 -0.2189 0.9652
vn -0.0724 0.8698 0.4880
vn -0.0036 -0.9997 0.0243
vn -0.1414 -0.2664 0.9534
vn -0.0786 0.8446 0.5297
vn -0.1393 -0.3133 0.9394
vn -0.0846 0.8173 0.5700
vn -0.1369 -0.3595 0.9230
vn -0.0903 0.7880 0.6090
vn -0.1342 -0.4048 0.9045
vn -0.0959 0.7568 0.6465
vn -0.1311 -0.4492 0.8838
vn -0.1012 0.7238 0.6825
vn -0.1277 -0.4924 0.8609
vn -0.1063 0.6891 0.7168
vn -0.1240 -0.5345 0.8360
vn -0.1112 0.6527 0.7494
vn -0.1200 -0.5753 0.8091
vn -0.1157 0.6148 0.7802
vn -0.1157 -0.6148 0.7802
vn -0.1200 0.5753 0.8091
vn -0.1112 -0.6527 0.7494
vn -0.1240 0.5345 0.8360
vn -0.1063 -0.6891 0.7168
vn -0.1277 0.4924 0.8609
vn -0.1012 -0.7238 0.6825
vn -0.1311 0.4492 0.8838
vn -0.0959 -0.7568 0.6465
vn -0.1342 0.4048 0.9045
vn -0.0903 -0.7880 0.6090
vn -0.1369 0.3595 0.9230
vn -0.0846 -0.8173 0.5700
vn -0.1393 0.3133 0.9394
vn -0.0786 -0.8446 0.5297
vn -0.1414 0.2664 0.9534
vn -0.0036 0.9997 0.0243
vn -0.0724 -0.8698 0.4880
vn -0.1432 0.2189 0.9652
vn -0.0108 0.9973 0.0729
vn -0.0660 -0.8930 0.4452
vn -0.1446 0.1708 0.9746
vn -0.0180 0.9925 0.1212
vn -0.0595 -0.9140 0.4013
vn -0.1456 0.1223 0.9818
vn -0.0251 0.9852 0.1693
vn -0.0529 -0.9328 0.3564
vn -0.1463 0.0735 0.9865
vn -0.0322 0.9756 0.2170
vn -0.0533 -0.9756 0.2128
vn -0.2423 -0.0735 0.9674
vn -0.0875 0.9328 0.3495
vn -0.0416 -0.9852 0.1660
vn -0.2412 -0.1223 0.9628
vn -0.0986 0.9140 0.3935
vn -0.0298 -0.9925 0.1189
vn -0.2394 -0.1708 0.9558
vn -0.1094 0.8930 0.4366
vn -0.0179 -0.9973 0.0714
vn -0.2371 -0.2189 0.9465
vn -0.1199 0.8698 0.4786
vn -0.0060 -0.9997 0.0238
vn -0.2342 -0.2664 0.9350
vn -0.1301 0.8446 0.5194
vn -0.2307 -0.3133 0.9212
vn -0.1400 0.8173 0.5590
vn -0.2267 -0.3595 0.9052
vn -0.1496 0.7880 0.5972
vn -0.2222 -0.4048 0.8870
vn -0.1588 0.7568 0.6340
vn -0.2171 -0.4492 0.8667
vn -0.1677 0.7238 0.6693
vn -0.2115 -0.4924 0.8443
vn -0.1761 0.6891 0.7029
vn -0.2054 -0.5345 0.8198
vn -0.1841 0.6527 0.7349
vn -0.1987 -0.5753 0.7934
vn -0.1916 0.6148 0.7651
vn -0.1916 -0.6148 0.7651
vn -0.1987 0.5753 0.7934
vn -0.1841 -0.6527 0.7349
vn -0.2054 0.5345 0.8198
vn -0.1761 -0.6891 0.7029
vn -0.2115 0.4924 0.8443
vn -0.1677 -0.7238 0.6693
vn -0.2171 0.4492 0.8667
vn -0.1588 -0.7568 0.6340
vn -0.2222 0.4048 0.8870
vn -0.1496 -0.7880 0.5972
vn -0.2267 0.3595 0.9052
vn -0.1400 -0.8173 0.5590
vn -0.2307 0.3133 0.9212
vn -0.1301 -0.8446 0.5194
vn -0.2342 0.2664 0.9350
vn -0.0060 0.9997 0.0238
vn -0.1199 -0.8698 0.4786
vn -0.2371 0.2189 0.9465
vn -0.0179 0.9973 0.0714
vn -0.1094 -0.8930 0.4366
vn -0.2394 0.1708 0.9558
vn -0.0298 0.9925 0.1189
vn -0.0986 -0.9140 0.3935
vn -0.2412 0.1223 0.9628
vn -0.0416 0.9852 0.1660
vn -0.0875 -0.9328 0.3495
vn -0.2423 0.0735 0.9674
vn -0.0533 0.9756 0.2128
vn -0.0763 -0.9494 0.3046
vn -0.2429 0.0245 0.9697
vn -0.0649 0.9637 0.2590
vn -0.0649 -0.9637 0.2590
vn -0.2429 -0.0245 0.9697
vn -0.0763 0.9494 0.3046
vn -0.0413 -0.9925 0.1154
vn -0.3319 -0.1708 0.9277
vn -0.1516 0.8930 0.4237
vn -0.0248 -0.9973 0.0693
vn -0.3287 -0.2189 0.9187
vn -0.1662 0.8698 0.4645
vn -0.0083 -0.9997 0.0231
vn -0.3247 -0.2664 0.9075
vn -0.1804 0.8446 0.5042
vn -0.3199 -0.3133 0.8941
vn -0.1941 0.8173 0.5426
vn -0.3144 -0.3595 0.8786
vn -0.2074 0.7880 0.5797
vn -0.3080 -0.4048 0.8609
vn -0.2202 0.7568 0.6154
vn -0.3010 -0.4492 0.8412
vn -0.2324 0.7238 0.6496
vn -0.2932 -0.4924 0.8195
vn -0.2441 0.6891 0.6823
vn -0.2847 -0.5345 0.7957
vn -0.2552 0.6527 0.7133
vn -0.2755 -0.5753 0.7701
vn -0.2657 0.6148 0.7426
vn -0.2657 -0.6148 0.7426
vn -0.2755 0.5753 0.7701
vn -0.2552 -0.6527 0.7133
vn -0.2847 0.5345 0.7957
vn -0.2441 -0.6891 0.6823
vn -0.2932 0.4924 0.8195
vn -0.2324 -0.7238 0.6496
vn -0.3010 0.4492 0.8412
vn -0.2202 -0.7568 0.6154
vn -0.3081 0.4048 0.8609
vn -0.2074 -0.7880 0.5797
vn -0.3144 0.3595 0.8786
vn -0.1941 -0.8173 0.5426
vn -0.3199 0.3133 0.8941
vn -0.1804 -0.8446 0.5042
vn -0.3247 0.2664 0.9075
vn -0.0083 0.9997 0.0231
vn -0.1662 -0.8698 0.4645
vn -0.3287 0.2189 0.9187
vn -0.0248 0.9973 0.0693
vn -0.1516 -0.8930 0.4237
vn -0.3319 0.1708 0.9277
vn -0.0413 0.9925 0.1154
vn -0.1367 -0.9140 0.3819
vn -0.3344 0.1223 0.9345
vn -0.0577 0.9852 0.1612
vn -0.1214 -0.9328 0.3392
vn -0.3360 0.0735 0.9390
vn -0.0739 0.9756 0.2065
vn -0.1058 -0.9494 0.2957
vn -0.3368 0.0245 0.9413
vn -0.0900 0.9637 0.2514
vn -0.0900 -0.9637 0.2514
vn -0.3368 -0.0245 0.9413
vn -0.1058 0.9494 0.2957
vn -0.0739 -0.9756 0.2065
vn -0.3360 -0.0735 0.9390
vn -0.1214 0.9328 0.3392
vn -0.0577 -0.9852 0.1612
vn -0.3344 -0.1223 0.9345
vn -0.1367 0.9140 0.3819
vn -0.0105 -0.9997 0.0222
vn -0.4121 -0.2664 0.8713
vn -0.2289 0.8446 0.4840
vn -0.4060 -0.3133 0.8585
vn -0.2464 0.8173 0.5209
vn -0.3990 -0.3595 0.8435
vn -0.2632 0.7880 0.5566
vn -0.3910 -0.4048 0.8266
vn -0.2795 0.7568 0.5909
vn -0.3820 -0.4492 0.8077
vn -0.2950 0.7238 0.6237
vn -0.3721 -0.4924 0.7868
vn -0.3098 0.6891 0.6551
vn -0.3613 -0.5345 0.7640
vn -0.3239 0.6527 0.6849
vn -0.3497 -0.5753 0.7394
vn -0.3372 0.6148 0.7130
vn -0.3372 -0.6148 0.7130
vn -0.3497 0.5753 0.7394
vn -0.3239 -0.6527 0.6849
vn -0.3613 0.5345 0.7640
vn -0.3098 -0.6891 0.6551
vn -0.3721 0.4924 0.7868
vn -0.2950 -0.7238 0.6237
vn -0.3820 0.4492 0.8077
vn -0.2795 -0.7568 0.5909
vn -0.3910 0.4048 0.8266
vn -0.2632 -0.7880 0.5566
vn -0.3990 0.3595 0.8435
vn -0.2464 -0.8173 0.5209
vn -0.4060 0.3133 0.8585
vn -0.2289 -0.8446 0.4840
vn -0.4121 0.2664 0.8713
vn -0.0105 0.9997 0.0222
vn -0.2109 -0.8698 0.4460
vn -0.4172 0.2189 0.8821
vn -0.0315 0.9973 0.0666
vn -0.1924 -0.8930 0.4068
vn -0.4213 0.1708 0.8907
vn -0.0524 0.9925 0.1108
vn -0.1734 -0.9140 0.3667
vn -0.4243 0.1223 0.8972
vn -0.0732 0.9852 0.1547
vn -0.1540 -0.9328 0.3257
vn -0.4264 0.0735 0.9015
vn -0.0938 0.9756 0.1983
vn -0.1343 -0.9494 0.2839
vn -0.4274 0.0245 0.9037
vn -0.1142 0.9637 0.2414
vn -0.1142 -0.9637 0.2414
vn -0.4274 -0.0245 0.9037
vn -0.1343 0.9494 0.2839
vn -0.0938 -0.9756 0.1983
vn -0.4264 -0.0735 0.9015
vn -0.1540 0.9328 0.3257
vn -0.0732 -0.9852 0.1547
vn -0.4243 -0.1223 0.8972
vn -0.1734 0.9140 0.3667
vn -0.0524 -0.9925 0.1108
vn -0.4213 -0.1708 0.8907
vn -0.1924 0.8930 0.4068
vn -0.0315 -0.9973 0.0666
vn -0.4172 -0.2189 0.8821
vn -0.2109 0.8698 0.4460
vn -0.4797 -0.3595 0.8004
vn -0.3165 0.7880 0.5281
vn -0.4701 -0.4048 0.7843
vn -0.3360 0.7568 0.5606
vn -0.4593 -0.4492 0.7663
vn -0.3547 0.7238 0.5918
vn -0.4474 -0.4924 0.7465
vn -0.3726 0.6891 0.6216
vn -0.4345 -0.5345 0.7249
vn -0.3895 0.6527 0.6498
vn -0.4205 -0.5753 0.7015
vn -0.4055 0.6148 0.6765
vn -0.4055 -0.6148 0.6765
vn -0.4205 0.5753 0.7015
vn -0.3895 -0.6527 0.6498
vn -0.4345 0.5345 0.7249
vn -0.3726 -0.6891 0.6216
vn -0.4474 0.4924 0.7465
vn -0.3547 -0.7238 0.5918
vn -0.4593 0.4492 0.7663
vn -0.3360 -0.7568 0.5606
vn -0.4701 0.4048 0.7843
vn -0.3165 -0.7880 0.5281
vn -0.4797 0.3595 0.8004
vn -0.2963 -0.8173 0.4943
vn -0.4882 0.3133 0.8145
vn -0.2753 -0.8446 0.4593
vn -0.4955 0.2664 0.8267
vn -0.0126 0.9997 0.0211
vn -0.2536 -0.8698 0.4232
vn -0.5016 0.2189 0.8369
vn -0.0379 0.9973 0.0632
vn -0.2314 -0.8930 0.3860
vn -0.5066 0.1707 0.8451
vn -0.0630 0.9925 0.1051
vn -0.2085 -0.9140 0.3479
vn -0.5102 0.1223 0.8513
vn -0.0880 0.9852 0.1468
vn -0.1852 -0.9328 0.3090
vn -0.5127 0.0735 0.8554
vn -0.1128 0.9756 0.1881
vn -0.1614 -0.9494 0.2693
vn -0.5139 0.0245 0.8575
vn -0.1373 0.9637 0.2290
vn -0.1373 -0.9637 0.2290
vn -0.5139 -0.0245 0.8575
vn -0.1614 0.9494 0.2693
vn -0.1128 -0.9756 0.1881
vn -0.5127 -0.0735 0.8554
vn -0.1852 0.9328 0.3090
vn -0.0880 -0.9852 0.1468
vn -0.5102 -0.1223 0.8513
vn -0.2085 0.9140 0.3479
vn -0.0630 -0.9925 0.1051
vn -0.5066 -0.1707 0.8451
vn -0.2314 0.8930 0.3860
vn -0.0379 -0.9973 0.0632
vn -0.5016 -0.2189 0.8369
vn -0.2536 0.8698 0.4232
vn -0.0126 -0.9997 0.0211
vn -0.4955 -0.2664 0.8267
vn -0.2753 0.8446 0.4593
vn -0.4882 -0.3133 0.8145
vn -0.2963 0.8173 0.4943
vn -0.5322 -0.4492 0.7176
vn -0.4110 0.7238 0.5542
vn -0.5185 -0.4924 0.6991
vn -0.4317 0.6891 0.5821
vn -0.5035 -0.5345 0.6788
vn -0.4513 0.6527 0.6085
vn -0.4872 -0.5754 0.6569
vn -0.4698 0.6148 0.6335
vn -0.4698 -0.6148 0.6335
vn -0.4872 0.5754 0.6569
vn -0.4513 -0.6527 0.6085
vn -0.5035 0.5345 0.6788
vn -0.4317 -0.6891 0.5821
vn -0.5185 0.4924 0.6991
vn -0.4110 -0.7238 0.5542
vn -0.5322 0.4492 0.7176
vn -0.3894 -0.7568 0.5250
vn -0.5447 0.4048 0.7344
vn -0.3668 -0.7880 0.4945
vn -0.5559 0.3595 0.7495
vn -0.3433 -0.8173 0.4629
vn -0.5657 0.3133 0.7628
vn -0.3190 -0.8446 0.4301
vn -0.5742 0.2664 0.7742
vn -0.0146 0.9997 0.0197
vn -0.2939 -0.8698 0.3963
vn -0.5813 0.2189 0.7837
vn -0.0439 0.9973 0.0592
vn -0.2681 -0.8930 0.3615
vn -0.5870 0.1707 0.7914
vn -0.0730 0.9925 0.0984
vn -0.2416 -0.9140 0.3258
vn -0.5912 0.1223 0.7972
vn -0.1020 0.9852 0.1375
vn -0.2146 -0.9328 0.2894
vn -0.5941 0.0735 0.8010
vn -0.1307 0.9756 0.1762
vn -0.1871 -0.9494 0.2522
vn -0.5955 0.0245 0.8030
vn -0.1591 0.9637 0.2145
vn -0.1591 -0.9637 0.2145
vn -0.5955 -0.0245 0.8030
vn -0.1871 0.9494 0.2522
vn -0.1307 -0.9756 0.1762
vn -0.5941 -0.0735 0.8010
vn -0.2146 0.9328 0.2894
vn -0.1020 -0.9852 0.1375
vn -0.5912 -0.1223 0.7972
vn -0.2416 0.9140 0.3258
vn -0.0730 -0.9925 0.0984
vn -0.5870 -0.1707 0.7914
vn -0.2681 0.8930 0.3615
vn -0.0439 -0.9973 0.0592
vn -0.5813 -0.2189 0.7837
vn -0.2939 0.8698 0.3963
vn -0.0146 -0.9997 0.0197
vn -0.5742 -0.2664 0.7742
vn -0.3190 0.8446 0.4301
vn -0.5657 -0.3133 0.7628
vn -0.3433 0.8173 0.4629
vn -0.5559 -0.3595 0.7495
vn -0.3668 0.7880 0.4945
vn -0.5447 -0.4048 0.7344
vn -0.3894 0.7568 0.5250
vn -0.6377 -0.3133 0.7036
vn -0.3870 0.8173 0.4270
vn -0.6267 -0.3595 0.6914
vn -0.4135 0.7880 0.4562
vn -0.6141 -0.4048 0.6775
vn -0.4389 0.7568 0.4843
vn -0.6000 -0.4492 0.6620
vn -0.4634 0.7238 0.5112
vn -0.5845 -0.4924 0.6449
vn -0.4867 0.6891 0.5369
vn -0.5676 -0.5345 0.6262
vn -0.5088 0.6527 0.5613
vn -0.5493 -0.5754 0.6060
vn -0.5297 0.6148 0.5844
vn -0.5297 -0.6148 0.5844
vn -0.5493 0.5754 0.6060
vn -0.5088 -0.6527 0.5613
vn -0.5676 0.5345 0.6262
vn -0.4867 -0.6891 0.5369
vn -0.5845 0.4924 0.6449
vn -0.4634 -0.7238 0.5112
vn -0.6000 0.4492 0.6620
vn -0.4389 -0.7568 0.4843
vn -0.6141 0.4048 0.6775
vn -0.4135 -0.7880 0.4562
vn -0.6267 0.3595 0.6914
vn -0.3870 -0.8173 0.4270
vn -0.6377 0.3133 0.7036
vn -0.3596 -0.8446 0.3967
vn -0.6473 0.2664 0.7142
vn -0.0165 0.9997 0.0182
vn -0.3313 -0.8698 0.3655
vn -0.6553 0.2189 0.7230
vn -0.0495 0.9973 0.0546
vn -0.3022 -0.8930 0.3335
vn -0.6617 0.1707 0.7301
vn -0.0823 0.9925 0.0908
vn -0.2724 -0.9140 0.3006
vn -0.6665 0.1223 0.7354
vn -0.1149 0.9852 0.1268
vn -0.2419 -0.9328 0.2669
vn -0.6697 0.0735 0.7389
vn -0.1473 0.9756 0.1625
vn -0.2109 -0.9494 0.2327
vn -0.6714 0.0245 0.7407
vn -0.1793 0.9637 0.1978
vn -0.1793 -0.9637 0.1978
vn -0.6714 -0.0245 0.7407
vn -0.2109 0.9494 0.2327
vn -0.1473 -0.9756 0.1625
vn -0.6697 -0.0735 0.7389
vn -0.2419 0.9328 0.2669
vn -0.1149 -0.9852 0.1268
vn -0.6665 -0.1223 0.7354
vn -0.2724 0.9140 0.3006
vn -0.0823 -0.9925 0.0908
vn -0.6617 -0.1707 0.7301
vn -0.3022 0.8930 0.3335
vn -0.0495 -0.9973 0.0546
vn -0.6553 -0.2189 0.7230
vn -0.3313 0.8698 0.3655
vn -0.0165 -0.9997 0.0182
vn -0.6473 -0.2664 0.7142
vn -0.3596 0.8446 0.3967
vn -0.6775 -0.4048 0.6141
vn -0.4843 0.7568 0.4389
vn -0.6620 -0.4492 0.6000
vn -0.5112 0.7238 0.4634
vn -0.6449 -0.4924 0.5845
vn -0.5369 0.6891 0.4867
vn -0.6262 -0.5345 0.5676
vn -0.5613 0.6527 0.5088
vn -0.6060 -0.5754 0.5493
vn -0.5844 0.6148 0.5297
vn -0.5844 -0.6148 0.5297
vn -0.6060 0.5754 0.5493
vn -0.5613 -0.6527 0.5088
vn -0.6262 0.5345 0.5676
vn -0.5369 -0.6891 0.4867
vn -0.6449 0.4924 0.5845
vn -0.5112 -0.7238 0.4634
vn -0.6620 0.4492 0.6000
vn -0.4843 -0.7568 0.4389
vn -0.6775 0.4048 0.6141
vn -0.4562 -0.7880 0.4135
vn -0.6914 0.3595 0.6267
vn -0.4270 -0.8173 0.3870
vn -0.7036 0.3133 0.6377
vn -0.3967 -0.8446 0.3596
vn -0.7142 0.2664 0.6473
vn -0.0182 0.9997 0.0165
vn -0.3655 -0.8698 0.3313
vn -0.7230 0.2189 0.6553
vn -0.0546 0.9973 0.0495
vn -0.3335 -0.8930 0.3022
vn -0.7301 0.1707 0.6617
vn -0.0908 0.9925 0.0823
vn -0.3006 -0.9140 0.2724
vn -0.7354 0.1223 0.6665
vn -0.1268 0.9852 0.1149
vn -0.2669 -0.9328 0.2419
vn -0.7389 0.0735 0.6697
vn -0.1625 0.9756 0.1473
vn -0.2327 -0.9494 0.2109
vn -0.7407 0.0245 0.6714
vn -0.1978 0.9637 0.1793
vn -0.1978 -0.9637 0.1793
vn -0.7407 -0.0245 0.6714
vn -0.2327 0.9494 0.2109
vn -0.1625 -0.9756 0.1473
vn -0.7389 -0.0735 0.6697
vn -0.2669 0.9328 0.2419
vn -0.1268 -0.9852 0.1149
vn -0.7354 -0.1223 0.6665
vn -0.3006 0.9140 0.2724
vn -0.0908 -0.9925 0.0823
vn -0.7301 -0.1707 0.6617
vn -0.3335 0.8930 0.3022
vn -0.0546 -0.9973 0.0495
vn -0.7230 -0.2189 0.6553
vn -0.3655 0.8698 0.3313
vn -0.0182 -0.9997 0.0165
vn -0.7142 -0.2664 0.6473
vn -0.3967 0.8446 0.3596
vn -0.7036 -0.3133 0.6377
vn -0.4270 0.8173 0.3870
vn -0.6914 -0.3595 0.6267
vn -0.4562 0.7880 0.4135
vn -0.6991 -0.4924 0.5185
vn -0.5821 0.6891 0.4317
vn -0.6788 -0.5345 0.5035
vn -0.6085 0.6527 0.4513
vn -0.6569 -0.5754 0.4872
vn -0.6335 0.6148 0.4698
vn -0.6335 -0.6148 0.4698
vn -0.6569 0.5754 0.4872
vn -0.6085 -0.6527 0.4513
vn -0.6788 0.5345 0.5035
vn -0.5821 -0.6891 0.4317
vn -0.6991 0.4924 0.5185
vn -0.5542 -0.7238 0.4110
vn -0.7176 0.4492 0.5322
vn -0.5250 -0.7568 0.3894
vn -0.7344 0.4048 0.5447
vn -0.4945 -0.7880 0.3668
vn -0.7495 0.3595 0.5559
vn -0.4629 -0.8173 0.3433
vn -0.7628 0.3133 0.5657
vn -0.4301 -0.8446 0.3190
vn -0.7742 0.2664 0.5742
vn -0.0197 0.9997 0.0146
vn -0.3963 -0.8698 0.2939
vn -0.7837 0.2189 0.5813
vn -0.0592 0.9973 0.0439
vn -0.3615 -0.8930 0.2681
vn -0.7914 0.1707 0.5870
vn -0.0984 0.9925 0.0730
vn -0.3258 -0.9140 0.2416
vn -0.7972 0.1223 0.5912
vn -0.1375 0.9852 0.1020
vn -0.2894 -0.9328 0.2146
vn -0.8010 0.0735 0.5941
vn -0.1762 0.9756 0.1307
vn -0.2522 -0.9494 0.1871
vn -0.8030 0.0245 0.5955
vn -0.2145 0.9637 0.1591
vn -0.2145 -0.9637 0.1591
vn -0.8030 -0.0245 0.5955
vn -0.2522 0.9494 0.1871
vn -0.1762 -0.9756 0.1307
vn -0.8010 -0.0735 0.5941
vn -0.2894 0.9328 0.2146
vn -0.1375 -0.9852 0.1020
vn -0.7972 -0.1223 0.5912
vn -0.3258 0.9140 0.2416
vn -0.0984 -0.9925 0.0730
vn -0.7914 -0.1707 0.5870
vn -0.3615 0.8930 0.2681
vn -0.0592 -0.9973 0.0439
vn -0.7837 -0.2189 0.5813
vn -0.3963 0.8698 0.2939
vn -0.0197 -0.9997 0.0146
vn -0.7742 -0.2664 0.5742
vn -0.4301 0.8446 0.3190
vn -0.7628 -0.3133 0.5657
vn -0.4629 0.8173 0.3433
vn -0.7495 -0.3595 0.5559
vn -0.4945 0.7880 0.3668
vn -0.7344 -0.4048 0.5447
vn -0.5250 0.7568 0.3894
vn -0.7176 -0.4492 0.5322
vn -0.5542 0.7238 0.4110
vn -0.7015 -0.5754 0.4205
vn -0.6765 0.6148 0.4055
vn -0.6765 -0.6148 0.4055
vn -0.7015 0.5754 0.4205
vn -0.6498 -0.6527 0.3895
vn -0.7249 0.5345 0.4345
vn -0.6216 -0.6891 0.3726
vn -0.7465 0.4924 0.4474
vn -0.5918 -0.7238 0.3547
vn -0.7663 0.4492 0.4593
vn -0.5606 -0.7568 0.3360
vn -0.7843 0.4048 0.4701
vn -0.5281 -0.7880 0.3165
vn -0.8004 0.3595 0.4797
vn -0.4943 -0.8173 0.2963
vn -0.8145 0.3133 0.4882
vn -0.4593 -0.8446 0.2753
vn -0.8267 0.2664 0.4955
vn -0.0211 0.9997 0.0126
vn -0.4232 -0.8698 0.2536
vn -0.8369 0.2189 0.5016
vn -0.0632 0.9973 0.0379
vn -0.3860 -0.8930 0.2314
vn -0.8451 0.1707 0.5066
vn -0.1051 0.9925 0.0630
vn -0.3479 -0.9140 0.2085
vn -0.8513 0.1223 0.5102
vn -0.1468 0.9852 0.0880
vn -0.3090 -0.9328 0.1852
vn -0.8554 0.0735 0.5127
vn -0.1881 0.9756 0.1128
vn -0.2693 -0.9494 0.1614
vn -0.8575 0.0245 0.5139
vn -0.2290 0.9637 0.1373
vn -0.2290 -0.9637 0.1373
vn -0.8575 -0.0245 0.5139
vn -0.2693 0.9494 0.1614
vn -0.1881 -0.9756 0.1128
vn -0.8554 -0.0735 0.5127
vn -0.3090 0.9328 0.1852
vn -0.1468 -0.9852 0.0880
vn -0.8513 -0.1223 0.5102
vn -0.3479 0.9140 0.2085
vn -0.1051 -0.9925 0.0630
vn -0.8451 -0.1707 0.5066
vn -0.3860 0.8930 0.2314
vn -0.0632 -0.9973 0.0379
vn -0.8369 -0.2189 0.5016
vn -0.4232 0.8698 0.2536
vn -0.0211 -0.9997 0.0126
vn -0.8267 -0.2664 0.4955
vn -0.4593 0.8446 0.2753
vn -0.8145 -0.3133 0.4882
vn -0.4943 0.8173 0.2963
vn -0.8004 -0.3595 0.4797
vn -0.5281 0.7880 0.3165
vn -0.7843 -0.4048 0.4701
vn -0.5606 0.7568 0.3360
vn -0.7663 -0.4492 0.4593
vn -0.5918 0.7238 0.3547
vn -0.7465 -0.4924 0.4474
vn -0.6216 0.6891 0.3726
vn -0.7249 -0.5345 0.4345
vn -0.6498 0.6527 0.3895
vn -0.6849 -0.6527 0.3239
vn -0.7640 0.5345 0.3613
vn -0.6551 -0.6891 0.3098
vn -0.7868 0.4924 0.3721
vn -0.6237 -0.7238 0.2950
vn -0.8077 0.4492 0.3820
vn -0.5909 -0.7568 0.2795
vn -0.8266 0.4048 0.3910
vn -0.5566 -0.7880 0.2632
vn -0.8435 0.3595 0.3990
vn -0.5210 -0.8173 0.2464
vn -0.8585 0.3133 0.4060
vn -0.4840 -0.8446 0.2289
vn -0.8713 0.2664 0.4121
vn -0.0222 0.9997 0.0105
vn -0.4460 -0.8698 0.2109
vn -0.8821 0.2189 0.4172
vn -0.0666 0.9973 0.0315
vn -0.4068 -0.8930 0.1924
vn -0.8907 0.1707 0.4213
vn -0.1108 0.9925 0.0524
vn -0.3667 -0.9140 0.1734
vn -0.8972 0.1223 0.4243
vn -0.1547 0.9852 0.0732
vn -0.3257 -0.9328 0.1540
vn -0.9015 0.0735 0.4264
vn -0.1983 0.9756 0.0938
vn -0.2839 -0.9494 0.1343
vn -0.9037 0.0245 0.4274
vn -0.2414 0.9637 0.1142
vn -0.2414 -0.9637 0.1142
vn -0.9037 -0.0245 0.4274
vn -0.2839 0.9494 0.1343
vn -0.1983 -0.9756 0.0938
vn -0.9015 -0.0735 0.4264
vn -0.3257 0.9328 0.1540
vn -0.1547 -0.9852 0.0732
vn -0.8972 -0.1223 0.4243
vn -0.3667 0.9140 0.1734
vn -0.1108 -0.9925 0.0524
vn -0.8907 -0.1707 0.4213
vn -0.4068 0.8930 0.1924
vn -0.0666 -0.9973 0.0315
vn -0.8821 -0.2189 0.4172
vn -0.4460 0.8698 0.2109
vn -0.0222 -0.9997 0.0105
vn -0.8713 -0.2664 0.4121
vn -0.4840 0.8446 0.2289
vn -0.8585 -0.3133 0.4060
vn -0.5210 0.8173 0.2464
vn -0.8435 -0.3595 0.3990
vn -0.5566 0.7880 0.2632
vn -0.8266 -0.4048 0.3910
vn -0.5909 0.7568 0.2795
vn -0.8077 -0.4492 0.3820
vn -0.6237 0.7238 0.2950
vn -0.7868 -0.4924 0.3721
vn -0.6551 0.6891 0.3098
vn -0.7640 -0.5345 0.3613
vn -0.6849 0.6527 0.3239
vn -0.7394 -0.5754 0.3497
vn -0.7130 0.6148 0.3372
vn -0.7130 -0.6148 0.3372
vn -0.7394 0.5754 0.3497
vn -0.6496 -0.7238 0.2324
vn -0.8412 0.4492 0.3010
vn -0.6154 -0.7568 0.2202
vn -0.8609 0.4048 0.3080
vn -0.5797 -0.7880 0.2074
vn -0.8786 0.3595 0.3144
vn -0.5426 -0.8173 0.1941
vn -0.8941 0.3133 0.3199
vn -0.5042 -0.8446 0.1804
vn -0.9075 0.2664 0.3247
vn -0.0231 0.9997 0.0083
vn -0.4645 -0.8698 0.1662
vn -0.9187 0.2189 0.3287
vn -0.0693 0.9973 0.0248
vn -0.4237 -0.8930 0.1516
vn -0.9277 0.1707 0.3319
vn -0.1154 0.9925 0.0413
vn -0.3819 -0.9140 0.1367
vn -0.9345 0.1223 0.3344
vn -0.1612 0.9852 0.0577
vn -0.3392 -0.9328 0.1214
vn -0.9390 0.0735 0.3360
vn -0.2065 0.9756 0.0739
vn -0.2957 -0.9494 0.1058
vn -0.9413 0.0245 0.3368
vn -0.2514 0.9637 0.0900
vn -0.2514 -0.9637 0.0900
vn -0.9413 -0.0245 0.3368
vn -0.2957 0.9494 0.1058
vn -0.2065 -0.9756 0.0739
vn -0.9390 -0.0735 0.3360
vn -0.3392 0.9328 0.1214
vn -0.1612 -0.9852 0.0577
vn -0.9345 -0.1223 0.3344
vn -0.3819 0.9140 0.1367
vn -0.1154 -0.9925 0.0413
vn -0.9277 -0.1707 0.3319
vn -0.4237 0.8930 0.1516
vn -0.0693 -0.9973 0.0248
vn -0.9187 -0.2189 0.3287
vn -0.4645 0.8698 0.1662
vn -0.0231 -0.9997 0.0083
vn -0.9075 -0.2664 0.3247
vn -0.5042 0.8446 0.1804
vn -0.8941 -0.3133 0.3199
vn -0.5426 0.8173 0.1941
vn -0.8786 -0.3595 0.3144
vn -0.5797 0.7880 0.2074
vn -0.8609 -0.4048 0.3080
vn -0.6154 0.7568 0.2202
vn -0.8412 -0.4492 0.3010
vn -0.6496 0.7238 0.2324
vn -0.8195 -0.4924 0.2932
vn -0.6823 0.6891 0.2441
vn -0.7957 -0.5345 0.2847
vn -0.7133 0.6527 0.2552
vn -0.7701 -0.5754 0.2755
vn -0.7426 0.6148 0.2657
vn -0.7426 -0.6148 0.2657
vn -0.7701 0.5754 0.2755
vn -0.7133 -0.6527 0.2552
vn -0.7957 0.5345 0.2847
vn -0.6823 -0.6891 0.2441
vn -0.8195 0.4924 0.2932
vn -0.5972 -0.7880 0.1496
vn -0.9052 0.3595 0.2267
vn -0.5590 -0.8173 0.1400
vn -0.9212 0.3133 0.2307
vn -0.5194 -0.8446 0.1301
vn -0.9350 0.2664 0.2342
vn -0.0238 0.9997 0.0060
vn -0.4786 -0.8698 0.1199
vn -0.9465 0.2189 0.2371
vn -0.0714 0.9973 0.0179
vn -0.4366 -0.8930 0.1094
vn -0.9558 0.1707 0.2394
vn -0.1189 0.9925 0.0298
vn -0.3935 -0.9140 0.0986
vn -0.9628 0.1223 0.2412
vn -0.1660 0.9852 0.0416
vn -0.3495 -0.9328 0.0875
vn -0.9674 0.0735 0.2423
vn -0.2128 0.9756 0.0533
vn -0.3046 -0.9494 0.0763
vn -0.9697 0.0245 0.2429
vn -0.2590 0.9637 0.0649
vn -0.2590 -0.9637 0.0649
vn -0.9697 -0.0245 0.2429
vn -0.3046 0.9494 0.0763
vn -0.2128 -0.9756 0.0533
vn -0.9674 -0.0735 0.2423
vn -0.3495 0.9328 0.0875
vn -0.1660 -0.9852 0.0416
vn -0.9628 -0.1223 0.2412
vn -0.3935 0.9140 0.0986
vn -0.1189 -0.9925 0.0298
vn -0.9558 -0.1707 0.2394
vn -0.4366 0.8930 0.1094
vn -0.0714 -0.9973 0.0179
vn -0.9465 -0.2189 0.2371
vn -0.4786 0.8698 0.1199
vn -0.0238 -0.9997 0.0060
vn -0.9350 -0.2664 0.2342
vn -0.5194 0.8446 0.1301
vn -0.9212 -0.3133 0.2307
vn -0.5590 0.8173 0.1400
vn -0.9052 -0.3595 0.2267
vn -0.5972 0.7880 0.1496
vn -0.8870 -0.4048 0.2222
vn -0.6340 0.7568 0.1588
vn -0.8667 -0.4492 0.2171
vn -0.6693 0.7238 0.1677
vn -0.8443 -0.4924 0.2115
vn -0.7029 0.6891 0.1761
vn -0.8198 -0.5345 0.2054
vn -0.7349 0.6527 0.1841
vn -0.7934 -0.5754 0.1987
vn -0.7651 0.6148 0.1916
vn -0.7651 -0.6148 0.1916
vn -0.7934 0.5754 0.1987
vn -0.7349 -0.6527 0.1841
vn -0.8198 0.5345 0.2054
vn -0.7029 -0.6891 0.1761
vn -0.8443 0.4924 0.2115
vn -0.6693 -0.7238 0.1677
vn -0.8667 0.4492 0.2171
vn -0.6340 -0.7568 0.1588
vn -0.8870 0.4048 0.2222
vn -0.5297 -0.8446 0.0786
vn -0.9534 0.2664 0.1414
vn -0.0243 0.9997 0.0036
vn -0.4880 -0.8698 0.0724
vn -0.9652 0.2189 0.1432
vn -0.0729 0.9973 0.0108
vn -0.4452 -0.8930 0.0660
vn -0.9747 0.1707 0.1446
vn -0.1212 0.9925 0.0180
vn -0.4013 -0.9140 0.0595
vn -0.9818 0.1223 0.1456
vn -0.1693 0.9852 0.0251
vn -0.3564 -0.9328 0.0529
vn -0.9865 0.0735 0.1463
vn -0.2170 0.9756 0.0322
vn -0.3106 -0.9494 0.0461
vn -0.9889 0.0245 0.1467
vn -0.2641 0.9637 0.0392
vn -0.2641 -0.9637 0.0392
vn -0.9889 -0.0245 0.1467
vn -0.3106 0.9494 0.0461
vn -0.2170 -0.9756 0.0322
vn -0.9865 -0.0735 0.1463
vn -0.3564 0.9328 0.0529
vn -0.1693 -0.9852 0.0251
vn -0.9818 -0.1223 0.1456
vn -0.4013 0.9140 0.0595
vn -0.1212 -0.9925 0.0180
vn -0.9747 -0.1707 0.1446
vn -0.4452 0.8930 0.0660
vn -0.0729 -0.9973 0.0108
vn -0.9652 -0.2189 0.1432
vn -0.4880 0.8698 0.0724
vn -0.0243 -0.9997 0.0036
vn -0.9534 -0.2664 0.1414
vn -0.5297 0.8446 0.0786
vn -0.9394 -0.3133 0.1393
vn -0.5700 0.8173 0.0846
vn -0.9230 -0.3595 0.1369
vn -0.6090 0.7880 0.0903
vn -0.9045 -0.4048 0.1342
vn -0.6466 0.7568 0.0959
vn -0.8838 -0.4492 0.1311
vn -0.6825 0.7238 0.1012
vn -0.8609 -0.4924 0.1277
vn -0.7168 0.6891 0.1063
vn -0.8360 -0.5345 0.1240
vn -0.7494 0.6527 0.1112
vn -0.8091 -0.5754 0.1200
vn -0.7802 0.6148 0.1157
vn -0.7802 -0.6148 0.1157
vn -0.8091 0.5754 0.1200
vn -0.7494 -0.6527 0.1112
vn -0.8360 0.5345 0.1240
vn -0.7168 -0.6891 0.1063
vn -0.8609 0.4924 0.1277
vn -0.6825 -0.7238 0.1012
vn -0.8838 0.4492 0.1311
vn -0.6466 -0.7568 0.0959
vn -0.9045 0.4048 0.1342
vn -0.6090 -0.7880 0.0903
vn -0.9230 0.3595 0.1369
vn -0.5700 -0.8173 0.0846
vn -0.9394 0.3133 0.1393
vn -0.4495 -0.8930 0.0221
vn -0.9841 0.1707 0.0483
vn -0.1224 0.9925 0.0060
vn -0.4052 -0.9140 0.0199
vn -0.9913 0.1223 0.0487
vn -0.1710 0.9852 0.0084
vn -0.3598 -0.9328 0.0177
vn -0.9961 0.0735 0.0489
vn -0.2191 0.9756 0.0108
vn -0.3136 -0.9494 0.0154
vn -0.9985 0.0245 0.0491
vn -0.2667 0.9637 0.0131
vn -0.2667 -0.9637 0.0131
vn -0.9985 -0.0245 0.0491
vn -0.3136 0.9494 0.0154
vn -0.2191 -0.9756 0.0108
vn -0.9961 -0.0735 0.0489
vn -0.3598 0.9328 0.0177
vn -0.1710 -0.9852 0.0084
vn -0.9913 -0.1223 0.0487
vn -0.4052 0.9140 0.0199
vn -0.1224 -0.9925 0.0060
vn -0.9841 -0.1707 0.0483
vn -0.4495 0.8930 0.0221
vn -0.0736 -0.9973 0.0036
vn -0.9746 -0.2189 0.0479
vn -0.4928 0.8698 0.0242
vn -0.0245 -0.9997 0.0012
vn -0.9627 -0.2664 0.0473
vn -0.5348 0.8446 0.0263
vn -0.9485 -0.3133 0.0466
vn -0.5756 0.8173 0.0283
vn -0.9320 -0.3595 0.0458
vn -0.6149 0.7880 0.0302
vn -0.9133 -0.4048 0.0449
vn -0.6528 0.7568 0.0321
vn -0.8924 -0.4492 0.0438
vn -0.6891 0.7238 0.0339
vn -0.8693 -0.4924 0.0427
vn -0.7238 0.6891 0.0356
vn -0.8441 -0.5345 0.0415
vn -0.7567 0.6527 0.0372
vn -0.8169 -0.5754 0.0401
vn -0.7878 0.6148 0.0387
vn -0.7878 -0.6148 0.0387
vn -0.8169 0.5754 0.0401
vn -0.7567 -0.6527 0.0372
vn -0.8441 0.5345 0.0415
vn -0.7238 -0.6891 0.0356
vn -0.8693 0.4924 0.0427
vn -0.6891 -0.7238 0.0339
vn -0.8924 0.4492 0.0438
vn -0.6528 -0.7568 0.0321
vn -0.9133 0.4048 0.0449
vn -0.6149 -0.7880 0.0302
vn -0.9320 0.3595 0.0458
vn -0.5756 -0.8173 0.0283
vn -0.9485 0.3133 0.0466
vn -0.5348 -0.8446 0.0263
vn -0.9627 0.2664 0.0473
vn -0.0245 0.9997 0.0012
vn -0.4928 -0.8698 0.0242
vn -0.9746 0.2189 0.0479
vn -0.0736 0.9973 0.0036
vn -0.3598 -0.9328 -0.0177
vn -0.9961 0.0735 -0.0489
vn -0.2191 0.9756 -0.0108
vn -0.3136 -0.9494 -0.0154
vn -0.9985 0.0245 -0.0491
vn -0.2667 0.9637 -0.0131
vn -0.2667 -0.9637 -0.0131
vn -0.9985 -0.0245 -0.0491
vn -0.3136 0.9494 -0.0154
vn -0.2191 -0.9756 -0.0108
vn -0.9961 -0.0735 -0.0489
vn -0.3598 0.9328 -0.0177
vn -0.1710 -0.9852 -0.0084
vn -0.9913 -0.1223 -0.0487
vn -0.4052 0.9140 -0.0199
vn -0.1224 -0.9925 -0.0060
vn -0.9841 -0.1707 -0.0483
vn -0.4495 0.8930 -0.0221
vn -0.0736 -0.9973 -0.0036
vn -0.9746 -0.2189 -0.0479
vn -0.4928 0.8698 -0.0242
vn -0.0245 -0.9997 -0.0012
vn -0.9627 -0.2664 -0.0473
vn -0.5348 0.8446 -0.0263
vn -0.9485 -0.3133 -0.0466
vn -0.5756 0.8173 -0.0283
vn -0.9320 -0.3595 -0.0458
vn -0.6149 0.7880 -0.0302
vn -0.9133 -0.4048 -0.0449
vn -0.6528 0.7568 -0.0321
vn -0.8924 -0.4492 -0.0438
vn -0.6891 0.7238 -0.0339
vn -0.8693 -0.4924 -0.0427
vn -0.7238 0.6891 -0.0356
vn -0.8441 -0.5345 -0.0415
vn -0.7567 0.6527 -0.0372
vn -0.8169 -0.5754 -0.0401
vn -0.7878 0.6148 -0.0387
vn -0.7878 -0.6148 -0.0387
vn -0.8169 0.5754 -0.0401
vn -0.7567 -0.6527 -0.0372
vn -0.8441 0.5345 -0.0415
vn -0.7238 -0.6891 -0.0356
vn -0.8693 0.4924 -0.0427
vn -0.6891 -0.7238 -0.0339
vn -0.8924 0.4492 -0.0438
vn -0.6528 -0.7568 -0.0321
vn -0.9133 0.4048 -0.0449
vn -0.6149 -0.7880 -0.0302
vn -0.9320 0.3595 -0.0458
vn -0.5756 -0.8173 -0.0283
vn -0.9485 0.3133 -0.0466
vn -0.5348 -0.8446 -0.0263
vn -0.9627 0.2664 -0.0473
vn -0.0245 0.9997 -0.0012
vn -0.4928 -0.8698 -0.0242
vn -0.9746 0.2189 -0.0479
vn -0.0736 0.9973 -0.0036
vn -0.4495 -0.8930 -0.0221
vn -0.9841 0.1707 -0.0483
vn -0.1224 0.9925 -0.0060
vn -0.4052 -0.9140 -0.0199
vn -0.9913 0.1223 -0.0487
vn -0.1710 0.9852 -0.0084
vn -0.2641 -0.9637 -0.0392
vn -0.9889 -0.0245 -0.1467
vn -0.3106 0.9494 -0.0461
vn -0.2170 -0.9756 -0.0322
vn -0.9865 -0.0735 -0.1463
vn -0.3564 0.9328 -0.0529
vn -0.1693 -0.9852 -0.0251
vn -0.9818 -0.1223 -0.1456
vn -0.4013 0.9140 -0.0595
vn -0.1212 -0.9925 -0.0180
vn -0.9747 -0.1707 -0.1446
vn -0.4452 0.8930 -0.0660
vn -0.0729 -0.9973 -0.0108
vn -0.9652 -0.2189 -0.1432
vn -0.4880 0.8698 -0.0724
vn -0.0243 -0.9997 -0.0036
vn -0.9534 -0.2664 -0.1414
vn -0.5297 0.8446 -0.0786
vn -0.9394 -0.3133 -0.1393
vn -0.5700 0.8173 -0.0846
vn -0.9230 -0.3595 -0.1369
vn -0.6090 0.7880 -0.0903
vn -0.9045 -0.4048 -0.1342
vn -0.6466 0.7568 -0.0959
vn -0.8838 -0.4492 -0.1311
vn -0.6825 0.7238 -0.1012
vn -0.8609 -0.4924 -0.1277
vn -0.7168 0.6891 -0.1063
vn -0.8360 -0.5345 -0.1240
vn -0.7494 0.6527 -0.1112
vn -0.8091 -0.5754 -0.1200
vn -0.7802 0.6148 -0.1157
vn -0.7802 -0.6148 -0.1157
vn -0.8091 0.5754 -0.1200
vn -0.7494 -0.6527 -0.1112
vn -0.8360 0.5345 -0.1240
vn -0.7168 -0.6891 -0.1063
vn -0.8609 0.4924 -0.1277
vn -0.6825 -0.7238 -0.1012
vn -0.8838 0.4492 -0.1311
vn -0.6466 -0.7568 -0.0959
vn -0.9045 0.4048 -0.1342
vn -0.6090 -0.7880 -0.0903
vn -0.9230 0.3595 -0.1369
vn -0.5700 -0.8173 -0.0846
vn -0.9394 0.3133 -0.1393
vn -0.5297 -0.8446 -0.0786
vn -0.9534 0.2664 -0.1414
vn -0.0243 0.9997 -0.0036
vn -0.4880 -0.8698 -0.0724
vn -0.9652 0.2189 -0.1432
vn -0.0729 0.9973 -0.0108
vn -0.4452 -0.8930 -0.0660
vn -0.9747 0.1707 -0.1446
vn -0.1212 0.9925 -0.0180
vn -0.4013 -0.9140 -0.0595
vn -0.9818 0.1223 -0.1456
vn -0.1693 0.9852 -0.0251
vn -0.3564 -0.9328 -0.0529
vn -0.9865 0.0735 -0.1463
vn -0.2170 0.9756 -0.0322
vn -0.3106 -0.9494 -0.0461
vn -0.9889 0.0245 -0.1467
vn -0.2641 0.9637 -0.0392
vn -0.1660 -0.9852 -0.0416
vn -0.9628 -0.1223 -0.2412
vn -0.3935 0.9140 -0.0986
vn -0.1189 -0.9925 -0.0298
vn -0.9558 -0.1707 -0.2394
vn -0.4366 0.8930 -0.1094
vn -0.0714 -0.9973 -0.0179
vn -0.9465 -0.2189 -0.2371
vn -0.4786 0.8698 -0.1199
vn -0.0238 -0.9997 -0.0060
vn -0.9350 -0.2664 -0.2342
vn -0.5194 0.8446 -0.1301
vn -0.9212 -0.3133 -0.2307
vn -0.5590 0.8173 -0.1400
vn -0.9052 -0.3595 -0.2267
vn -0.5972 0.7880 -0.1496
vn -0.8870 -0.4048 -0.2222
vn -0.6340 0.7568 -0.1588
vn -0.8667 -0.4492 -0.2171
vn -0.6693 0.7238 -0.1677
vn -0.8443 -0.4924 -0.2115
vn -0.7029 0.6891 -0.1761
vn -0.8198 -0.5345 -0.2054
vn -0.7349 0.6527 -0.1841
vn -0.7934 -0.5754 -0.1987
vn -0.7651 0.6148 -0.1916
vn -0.7651 -0.6148 -0.1916
vn -0.7934 0.5754 -0.1987
vn -0.7349 -0.6527 -0.1841
vn -0.8198 0.5345 -0.2054
vn -0.7029 -0.6891 -0.1761
vn -0.8443 0.4924 -0.2115
vn -0.6693 -0.7238 -0.1677
vn -0.8667 0.4492 -0.2171
vn -0.6340 -0.7568 -0.1588
vn -0.8870 0.4048 -0.2222
vn -0.5972 -0.7880 -0.1496
vn -0.9052 0.3595 -0.2267
vn -0.5590 -0.8173 -0.1400
vn -0.9212 0.3133 -0.2307
vn -0.5194 -0.8446 -0.1301
vn -0.9350 0.2664 -0.2342
vn -0.0238 0.9997 -0.0060
vn -0.4786 -0.8698 -0.1199
vn -0.9465 0.2189 -0.2371
vn -0.0714 0.9973 -0.0179
vn -0.4366 -0.8930 -0.1094
vn -0.9558 0.1707 -0.2394
vn -0.1189 0.9925 -0.0298
vn -0.3935 -0.9140 -0.0986
vn -0.9628 0.1223 -0.2412
vn -0.1660 0.9852 -0.0416
vn -0.3495 -0.9328 -0.0875
vn -0.9674 0.0735 -0.2423
vn -0.2128 0.9756 -0.0533
vn -0.3046 -0.9494 -0.0763
vn -0.9697 0.0245 -0.2429
vn -0.2590 0.9637 -0.0649
vn -0.2590 -0.9637 -0.0649
vn -0.9697 -0.0245 -0.2429
vn -0.3046 0.9494 -0.0763
vn -0.2128 -0.9756 -0.0533
vn -0.9674 -0.0735 -0.2423
vn -0.3495 0.9328 -0.0875
vn -0.5426 -0.8173 -0.1941
vn -0.9187 -0.2189 -0.3287
vn -0.4645 0.8698 -0.1662
vn -0.5041 -0.8446 -0.1804
vn -0.9075 -0.2664 -0.3247
vn -0.5041 0.8446 -0.1804
vn -0.4645 -0.8698 -0.1662
vn -0.5426 0.8173 -0.1941
vn -0.4237 -0.8930 -0.1516
vn -0.5797 0.7880 -0.2074
vn -0.3819 -0.9140 -0.1367
vn -0.6154 0.7568 -0.2202
vn -0.3392 -0.9328 -0.1214
vn -0.6496 0.7238 -0.2324
vn -0.2957 -0.9494 -0.1058
vn -0.6823 0.6891 -0.2441
vn -0.2514 -0.9637 -0.0900
vn -0.7133 0.6527 -0.2552
vn -0.2065 -0.9756 -0.0739
vn -0.7426 0.6148 -0.2657
vn -0.1612 -0.9852 -0.0577
vn -0.7701 0.5754 -0.2755
vn -0.1154 -0.9925 -0.0413
vn -0.7957 0.5345 -0.2847
vn -0.0693 -0.9973 -0.0248
vn -0.8195 0.4924 -0.2932
vn -0.0231 -0.9997 -0.0083
vn -0.8412 0.4492 -0.3010
vn -0.8941 -0.3133 -0.3199
vn -0.8609 0.4048 -0.3081
vn -0.8786 -0.3595 -0.3144
vn -0.8786 0.3595 -0.3144
vn -0.8609 -0.4048 -0.3081
vn -0.8941 0.3133 -0.3199
vn -0.8412 -0.4492 -0.3010
vn -0.9075 0.2664 -0.3247
vn -0.0231 0.9997 -0.0083
vn -0.8195 -0.4924 -0.2932
vn -0.9187 0.2189 -0.3287
vn -0.0693 0.9973 -0.0248
vn -0.7957 -0.5345 -0.2847
vn -0.9277 0.1707 -0.3319
vn -0.1154 0.9925 -0.0413
vn -0.7701 -0.5754 -0.2755
vn -0.9345 0.1223 -0.3344
vn -0.1612 0.9852 -0.0577
vn -0.7426 -0.6148 -0.2657
vn -0.9390 0.0735 -0.3360
vn -0.2065 0.9756 -0.0739
vn -0.7133 -0.6527 -0.2552
vn -0.9413 0.0245 -0.3368
vn -0.2514 0.9637 -0.0900
vn -0.6823 -0.6891 -0.2441
vn -0.9413 -0.0245 -0.3368
vn -0.2957 0.9494 -0.1058
vn -0.6496 -0.7238 -0.2324
vn -0.9390 -0.0735 -0.3360
vn -0.3392 0.9328 -0.1214
vn -0.6154 -0.7568 -0.2202
vn -0.9345 -0.1223 -0.3344
vn -0.3819 0.9140 -0.1367
vn -0.5797 -0.7880 -0.2074
vn -0.9277 -0.1707 -0.3319
vn -0.4237 0.8930 -0.1516
vn -0.4460 -0.8698 -0.2109
vn -0.8821 0.2189 -0.4172
vn -0.0666 0.9973 -0.0315
vn -0.4068 -0.8930 -0.1924
vn -0.8907 0.1707 -0.4213
vn -0.1108 0.9925 -0.0524
vn -0.3667 -0.9140 -0.1734
vn -0.8972 0.1223 -0.4243
vn -0.1547 0.9852 -0.0732
vn -0.3257 -0.9328 -0.1540
vn -0.9015 0.0735 -0.4264
vn -0.1983 0.9756 -0.0938
vn -0.2839 -0.9494 -0.1343
vn -0.9037 0.0245 -0.4274
vn -0.2414 0.9637 -0.1142
vn -0.2414 -0.9637 -0.1142
vn -0.9037 -0.0245 -0.4274
vn -0.2839 0.9494 -0.1343
vn -0.1983 -0.9756 -0.0938
vn -0.9015 -0.0735 -0.4264
vn -0.3257 0.9328 -0.1540
vn -0.1547 -0.9852 -0.0732
vn -0.8972 -0.1223 -0.4243
vn -0.3667 0.9140 -0.1734
vn -0.1108 -0.9925 -0.0524
vn -0.8907 -0.1707 -0.4213
vn -0.4068 0.8930 -0.1924
vn -0.0666 -0.9973 -0.0315
vn -0.8821 -0.2189 -0.4172
vn -0.4460 0.8698 -0.2109
vn -0.0222 -0.9997 -0.0105
vn -0.8713 -0.2664 -0.4121
vn -0.4840 0.8446 -0.2289
vn -0.8585 -0.3133 -0.4060
vn -0.5210 0.8173 -0.2464
vn -0.8435 -0.3595 -0.3990
vn -0.5566 0.7880 -0.2632
vn -0.8266 -0.4048 -0.3910
vn -0.5909 0.7568 -0.2795
vn -0.8077 -0.4492 -0.3820
vn -0.6237 0.7238 -0.2950
vn -0.7868 -0.4924 -0.3721
vn -0.6551 0.6891 -0.3098
vn -0.7640 -0.5345 -0.3613
vn -0.6849 0.6527 -0.3239
vn -0.7394 -0.5754 -0.3497
vn -0.7130 0.6148 -0.3372
vn -0.7130 -0.6148 -0.3372
vn -0.7394 0.5754 -0.3497
vn -0.6849 -0.6527 -0.3239
vn -0.7640 0.5345 -0.3613
vn -0.6551 -0.6891 -0.3098
vn -0.7868 0.4924 -0.3721
vn -0.6237 -0.7238 -0.2950
vn -0.8077 0.4492 -0.3820
vn -0.5909 -0.7568 -0.2795
vn -0.8266 0.4048 -0.3910
vn -0.5566 -0.7880 -0.2632
vn -0.8435 0.3595 -0.3990
vn -0.5210 -0.8173 -0.2464
vn -0.8585 0.3133 -0.4060
vn -0.4840 -0.8446 -0.2289
vn -0.8713 0.2664 -0.4121
vn -0.0222 0.9997 -0.0105
vn -0.3479 -0.9140 -0.2085
vn -0.8513 0.1223 -0.5102
vn -0.1468 0.9852 -0.0880
vn -0.3090 -0.9328 -0.1852
vn -0.8554 0.0735 -0.5127
vn -0.1881 0.9756 -0.1128
vn -0.2693 -0.9494 -0.1614
vn -0.8575 0.0245 -0.5139
vn -0.2290 0.9637 -0.1373
vn -0.2290 -0.9637 -0.1373
vn -0.8575 -0.0245 -0.5139
vn -0.2693 0.9494 -0.1614
vn -0.1881 -0.9756 -0.1128
vn -0.8554 -0.0735 -0.5127
vn -0.3090 0.9328 -0.1852
vn -0.1468 -0.9852 -0.0880
vn -0.8513 -0.1223 -0.5102
vn -0.3479 0.9140 -0.2085
vn -0.1051 -0.9925 -0.0630
vn -0.8451 -0.1707 -0.5066
vn -0.3860 0.8930 -0.2314
vn -0.0632 -0.9973 -0.0379
vn -0.8369 -0.2189 -0.5016
vn -0.4232 0.8698 -0.2536
vn -0.0211 -0.9997 -0.0126
vn -0.8267 -0.2664 -0.4955
vn -0.4593 0.8446 -0.2753
vn -0.8145 -0.3133 -0.4882
vn -0.4943 0.8173 -0.2963
vn -0.8004 -0.3595 -0.4797
vn -0.5281 0.7880 -0.3165
vn -0.7843 -0.4048 -0.4701
vn -0.5606 0.7568 -0.3360
vn -0.7663 -0.4492 -0.4593
vn -0.5918 0.7238 -0.3547
vn -0.7465 -0.4924 -0.4474
vn -0.6216 0.6891 -0.3726
vn -0.7249 -0.5345 -0.4345
vn -0.6498 0.6527 -0.3895
vn -0.7015 -0.5754 -0.4205
vn -0.6765 0.6148 -0.4055
vn -0.6765 -0.6148 -0.4055
vn -0.7015 0.5754 -0.4205
vn -0.6498 -0.6527 -0.3895
vn -0.7249 0.5345 -0.4345
vn -0.6216 -0.6891 -0.3726
vn -0.7465 0.4924 -0.4474
vn -0.5918 -0.7238 -0.3547
vn -0.7663 0.4492 -0.4593
vn -0.5606 -0.7568 -0.3360
vn -0.7843 0.4048 -0.4701
vn -0.5281 -0.7880 -0.3165
vn -0.8004 0.3595 -0.4797
vn -0.4943 -0.8173 -0.2963
vn -0.8145 0.3133 -0.4882
vn -0.4593 -0.8446 -0.2753
vn -0.8267 0.2664 -0.4955
vn -0.0211 0.9997 -0.0126
vn -0.4232 -0.8698 -0.2536
vn -0.8369 0.2189 -0.5016
vn -0.0632 0.9973 -0.0379
vn -0.3860 -0.8930 -0.2314
vn -0.8451 0.1707 -0.5066
vn -0.1051 0.9925 -0.0630
vn -0.2522 -0.9494 -0.1871
vn -0.8030 0.0245 -0.5955
vn -0.2145 0.9637 -0.1591
vn -0.2145 -0.9637 -0.1591
vn -0.8030 -0.0245 -0.5955
vn -0.2522 0.9494 -0.1871
vn -0.1762 -0.9756 -0.1307
vn -0.8010 -0.0735 -0.5941
vn -0.2894 0.9328 -0.2146
vn -0.1375 -0.9852 -0.1020
vn -0.7972 -0.1223 -0.5912
vn -0.3258 0.9140 -0.2416
vn -0.0984 -0.9925 -0.0730
vn -0.7914 -0.1707 -0.5870
vn -0.3615 0.8930 -0.2681
vn -0.0592 -0.9973 -0.0439
vn -0.7837 -0.2189 -0.5813
vn -0.3963 0.8698 -0.2939
vn -0.0197 -0.9997 -0.0146
vn -0.7742 -0.2664 -0.5742
vn -0.4301 0.8446 -0.3190
vn -0.7628 -0.3133 -0.5657
vn -0.4629 0.8173 -0.3433
vn -0.7495 -0.3595 -0.5559
vn -0.4945 0.7880 -0.3668
vn -0.7344 -0.4048 -0.5447
vn -0.5250 0.7568 -0.3894
vn -0.7176 -0.4492 -0.5322
vn -0.5542 0.7238 -0.4110
vn -0.6991 -0.4924 -0.5185
vn -0.5821 0.6891 -0.4317
vn -0.6788 -0.5345 -0.5035
vn -0.6085 0.6527 -0.4513
vn -0.6569 -0.5754 -0.4872
vn -0.6335 0.6148 -0.4698
vn -0.6335 -0.6148 -0.4698
vn -0.6569 0.5754 -0.4872
vn -0.6085 -0.6527 -0.4513
vn -0.6788 0.5345 -0.5035
vn -0.5821 -0.6891 -0.4317
vn -0.6991 0.4924 -0.5185
vn -0.5542 -0.7238 -0.4110
vn -0.7176 0.4492 -0.5322
vn -0.5250 -0.7568 -0.3894
vn -0.7344 0.4048 -0.5447
vn -0.4945 -0.7880 -0.3668
vn -0.7495 0.3595 -0.5559
vn -0.4629 -0.8173 -0.3433
vn -0.7628 0.3133 -0.5657
vn -0.4301 -0.8446 -0.3190
vn -0.7742 0.2664 -0.5742
vn -0.0197 0.9997 -0.0146
vn -0.3963 -0.8698 -0.2939
vn -0.7837 0.2189 -0.5813
vn -0.0592 0.9973 -0.0439
vn -0.3615 -0.8930 -0.2681
vn -0.7914 0.1707 -0.5870
vn -0.0984 0.9925 -0.0730
vn -0.3258 -0.9140 -0.2416
vn -0.7972 0.1223 -0.5912
vn -0.1375 0.9852 -0.1020
vn -0.2894 -0.9328 -0.2146
vn -0.8010 0.0735 -0.5941
vn -0.1762 0.9756 -0.1307
vn -0.1625 -0.9756 -0.1473
vn -0.7389 -0.0735 -0.6697
vn -0.2669 0.9328 -0.2419
vn -0.1268 -0.9852 -0.1149
vn -0.7354 -0.1223 -0.6665
vn -0.3006 0.9140 -0.2724
vn -0.0908 -0.9925 -0.0823
vn -0.7301 -0.1707 -0.6617
vn -0.3335 0.8930 -0.3022
vn -0.0546 -0.9973 -0.0495
vn -0.7230 -0.2189 -0.6553
vn -0.3655 0.8698 -0.3313
vn -0.0182 -0.9997 -0.0165
vn -0.7142 -0.2664 -0.6473
vn -0.3967 0.8446 -0.3596
vn -0.7036 -0.3133 -0.6377
vn -0.4270 0.8173 -0.3870
vn -0.6914 -0.3595 -0.6267
vn -0.4562 0.7880 -0.4135
vn -0.6775 -0.4048 -0.6141
vn -0.4843 0.7568 -0.4389
vn -0.6620 -0.4492 -0.6000
vn -0.5112 0.7238 -0.4634
vn -0.6449 -0.4924 -0.5845
vn -0.5369 0.6891 -0.4867
vn -0.6262 -0.5345 -0.5676
vn -0.5613 0.6527 -0.5088
vn -0.6060 -0.5754 -0.5493
vn -0.5844 0.6148 -0.5297
vn -0.5844 -0.6148 -0.5297
vn -0.6060 0.5754 -0.5493
vn -0.5613 -0.6527 -0.5088
vn -0.6262 0.5345 -0.5676
vn -0.5369 -0.6891 -0.4867
vn -0.6449 0.4924 -0.5845
vn -0.5112 -0.7238 -0.4634
vn -0.6620 0.4492 -0.6000
vn -0.4843 -0.7568 -0.4389
vn -0.6775 0.4048 -0.6141
vn -0.4562 -0.7880 -0.4135
vn -0.6914 0.3595 -0.6267
vn -0.4270 -0.8173 -0.3870
vn -0.7036 0.3133 -0.6377
vn -0.3967 -0.8446 -0.3596
vn -0.7142 0.2664 -0.6473
vn -0.0182 0.9997 -0.0165
vn -0.3655 -0.8698 -0.3313
vn -0.7230 0.2189 -0.6553
vn -0.0546 0.9973 -0.0495
vn -0.3335 -0.8930 -0.3022
vn -0.7301 0.1707 -0.6617
vn -0.0908 0.9925 -0.0823
vn -0.3006 -0.9140 -0.2724
vn -0.7354 0.1223 -0.6665
vn -0.1268 0.9852 -0.1149
vn -0.2669 -0.9328 -0.2419
vn -0.7389 0.0735 -0.6697
vn -0.1625 0.9756 -0.1473
vn -0.2327 -0.9494 -0.2109
vn -0.7407 0.0245 -0.6714
vn -0.1978 0.9637 -0.1793
vn -0.1978 -0.9637 -0.1793
vn -0.7407 -0.0245 -0.6714
vn -0.2327 0.9494 -0.2109
vn -0.0823 -0.9925 -0.0908
vn -0.6617 -0.1707 -0.7301
vn -0.3022 0.8930 -0.3335
vn -0.0495 -0.9973 -0.0546
vn -0.6553 -0.2189 -0.7230
vn -0.3313 0.8698 -0.3655
vn -0.0165 -0.9997 -0.0182
vn -0.6473 -0.2664 -0.7142
vn -0.3596 0.8446 -0.3967
vn -0.6377 -0.3133 -0.7036
vn -0.3870 0.8173 -0.4270
vn -0.6267 -0.3595 -0.6914
vn -0.4135 0.7880 -0.4562
vn -0.6141 -0.4048 -0.6775
vn -0.4389 0.7568 -0.4843
vn -0.6000 -0.4492 -0.6620
vn -0.4634 0.7238 -0.5112
vn -0.5845 -0.4924 -0.6449
vn -0.4867 0.6891 -0.5369
vn -0.5676 -0.5345 -0.6262
vn -0.5088 0.6527 -0.5613
vn -0.5493 -0.5754 -0.6060
vn -0.5297 0.6148 -0.5844
vn -0.5297 -0.6148 -0.5844
vn -0.5493 0.5754 -0.6060
vn -0.5088 -0.6527 -0.5613
vn -0.5676 0.5345 -0.6262
vn -0.4867 -0.6891 -0.5369
vn -0.5845 0.4925 -0.6449
vn -0.4634 -0.7238 -0.5112
vn -0.6000 0.4492 -0.6620
vn -0.4389 -0.7568 -0.4843
vn -0.6141 0.4048 -0.6775
vn -0.4135 -0.7880 -0.4562
vn -0.6267 0.3595 -0.6914
vn -0.3870 -0.8173 -0.4270
vn -0.6377 0.3133 -0.7036
vn -0.3596 -0.8446 -0.3967
vn -0.6473 0.2664 -0.7142
vn -0.0165 0.9997 -0.0182
vn -0.3313 -0.8698 -0.3655
vn -0.6553 0.2189 -0.7230
vn -0.0495 0.9973 -0.0546
vn -0.3022 -0.8930 -0.3335
vn -0.6617 0.1707 -0.7301
vn -0.0823 0.9925 -0.0908
vn -0.2724 -0.9140 -0.3006
vn -0.6665 0.1223 -0.7354
vn -0.1149 0.9852 -0.1268
vn -0.2419 -0.9328 -0.2669
vn -0.6697 0.0735 -0.7389
vn -0.1473 0.9756 -0.1625
vn -0.2109 -0.9494 -0.2327
vn -0.6714 0.0245 -0.7407
vn -0.1793 0.9637 -0.1978
vn -0.1793 -0.9637 -0.1978
vn -0.6714 -0.0245 -0.7407
vn -0.2109 0.9494 -0.2327
vn -0.1473 -0.9756 -0.1625
vn -0.6697 -0.0735 -0.7389
vn -0.2419 0.9328 -0.2669
vn -0.1149 -0.9852 -0.1268
vn -0.6665 -0.1223 -0.7354
vn -0.2724 0.9140 -0.3006
vn -0.0146 -0.9997 -0.0197
vn -0.5742 -0.2664 -0.7742
vn -0.3190 0.8446 -0.4301
vn -0.5657 -0.3133 -0.7628
vn -0.3433 0.8173 -0.4629
vn -0.5559 -0.3595 -0.7495
vn -0.3668 0.7880 -0.4945
vn -0.5447 -0.4048 -0.7344
vn -0.3894 0.7568 -0.5250
vn -0.5322 -0.4492 -0.7176
vn -0.4110 0.7238 -0.5542
vn -0.5185 -0.4924 -0.6991
vn -0.4317 0.6891 -0.5821
vn -0.5035 -0.5345 -0.6788
vn -0.4513 0.6527 -0.6085
vn -0.4872 -0.5754 -0.6569
vn -0.4698 0.6148 -0.6335
vn -0.4698 -0.6148 -0.6335
vn -0.4872 0.5754 -0.6569
vn -0.4513 -0.6527 -0.6085
vn -0.5035 0.5345 -0.6788
vn -0.4317 -0.6891 -0.5821
vn -0.5185 0.4924 -0.6991
vn -0.4110 -0.7238 -0.5542
vn -0.5322 0.4492 -0.7176
vn -0.3894 -0.7568 -0.5250
vn -0.5447 0.4048 -0.7344
vn -0.3668 -0.7880 -0.4945
vn -0.5559 0.3595 -0.7495
vn -0.3433 -0.8173 -0.4629
vn -0.5657 0.3133 -0.7628
vn -0.3190 -0.8446 -0.4301
vn -0.5742 0.2664 -0.7742
vn -0.0146 0.9997 -0.0197
vn -0.2939 -0.8698 -0.3963
vn -0.5813 0.2189 -0.7837
vn -0.0439 0.9973 -0.0592
vn -0.2681 -0.8930 -0.3615
vn -0.5870 0.1707 -0.7914
vn -0.0730 0.9925 -0.0984
vn -0.2416 -0.9140 -0.3258
vn -0.5912 0.1223 -0.7972
vn -0.1020 0.9852 -0.1375
vn -0.2146 -0.9328 -0.2894
vn -0.5941 0.0735 -0.8010
vn -0.1307 0.9756 -0.1762
vn -0.1871 -0.9494 -0.2522
vn -0.5955 0.0245 -0.8030
vn -0.1591 0.9637 -0.2145
vn -0.1591 -0.9637 -0.2145
vn -0.5955 -0.0245 -0.8030
vn -0.1871 0.9494 -0.2522
vn -0.1307 -0.9756 -0.1762
vn -0.5941 -0.0735 -0.8010
vn -0.2146 0.9328 -0.2894
vn -0.1020 -0.9852 -0.1375
vn -0.5912 -0.1223 -0.7972
vn -0.2416 0.9140 -0.3258
vn -0.0730 -0.9925 -0.0984
vn -0.5870 -0.1707 -0.7914
vn -0.2681 0.8930 -0.3615
vn -0.0439 -0.9973 -0.0592
vn -0.5813 -0.2189 -0.7837
vn -0.2939 0.8698 -0.3963
vn -0.4797 -0.3595 -0.8004
vn -0.3165 0.7880 -0.5281
vn -0.4701 -0.4048 -0.7843
vn -0.3360 0.7568 -0.5606
vn -0.4593 -0.4492 -0.7663
vn -0.3547 0.7238 -0.5918
vn -0.4474 -0.4925 -0.7465
vn -0.3726 0.6891 -0.6216
vn -0.4345 -0.5345 -0.7249
vn -0.3895 0.6527 -0.6498
vn -0.4205 -0.5754 -0.7015
vn -0.4055 0.6148 -0.6765
vn -0.4055 -0.6148 -0.6765
vn -0.4205 0.5754 -0.7015
vn -0.3895 -0.6527 -0.6498
vn -0.4345 0.5345 -0.7249
vn -0.3726 -0.6891 -0.6216
vn -0.4474 0.4924 -0.7465
vn -0.3547 -0.7238 -0.5918
vn -0.4593 0.4492 -0.7663
vn -0.3360 -0.7568 -0.5606
vn -0.4701 0.4048 -0.7843
vn -0.3165 -0.7880 -0.5281
vn -0.4797 0.3595 -0.8004
vn -0.2963 -0.8173 -0.4943
vn -0.4882 0.3133 -0.8145
vn -0.2753 -0.8446 -0.4593
vn -0.4955 0.2664 -0.8267
vn -0.0126 0.9997 -0.0211
vn -0.2536 -0.8698 -0.4232
vn -0.5016 0.2189 -0.8369
vn -0.0379 0.9973 -0.0632
vn -0.2314 -0.8930 -0.3860
vn -0.5066 0.1707 -0.8451
vn -0.0630 0.9925 -0.1051
vn -0.2085 -0.9140 -0.3479
vn -0.5102 0.1223 -0.8513
vn -0.0880 0.9852 -0.1468
vn -0.1852 -0.9328 -0.3090
vn -0.5127 0.0735 -0.8554
vn -0.1128 0.9756 -0.1881
vn -0.1614 -0.9494 -0.2693
vn -0.5139 0.0245 -0.8575
vn -0.1373 0.9637 -0.2290
vn -0.1373 -0.9637 -0.2290
vn -0.5139 -0.0245 -0.8575
vn -0.1614 0.9494 -0.2693
vn -0.1128 -0.9756 -0.1881
vn -0.5127 -0.0735 -0.8554
vn -0.1852 0.9328 -0.3090
vn -0.0880 -0.9852 -0.1468
vn -0.5102 -0.1223 -0.8513
vn -0.2085 0.9140 -0.3479
vn -0.0630 -0.9925 -0.1051
vn -0.5066 -0.1707 -0.8451
vn -0.2314 0.8930 -0.3860
vn -0.0379 -0.9973 -0.0632
vn -0.5016 -0.2189 -0.8369
vn -0.2536 0.8698 -0.4232
vn -0.0126 -0.9997 -0.0211
vn -0.4955 -0.2664 -0.8267
vn -0.2753 0.8446 -0.4593
vn -0.4882 -0.3133 -0.8145
vn -0.2963 0.8173 -0.4943
vn -0.3820 -0.4492 -0.8077
vn -0.2950 0.7238 -0.6237
vn -0.3721 -0.4925 -0.7868
vn -0.3098 0.6891 -0.6551
vn -0.3613 -0.5345 -0.7640
vn -0.3239 0.6527 -0.6849
vn -0.3497 -0.5754 -0.7394
vn -0.3372 0.6148 -0.7130
vn -0.3372 -0.6148 -0.7130
vn -0.3497 0.5754 -0.7394
vn -0.3239 -0.6527 -0.6849
vn -0.3613 0.5345 -0.7640
vn -0.3098 -0.6891 -0.6551
vn -0.3721 0.4925 -0.7868
vn -0.2950 -0.7238 -0.6237
vn -0.3820 0.4492 -0.8077
vn -0.2795 -0.7568 -0.5909
vn -0.3910 0.4048 -0.8266
vn -0.2632 -0.7880 -0.5566
vn -0.3990 0.3595 -0.8435
vn -0.2464 -0.8173 -0.5210
vn -0.4060 0.3133 -0.8585
vn -0.2289 -0.8446 -0.4840
vn -0.4121 0.2664 -0.8713
vn -0.0105 0.9997 -0.0222
vn -0.2109 -0.8698 -0.4460
vn -0.4172 0.2189 -0.8821
vn -0.0315 0.9973 -0.0666
vn -0.1924 -0.8930 -0.4068
vn -0.4213 0.1707 -0.8907
vn -0.0524 0.9925 -0.1108
vn -0.1734 -0.9140 -0.3667
vn -0.4243 0.1223 -0.8972
vn -0.0732 0.9852 -0.1547
vn -0.1540 -0.9328 -0.3257
vn -0.4264 0.0735 -0.9015
vn -0.0938 0.9756 -0.1983
vn -0.1343 -0.9494 -0.2839
vn -0.4274 0.0245 -0.9037
vn -0.1142 0.9637 -0.2414
vn -0.1142 -0.9637 -0.2414
vn -0.4274 -0.0245 -0.9037
vn -0.1343 0.9494 -0.2839
vn -0.0938 -0.9756 -0.1983
vn -0.4264 -0.0735 -0.9015
vn -0.1540 0.9328 -0.3257
vn -0.0732 -0.9852 -0.1547
vn -0.4243 -0.1223 -0.8972
vn -0.1734 0.9140 -0.3667
vn -0.0524 -0.9925 -0.1108
vn -0.4213 -0.1707 -0.8907
vn -0.1924 0.8930 -0.4068
vn -0.0315 -0.9973 -0.0666
vn -0.4172 -0.2189 -0.8821
vn -0.2109 0.8698 -0.4460
vn -0.0105 -0.9997 -0.0222
vn -0.4121 -0.2664 -0.8713
vn -0.2289 0.8446 -0.4840
vn -0.4060 -0.3133 -0.8585
vn -0.2464 0.8173 -0.5210
vn -0.3990 -0.3595 -0.8435
vn -0.2632 0.7880 -0.5566
vn -0.3910 -0.4048 -0.8266
vn -0.2795 0.7568 -0.5909
vn -0.2847 -0.5345 -0.7957
vn -0.2552 0.6527 -0.7133
vn -0.2755 -0.5754 -0.7701
vn -0.2657 0.6148 -0.7426
vn -0.2657 -0.6148 -0.7426
vn -0.2755 0.5754 -0.7701
vn -0.2552 -0.6527 -0.7133
vn -0.2847 0.5345 -0.7957
vn -0.2441 -0.6891 -0.6823
vn -0.2932 0.4925 -0.8195
vn -0.2324 -0.7238 -0.6496
vn -0.3010 0.4492 -0.8412
vn -0.2202 -0.7568 -0.6154
vn -0.3081 0.4048 -0.8609
vn -0.2074 -0.7880 -0.5797
vn -0.3144 0.3595 -0.8786
vn -0.1941 -0.8173 -0.5426
vn -0.3199 0.3133 -0.8941
vn -0.1804 -0.8446 -0.5041
vn -0.3247 0.2664 -0.9075
vn -0.0083 0.9997 -0.0231
vn -0.1662 -0.8698 -0.4645
vn -0.3287 0.2189 -0.9187
vn -0.0248 0.9973 -0.0693
vn -0.1516 -0.8930 -0.4237
vn -0.3319 0.1707 -0.9277
vn -0.0413 0.9925 -0.1154
vn -0.1367 -0.9140 -0.3819
vn -0.3344 0.1223 -0.9345
vn -0.0577 0.9852 -0.1612
vn -0.1214 -0.9328 -0.3392
vn -0.3360 0.0735 -0.9390
vn -0.0739 0.9756 -0.2065
vn -0.1058 -0.9494 -0.2957
vn -0.3368 0.0245 -0.9413
vn -0.0900 0.9637 -0.2514
vn -0.0900 -0.9637 -0.2514
vn -0.3368 -0.0245 -0.9413
vn -0.1058 0.9494 -0.2957
vn -0.0739 -0.9756 -0.2065
vn -0.3360 -0.0735 -0.9390
vn -0.1214 0.9328 -0.3392
vn -0.0577 -0.9852 -0.1612
vn -0.3344 -0.1223 -0.9345
vn -0.1367 0.9140 -0.3819
vn -0.0413 -0.9925 -0.1154
vn -0.3319 -0.1707 -0.9277
vn -0.1516 0.8930 -0.4237
vn -0.0248 -0.9973 -0.0693
vn -0.3287 -0.2189 -0.9187
vn -0.1662 0.8698 -0.4645
vn -0.0083 -0.9997 -0.0231
vn -0.3247 -0.2664 -0.9075
vn -0.1804 0.8446 -0.5041
vn -0.3199 -0.3133 -0.8941
vn -0.1941 0.8173 -0.5426
vn -0.3144 -0.3595 -0.8786
vn -0.2074 0.7880 -0.5797
vn -0.3081 -0.4048 -0.8609
vn -0.2202 0.7568 -0.6154
vn -0.3010 -0.4492 -0.8412
vn -0.2324 0.7238 -0.6496
vn -0.2932 -0.4925 -0.8195
vn -0.2441 0.6891 -0.6823
vn -0.1916 -0.6148 -0.7651
vn -0.1987 0.5754 -0.7934
vn -0.1841 -0.6527 -0.7349
vn -0.2054 0.5345 -0.8198
vn -0.1761 -0.6891 -0.7029
vn -0.2115 0.4925 -0.8443
vn -0.1677 -0.7238 -0.6693
vn -0.2171 0.4492 -0.8667
vn -0.1588 -0.7568 -0.6340
vn -0.2222 0.4048 -0.8870
vn -0.1496 -0.7880 -0.5972
vn -0.2267 0.3595 -0.9052
vn -0.1400 -0.8173 -0.5590
vn -0.2307 0.3133 -0.9212
vn -0.1301 -0.8446 -0.5194
vn -0.2342 0.2664 -0.9350
vn -0.0060 0.9997 -0.0238
vn -0.1199 -0.8698 -0.4786
vn -0.2371 0.2189 -0.9465
vn -0.0179 0.9973 -0.0714
vn -0.1094 -0.8930 -0.4366
vn -0.2394 0.1707 -0.9558
vn -0.0298 0.9925 -0.1189
vn -0.0986 -0.9140 -0.3935
vn -0.2412 0.1223 -0.9628
vn -0.0416 0.9852 -0.1660
vn -0.0875 -0.9328 -0.3495
vn -0.2423 0.0735 -0.9674
vn -0.0533 0.9756 -0.2128
vn -0.0763 -0.9494 -0.3046
vn -0.2429 0.0245 -0.9697
vn -0.0649 0.9637 -0.2590
vn -0.0649 -0.9637 -0.2590
vn -0.2429 -0.0245 -0.9697
vn -0.0763 0.9494 -0.3046
vn -0.0533 -0.9756 -0.2128
vn -0.2423 -0.0735 -0.9674
vn -0.0875 0.9328 -0.3495
vn -0.0416 -0.9852 -0.1660
vn -0.2412 -0.1223 -0.9628
vn -0.0986 0.9140 -0.3935
vn -0.0298 -0.9925 -0.1189
vn -0.2394 -0.1707 -0.9558
vn -0.1094 0.8930 -0.4366
vn -0.0179 -0.9973 -0.0714
vn -0.2371 -0.2189 -0.9465
vn -0.1199 0.8698 -0.4786
vn -0.0060 -0.9997 -0.0238
vn -0.2342 -0.2664 -0.9350
vn -0.1301 0.8446 -0.5194
vn -0.2307 -0.3133 -0.9212
vn -0.1400 0.8173 -0.5590
vn -0.2267 -0.3595 -0.9052
vn -0.1496 0.7880 -0.5972
vn -0.2222 -0.4048 -0.8870
vn -0.1588 0.7568 -0.6340
vn -0.2171 -0.4492 -0.8667
vn -0.1677 0.7238 -0.6693
vn -0.2115 -0.4925 -0.8443
vn -0.1761 0.6891 -0.7029
vn -0.2054 -0.5345 -0.8198
vn -0.1841 0.6527 -0.7349
vn -0.1987 -0.5754 -0.7934
vn -0.1916 0.6148 -0.7651
vn -0.1063 -0.6891 -0.7168
vn -0.1277 0.4925 -0.8609
vn -0.1012 -0.7238 -0.6825
vn -0.1311 0.4492 -0.8838
vn -0.0959 -0.7568 -0.6466
vn -0.1342 0.4048 -0.9045
vn -0.0903 -0.7880 -0.6090
vn -0.1369 0.3595 -0.9230
vn -0.0846 -0.8173 -0.5700
vn -0.1393 0.3133 -0.9394
vn -0.0786 -0.8446 -0.5297
vn -0.1414 0.2664 -0.9534
vn -0.0036 0.9997 -0.0243
vn -0.0724 -0.8698 -0.4880
vn -0.1432 0.2189 -0.9652
vn -0.0108 0.9973 -0.0729
vn -0.0660 -0.8930 -0.4452
vn -0.1446 0.1707 -0.9747
vn -0.0180 0.9925 -0.1212
vn -0.0595 -0.9140 -0.4013
vn -0.1456 0.1223 -0.9818
vn -0.0251 0.9852 -0.1693
vn -0.0529 -0.9328 -0.3564
vn -0.1463 0.0735 -0.9865
vn -0.0322 0.9756 -0.2170
vn -0.0461 -0.9494 -0.3106
vn -0.1467 0.0245 -0.9889
vn -0.0392 0.9637 -0.2641
vn -0.0392 -0.9637 -0.2641
vn -0.1467 -0.0245 -0.9889
vn -0.0461 0.9494 -0.3106
vn -0.0322 -0.9756 -0.2170
vn -0.1463 -0.0735 -0.9865
vn -0.0529 0.9328 -0.3564
vn -0.0251 -0.9852 -0.1693
vn -0.1456 -0.1223 -0.9818
vn -0.0595 0.9140 -0.4013
vn -0.0180 -0.9925 -0.1212
vn -0.1446 -0.1707 -0.9747
vn -0.0660 0.8930 -0.4452
vn -0.0108 -0.9973 -0.0729
vn -0.1432 -0.2189 -0.9652
vn -0.0724 0.8698 -0.4880
vn -0.0036 -0.9997 -0.0243
vn -0.1414 -0.2664 -0.9534
vn -0.0786 0.8446 -0.5297
vn -0.1393 -0.3133 -0.9394
vn -0.0846 0.8173 -0.5700
vn -0.1369 -0.3595 -0.9230
vn -0.0903 0.7880 -0.6090
vn -0.1342 -0.4048 -0.9045
vn -0.0959 0.7568 -0.6466
vn -0.1311 -0.4492 -0.8838
vn -0.1012 0.7238 -0.6825
vn -0.1277 -0.4925 -0.8609
vn -0.1063 0.6891 -0.7168
vn -0.1240 -0.5345 -0.8360
vn -0.1112 0.6527 -0.7494
vn -0.1200 -0.5754 -0.8091
vn -0.1157 0.6148 -0.7802
vn -0.1157 -0.6148 -0.7802
vn -0.1200 0.5754 -0.8091
vn -0.1112 -0.6527 -0.7494
vn -0.1240 0.5345 -0.8360
vn -0.0321 -0.7568 -0.6528
vn -0.0449 0.4048 -0.9133
vn -0.0302 -0.7880 -0.6149
vn -0.0458 0.3595 -0.9320
vn -0.0283 -0.8173 -0.5756
vn -0.0466 0.3133 -0.9485
vn -0.0263 -0.8446 -0.5348
vn -0.0473 0.2664 -0.9627
vn -0.0012 0.9997 -0.0245
vn -0.0242 -0.8698 -0.4928
vn -0.0479 0.2189 -0.9746
vn -0.0036 0.9973 -0.0736
vn -0.0221 -0.8930 -0.4495
vn -0.0484 0.1707 -0.9841
vn -0.0060 0.9925 -0.1224
vn -0.0199 -0.9140 -0.4052
vn -0.0487 0.1223 -0.9913
vn -0.0084 0.9852 -0.1710
vn -0.0177 -0.9328 -0.3598
vn -0.0489 0.0735 -0.9961
vn -0.0108 0.9756 -0.2191
vn -0.0154 -0.9494 -0.3136
vn -0.0491 0.0245 -0.9985
vn -0.0131 0.9637 -0.2667
vn -0.0131 -0.9637 -0.2667
vn -0.0491 -0.0245 -0.9985
vn -0.0154 0.9494 -0.3136
vn -0.0108 -0.9756 -0.2191
vn -0.0489 -0.0735 -0.9961
vn -0.0177 0.9328 -0.3598
vn -0.0084 -0.9852 -0.1710
vn -0.0487 -0.1223 -0.9913
vn -0.0199 0.9140 -0.4052
vn -0.0060 -0.9925 -0.1224
vn -0.0484 -0.1707 -0.9841
vn -0.0221 0.8930 -0.4495
vn -0.0036 -0.9973 -0.0736
vn -0.0479 -0.2189 -0.9746
vn -0.0242 0.8698 -0.4928
vn -0.0012 -0.9997 -0.0245
vn -0.0473 -0.2664 -0.9627
vn -0.0263 0.8446 -0.5348
vn -0.0466 -0.3133 -0.9485
vn -0.0283 0.8173 -0.5756
vn -0.0458 -0.3595 -0.9320
vn -0.0302 0.7880 -0.6149
vn -0.0449 -0.4048 -0.9133
vn -0.0321 0.7568 -0.6528
vn -0.0438 -0.4492 -0.8924
vn -0.0339 0.7238 -0.6891
vn -0.0427 -0.4924 -0.8693
vn -0.0356 0.6891 -0.7238
vn -0.0415 -0.5345 -0.8441
vn -0.0372 0.6527 -0.7567
vn -0.0401 -0.5754 -0.8169
vn -0.0387 0.6148 -0.7878
vn -0.0387 -0.6148 -0.7878
vn -0.0401 0.5754 -0.8169
vn -0.0372 -0.6527 -0.7567
vn -0.0415 0.5345 -0.8441
vn -0.0356 -0.6891 -0.7238
vn -0.0427 0.4924 -0.8693
vn -0.0339 -0.7238 -0.6891
vn -0.0438 0.4492 -0.8924
vt 0.750000 0.359375
vt 0.750000 0.375000
vt 0.734375 0.375000
vt 0.734375 0.359375
vt 0.750000 0.765625
vt 0.750000 0.781250
vt 0.734375 0.781250
vt 0.734375 0.765625
vt 0.750000 0.343750
vt 0.734375 0.343750
vt 0.750000 0.750000
vt 0.734375 0.750000
vt 0.750000 0.328125
vt 0.734375 0.328125
vt 0.750000 0.734375
vt 0.734375 0.734375
vt 0.750000 0.312500
vt 0.734375 0.312500
vt 0.750000 0.718750
vt 0.734375 0.718750
vt 0.750000 0.296875
vt 0.734375 0.296875
vt 0.750000 0.703125
vt 0.734375 0.703125
vt 0.750000 0.281250
vt 0.734375 0.281250
vt 0.750000 0.687500
vt 0.734375 0.687500
vt 0.750000 0.265625
vt 0.734375 0.265625
vt 0.750000 0.671875
vt 0.734375 0.671875
vt 0.750000 0.250000
vt 0.734375 0.250000
vt 0.750000 0.656250
vt 0.734375 0.656250
vt 0.750000 0.234375
vt 0.734375 0.234375
vt 0.750000 0.640625
vt 0.734375 0.640625
vt 0.750000 0.218750
vt 0.734375 0.218750
vt 0.750000 0.625000
vt 0.734375 0.625000
vt 0.750000 0.203125
vt 0.734375 0.203125
vt 0.750000 0.609375
vt 0.734375 0.609375
vt 0.750000 0.187500
vt 0.734375 0.187500
vt 0.750000 0.593750
vt 0.734375 0.593750
vt 0.750000 0.171875
vt 0.734375 0.171875
vt 0.750000 0.578125
vt 0.734375 0.578125
vt 0.750000 0.984375
vt 0.742188 1.000000
vt 0.734375 0.984375
vt 0.750000 0.156250
vt 0.734375 0.156250
vt 0.750000 0.562500
vt 0.734375 0.562500
vt 0.750000 0.968750
vt 0.734375 0.968750
vt 0.750000 0.140625
vt 0.734375 0.140625
vt 0.750000 0.546875
vt 0.734375 0.546875
vt 0.750000 0.953125
vt 0.734375 0.953125
vt 0.750000 0.125000
vt 0.734375 0.125000
vt 0.750000 0.531250
vt 0.734375 0.531250
vt 0.750000 0.937500
vt 0.734375 0.937500
vt 0.750000 0.109375
vt 0.734375 0.109375
vt 0.750000 0.515625
vt 0.734375 0.515625
vt 0.750000 0.921875
vt 0.734375 0.921875
vt 0.750000 0.093750
vt 0.734375 0.093750
vt 0.750000 0.500000
vt 0.734375 0.500000
vt 0.750000 0.906250
vt 0.734375 0.906250
vt 0.750000 0.078125
vt 0.734375 0.078125
vt 0.750000 0.484375
vt 0.734375 0.484375
vt 0.750000 0.890625
vt 0.734375 0.890625
vt 0.750000 0.062500
vt 0.734375 0.062500
vt 0.750000 0.468750
vt 0.734375 0.468750
vt 0.750000 0.875000
vt 0.734375 0.875000
vt 0.750000 0.046875
vt 0.734375 0.046875
vt 0.750000 0.453125
vt 0.734375 0.453125
vt 0.750000 0.859375
vt 0.734375 0.859375
vt 0.750000 0.031250
vt 0.734375 0.031250
vt 0.750000 0.437500
vt 0.734375 0.437500
vt 0.750000 0.843750
vt 0.734375 0.843750
vt 0.750000 0.015625
vt 0.734375 0.015625
vt 0.750000 0.421875
vt 0.734375 0.421875
vt 0.750000 0.828125
vt 0.734375 0.828125
vt 0.742188 0.000000
vt 0.750000 0.406250
vt 0.734375 0.406250
vt 0.750000 0.812500
vt 0.734375 0.812500
vt 0.750000 0.390625
vt 0.734375 0.390625
vt 0.750000 0.796875
vt 0.734375 0.796875
vt 0.718750 0.140625
vt 0.718750 0.125000
vt 0.718750 0.546875
vt 0.718750 0.531250
vt 0.718750 0.953125
vt 0.718750 0.937500
vt 0.718750 0.109375
vt 0.718750 0.515625
vt 0.718750 0.921875
vt 0.718750 0.093750
vt 0.718750 0.500000
vt 0.718750 0.906250
vt 0.718750 0.078125
vt 0.718750 0.484375
vt 0.718750 0.890625
vt 0.718750 0.062500
vt 0.718750 0.468750
vt 0.718750 0.875000
vt 0.718750 0.046875
vt 0.718750 0.453125
vt 0.718750 0.859375
vt 0.718750 0.031250
vt 0.718750 0.437500
vt 0.718750 0.843750
vt 0.718750 0.015625
vt 0.718750 0.421875
vt 0.718750 0.828125
vt 0.726562 0.000000
vt 0.718750 0.406250
vt 0.718750 0.812500
vt 0.718750 0.390625
vt 0.718750 0.796875
vt 0.718750 0.375000
vt 0.718750 0.781250
vt 0.718750 0.359375
vt 0.718750 0.765625
vt 0.718750 0.343750
vt 0.718750 0.750000
vt 0.718750 0.328125
vt 0.718750 0.734375
vt 0.718750 0.312500
vt 0.718750 0.718750
vt 0.718750 0.296875
vt 0.718750 0.703125
vt 0.718750 0.281250
vt 0.718750 0.687500
vt 0.718750 0.265625
vt 0.718750 0.671875
vt 0.718750 0.250000
vt 0.718750 0.656250
vt 0.718750 0.234375
vt 0.718750 0.640625
vt 0.718750 0.218750
vt 0.718750 0.625000
vt 0.718750 0.203125
vt 0.718750 0.609375
vt 0.718750 0.187500
vt 0.718750 0.593750
vt 0.718750 0.171875
vt 0.718750 0.578125
vt 0.726562 1.000000
vt 0.718750 0.984375
vt 0.718750 0.156250
vt 0.718750 0.562500
vt 0.718750 0.968750
vt 0.703125 0.109375
vt 0.703125 0.093750
vt 0.703125 0.515625
vt 0.703125 0.500000
vt 0.703125 0.921875
vt 0.703125 0.906250
vt 0.703125 0.078125
vt 0.703125 0.484375
vt 0.703125 0.890625
vt 0.703125 0.062500
vt 0.703125 0.468750
vt 0.703125 0.875000
vt 0.703125 0.046875
vt 0.703125 0.453125
vt 0.703125 0.859375
vt 0.703125 0.031250
vt 0.703125 0.437500
vt 0.703125 0.843750
vt 0.703125 0.015625
vt 0.703125 0.421875
vt 0.703125 0.828125
vt 0.710938 0.000000
vt 0.703125 0.406250
vt 0.703125 0.812500
vt 0.703125 0.390625
vt 0.703125 0.796875
vt 0.703125 0.375000
vt 0.703125 0.781250
vt 0.703125 0.359375
vt 0.703125 0.765625
vt 0.703125 0.343750
vt 0.703125 0.750000
vt 0.703125 0.328125
vt 0.703125 0.734375
vt 0.703125 0.312500
vt 0.703125 0.718750
vt 0.703125 0.296875
vt 0.703125 0.703125
vt 0.703125 0.281250
vt 0.703125 0.687500
vt 0.703125 0.265625
vt 0.703125 0.671875
vt 0.703125 0.250000
vt 0.703125 0.656250
vt 0.703125 0.234375
vt 0.703125 0.640625
vt 0.703125 0.218750
vt 0.703125 0.625000
vt 0.703125 0.203125
vt 0.703125 0.609375
vt 0.703125 0.187500
vt 0.703125 0.593750
vt 0.703125 0.171875
vt 0.703125 0.578125
vt 0.710938 1.000000
vt 0.703125 0.984375
vt 0.703125 0.156250
vt 0.703125 0.562500
vt 0.703125 0.968750
vt 0.703125 0.140625
vt 0.703125 0.546875
vt 0.703125 0.953125
vt 0.703125 0.125000
vt 0.703125 0.531250
vt 0.703125 0.937500
vt 0.687500 0.078125
vt 0.687500 0.062500
vt 0.687500 0.484375
vt 0.687500 0.468750
vt 0.687500 0.890625
vt 0.687500 0.875000
vt 0.687500 0.046875
vt 0.687500 0.453125
vt 0.687500 0.859375
vt 0.687500 0.031250
vt 0.687500 0.437500
vt 0.687500 0.843750
vt 0.687500 0.015625
vt 0.687500 0.421875
vt 0.687500 0.828125
vt 0.695312 0.000000
vt 0.687500 0.406250
vt 0.687500 0.812500
vt 0.687500 0.390625
vt 0.687500 0.796875
vt 0.687500 0.375000
vt 0.687500 0.781250
vt 0.687500 0.359375
vt 0.687500 0.765625
vt 0.687500 0.343750
vt 0.687500 0.750000
vt 0.687500 0.328125
vt 0.687500 0.734375
vt 0.687500 0.312500
vt 0.687500 0.718750
vt 0.687500 0.296875
vt 0.687500 0.703125
vt 0.687500 0.281250
vt 0.687500 0.687500
vt 0.687500 0.265625
vt 0.687500 0.671875
vt 0.687500 0.250000
vt 0.687500 0.656250
vt 0.687500 0.234375
vt 0.687500 0.640625
vt 0.687500 0.218750
vt 0.687500 0.625000
vt 0.687500 0.203125
vt 0.687500 0.609375
vt 0.687500 0.187500
vt 0.687500 0.593750
vt 0.687500 0.171875
vt 0.687500 0.578125
vt 0.695312 1.000000
vt 0.687500 0.984375
vt 0.687500 0.156250
vt 0.687500 0.562500
vt 0.687500 0.968750
vt 0.687500 0.140625
vt 0.687500 0.546875
vt 0.687500 0.953125
vt 0.687500 0.125000
vt 0.687500 0.531250
vt 0.687500 0.937500
vt 0.687500 0.109375
vt 0.687500 0.515625
vt 0.687500 0.921875
vt 0.687500 0.093750
vt 0.687500 0.500000
vt 0.687500 0.906250
vt 0.671875 0.046875
vt 0.671875 0.031250
vt 0.671875 0.453125
vt 0.671875 0.437500
vt 0.671875 0.859375
vt 0.671875 0.843750
vt 0.671875 0.015625
vt 0.671875 0.421875
vt 0.671875 0.828125
vt 0.679688 0.000000
vt 0.671875 0.406250
vt 0.671875 0.812500
vt 0.671875 0.390625
vt 0.671875 0.796875
vt 0.671875 0.375000
vt 0.671875 0.781250
vt 0.671875 0.359375
vt 0.671875 0.765625
vt 0.671875 0.343750
vt 0.671875 0.750000
vt 0.671875 0.328125
vt 0.671875 0.734375
vt 0.671875 0.312500
vt 0.671875 0.718750
vt 0.671875 0.296875
vt 0.671875 0.703125
vt 0.671875 0.281250
vt 0.671875 0.687500
vt 0.671875 0.265625
vt 0.671875 0.671875
vt 0.671875 0.250000
vt 0.671875 0.656250
vt 0.671875 0.234375
vt 0.671875 0.640625
vt 0.671875 0.218750
vt 0.671875 0.625000
vt 0.671875 0.203125
vt 0.671875 0.609375
vt 0.671875 0.187500
vt 0.671875 0.593750
vt 0.671875 0.171875
vt 0.671875 0.578125
vt 0.679688 1.000000
vt 0.671875 0.984375
vt 0.671875 0.156250
vt 0.671875 0.562500
vt 0.671875 0.968750
vt 0.671875 0.140625
vt 0.671875 0.546875
vt 0.671875 0.953125
vt 0.671875 0.125000
vt 0.671875 0.531250
vt 0.671875 0.937500
vt 0.671875 0.109375
vt 0.671875 0.515625
vt 0.671875 0.921875
vt 0.671875 0.093750
vt 0.671875 0.500000
vt 0.671875 0.906250
vt 0.671875 0.078125
vt 0.671875 0.484375
vt 0.671875 0.890625
vt 0.671875 0.062500
vt 0.671875 0.468750
vt 0.671875 0.875000
vt 0.664062 0.000000
vt 0.656250 0.015625
vt 0.656250 0.421875
vt 0.656250 0.406250
vt 0.656250 0.828125
vt 0.656250 0.812500
vt 0.656250 0.390625
vt 0.656250 0.796875
vt 0.656250 0.375000
vt 0.656250 0.781250
vt 0.656250 0.359375
vt 0.656250 0.765625
vt 0.656250 0.343750
vt 0.656250 0.750000
vt 0.656250 0.328125
vt 0.656250 0.734375
vt 0.656250 0.312500
vt 0.656250 0.718750
vt 0.656250 0.296875
vt 0.656250 0.703125
vt 0.656250 0.281250
vt 0.656250 0.687500
vt 0.656250 0.265625
vt 0.656250 0.671875
vt 0.656250 0.250000
vt 0.656250 0.656250
vt 0.656250 0.234375
vt 0.656250 0.640625
vt 0.656250 0.218750
vt 0.656250 0.625000
vt 0.656250 0.203125
vt 0.656250 0.609375
vt 0.656250 0.187500
vt 0.656250 0.593750
vt 0.656250 0.171875
vt 0.656250 0.578125
vt 0.664062 1.000000
vt 0.656250 0.984375
vt 0.656250 0.156250
vt 0.656250 0.562500
vt 0.656250 0.968750
vt 0.656250 0.140625
vt 0.656250 0.546875
vt 0.656250 0.953125
vt 0.656250 0.125000
vt 0.656250 0.531250
vt 0.656250 0.937500
vt 0.656250 0.109375
vt 0.656250 0.515625
vt 0.656250 0.921875
vt 0.656250 0.093750
vt 0.656250 0.500000
vt 0.656250 0.906250
vt 0.656250 0.078125
vt 0.656250 0.484375
vt 0.656250 0.890625
vt 0.656250 0.062500
vt 0.656250 0.468750
vt 0.656250 0.875000
vt 0.656250 0.046875
vt 0.656250 0.453125
vt 0.656250 0.859375
vt 0.656250 0.031250
vt 0.656250 0.437500
vt 0.656250 0.843750
vt 0.640625 0.390625
vt 0.640625 0.375000
vt 0.640625 0.796875
vt 0.640625 0.781250
vt 0.640625 0.359375
vt 0.640625 0.765625
vt 0.640625 0.343750
vt 0.640625 0.750000
vt 0.640625 0.328125
vt 0.640625 0.734375
vt 0.640625 0.312500
vt 0.640625 0.718750
vt 0.640625 0.296875
vt 0.640625 0.703125
vt 0.640625 0.281250
vt 0.640625 0.687500
vt 0.640625 0.265625
vt 0.640625 0.671875
vt 0.640625 0.250000
vt 0.640625 0.656250
vt 0.640625 0.234375
vt 0.640625 0.640625
vt 0.640625 0.218750
vt 0.640625 0.625000
vt 0.640625 0.203125
vt 0.640625 0.609375
vt 0.640625 0.187500
vt 0.640625 0.593750
vt 0.640625 0.171875
vt 0.640625 0.578125
vt 0.648438 1.000000
vt 0.640625 0.984375
vt 0.640625 0.156250
vt 0.640625 0.562500
vt 0.640625 0.968750
vt 0.640625 0.140625
vt 0.640625 0.546875
vt 0.640625 0.953125
vt 0.640625 0.125000
vt 0.640625 0.531250
vt 0.640625 0.937500
vt 0.640625 0.109375
vt 0.640625 0.515625
vt 0.640625 0.921875
vt 0.640625 0.093750
vt 0.640625 0.500000
vt 0.640625 0.906250
vt 0.640625 0.078125
vt 0.640625 0.484375
vt 0.640625 0.890625
vt 0.640625 0.062500
vt 0.640625 0.468750
vt 0.640625 0.875000
vt 0.640625 0.046875
vt 0.640625 0.453125
vt 0.640625 0.859375
vt 0.640625 0.031250
vt 0.640625 0.437500
vt 0.640625 0.843750
vt 0.640625 0.015625
vt 0.640625 0.421875
vt 0.640625 0.828125
vt 0.648438 0.000000
vt 0.640625 0.406250
vt 0.640625 0.812500
vt 0.625000 0.359375
vt 0.625000 0.343750
vt 0.625000 0.765625
vt 0.625000 0.750000
vt 0.625000 0.328125
vt 0.625000 0.734375
vt 0.625000 0.312500
vt 0.625000 0.718750
vt 0.625000 0.296875
vt 0.625000 0.703125
vt 0.625000 0.281250
vt 0.625000 0.687500
vt 0.625000 0.265625
vt 0.625000 0.671875
vt 0.625000 0.250000
vt 0.625000 0.656250
vt 0.625000 0.234375
vt 0.625000 0.640625
vt 0.625000 0.218750
vt 0.625000 0.625000
vt 0.625000 0.203125
vt 0.625000 0.609375
vt 0.625000 0.187500
vt 0.625000 0.593750
vt 0.625000 0.171875
vt 0.625000 0.578125
vt 0.632812 1.000000
vt 0.625000 0.984375
vt 0.625000 0.156250
vt 0.625000 0.562500
vt 0.625000 0.968750
vt 0.625000 0.140625
vt 0.625000 0.546875
vt 0.625000 0.953125
vt 0.625000 0.125000
vt 0.625000 0.531250
vt 0.625000 0.937500
vt 0.625000 0.109375
vt 0.625000 0.515625
vt 0.625000 0.921875
vt 0.625000 0.093750
vt 0.625000 0.500000
vt 0.625000 0.906250
vt 0.625000 0.078125
vt 0.625000 0.484375
vt 0.625000 0.890625
vt 0.625000 0.062500
vt 0.625000 0.468750
vt 0.625000 0.875000
vt 0.625000 0.046875
vt 0.625000 0.453125
vt 0.625000 0.859375
vt 0.625000 0.031250
vt 0.625000 0.437500
vt 0.625000 0.843750
vt 0.625000 0.015625
vt 0.625000 0.421875
vt 0.625000 0.828125
vt 0.632812 0.000000
vt 0.625000 0.406250
vt 0.625000 0.812500
vt 0.625000 0.390625
vt 0.625000 0.796875
vt 0.625000 0.375000
vt 0.625000 0.781250
vt 0.609375 0.328125
vt 0.609375 0.312500
vt 0.609375 0.734375
vt 0.609375 0.718750
vt 0.609375 0.296875
vt 0.609375 0.703125
vt 0.609375 0.281250
vt 0.609375 0.687500
vt 0.609375 0.265625
vt 0.609375 0.671875
vt 0.609375 0.250000
vt 0.609375 0.656250
vt 0.609375 0.234375
vt 0.609375 0.640625
vt 0.609375 0.218750
vt 0.609375 0.625000
vt 0.609375 0.203125
vt 0.609375 0.609375
vt 0.609375 0.187500
vt 0.609375 0.593750
vt 0.609375 0.171875
vt 0.609375 0.578125
vt 0.617188 1.000000
vt 0.609375 0.984375
vt 0.609375 0.156250
vt 0.609375 0.562500
vt 0.609375 0.968750
vt 0.609375 0.140625
vt 0.609375 0.546875
vt 0.609375 0.953125
vt 0.609375 0.125000
vt 0.609375 0.531250
vt 0.609375 0.937500
vt 0.609375 0.109375
vt 0.609375 0.515625
vt 0.609375 0.921875
vt 0.609375 0.093750
vt 0.609375 0.500000
vt 0.609375 0.906250
vt 0.609375 0.078125
vt 0.609375 0.484375
vt 0.609375 0.890625
vt 0.609375 0.062500
vt 0.609375 0.468750
vt 0.609375 0.875000
vt 0.609375 0.046875
vt 0.609375 0.453125
vt 0.609375 0.859375
vt 0.609375 0.031250
vt 0.609375 0.437500
vt 0.609375 0.843750
vt 0.609375 0.015625
vt 0.609375 0.421875
vt 0.609375 0.828125
vt 0.617188 0.000000
vt 0.609375 0.406250
vt 0.609375 0.812500
vt 0.609375 0.390625
vt 0.609375 0.796875
vt 0.609375 0.375000
vt 0.609375 0.781250
vt 0.609375 0.359375
vt 0.609375 0.765625
vt 0.609375 0.343750
vt 0.609375 0.750000
vt 0.593750 0.296875
vt 0.593750 0.281250
vt 0.593750 0.703125
vt 0.593750 0.687500
vt 0.593750 0.265625
vt 0.593750 0.671875
vt 0.593750 0.250000
vt 0.593750 0.656250
vt 0.593750 0.234375
vt 0.593750 0.640625
vt 0.593750 0.218750
vt 0.593750 0.625000
vt 0.593750 0.203125
vt 0.593750 0.609375
vt 0.593750 0.187500
vt 0.593750 0.593750
vt 0.593750 0.171875
vt 0.593750 0.578125
vt 0.601562 1.000000
vt 0.593750 0.984375
vt 0.593750 0.156250
vt 0.593750 0.562500
vt 0.593750 0.968750
vt 0.593750 0.140625
vt 0.593750 0.546875
vt 0.593750 0.953125
vt 0.593750 0.125000
vt 0.593750 0.531250
vt 0.593750 0.937500
vt 0.593750 0.109375
vt 0.593750 0.515625
vt 0.593750 0.921875
vt 0.593750 0.093750
vt 0.593750 0.500000
vt 0.593750 0.906250
vt 0.593750 0.078125
vt 0.593750 0.484375
vt 0.593750 0.890625
vt 0.593750 0.062500
vt 0.593750 0.468750
vt 0.593750 0.875000
vt 0.593750 0.046875
vt 0.593750 0.453125
vt 0.593750 0.859375
vt 0.593750 0.031250
vt 0.593750 0.437500
vt 0.593750 0.843750
vt 0.593750 0.015625
vt 0.593750 0.421875
vt 0.593750 0.828125
vt 0.601562 0.000000
vt 0.593750 0.406250
vt 0.593750 0.812500
vt 0.593750 0.390625
vt 0.593750 0.796875
vt 0.593750 0.375000
vt 0.593750 0.781250
vt 0.593750 0.359375
vt 0.593750 0.765625
vt 0.593750 0.343750
vt 0.593750 0.750000
vt 0.593750 0.328125
vt 0.593750 0.734375
vt 0.593750 0.312500
vt 0.593750 0.718750
vt 0.578125 0.265625
vt 0.578125 0.250000
vt 0.578125 0.671875
vt 0.578125 0.656250
vt 0.578125 0.234375
vt 0.578125 0.640625
vt 0.578125 0.218750
vt 0.578125 0.625000
vt 0.578125 0.203125
vt 0.578125 0.609375
vt 0.578125 0.187500
vt 0.578125 0.593750
vt 0.578125 0.171875
vt 0.578125 0.578125
vt 0.585938 1.000000
vt 0.578125 0.984375
vt 0.578125 0.156250
vt 0.578125 0.562500
vt 0.578125 0.968750
vt 0.578125 0.140625
vt 0.578125 0.546875
vt 0.578125 0.953125
vt 0.578125 0.125000
vt 0.578125 0.531250
vt 0.578125 0.937500
vt 0.578125 0.109375
vt 0.578125 0.515625
vt 0.578125 0.921875
vt 0.578125 0.093750
vt 0.578125 0.500000
vt 0.578125 0.906250
vt 0.578125 0.078125
vt 0.578125 0.484375
vt 0.578125 0.890625
vt 0.578125 0.062500
vt 0.578125 0.468750
vt 0.578125 0.875000
vt 0.578125 0.046875
vt 0.578125 0.453125
vt 0.578125 0.859375
vt 0.578125 0.031250
vt 0.578125 0.437500
vt 0.578125 0.843750
vt 0.578125 0.015625
vt 0.578125 0.421875
vt 0.578125 0.828125
vt 0.585938 0.000000
vt 0.578125 0.406250
vt 0.578125 0.812500
vt 0.578125 0.390625
vt 0.578125 0.796875
vt 0.578125 0.375000
vt 0.578125 0.781250
vt 0.578125 0.359375
vt 0.578125 0.765625
vt 0.578125 0.343750
vt 0.578125 0.750000
vt 0.578125 0.328125
vt 0.578125 0.734375
vt 0.578125 0.312500
vt 0.578125 0.718750
vt 0.578125 0.296875
vt 0.578125 0.703125
vt 0.578125 0.281250
vt 0.578125 0.687500
vt 0.562500 0.234375
vt 0.562500 0.218750
vt 0.562500 0.640625
vt 0.562500 0.625000
vt 0.562500 0.203125
vt 0.562500 0.609375
vt 0.562500 0.187500
vt 0.562500 0.593750
vt 0.562500 0.171875
vt 0.562500 0.578125
vt 0.570312 1.000000
vt 0.562500 0.984375
vt 0.562500 0.156250
vt 0.562500 0.562500
vt 0.562500 0.968750
vt 0.562500 0.140625
vt 0.562500 0.546875
vt 0.562500 0.953125
vt 0.562500 0.125000
vt 0.562500 0.531250
vt 0.562500 0.937500
vt 0.562500 0.109375
vt 0.562500 0.515625
vt 0.562500 0.921875
vt 0.562500 0.093750
vt 0.562500 0.500000
vt 0.562500 0.906250
vt 0.562500 0.078125
vt 0.562500 0.484375
vt 0.562500 0.890625
vt 0.562500 0.062500
vt 0.562500 0.468750
vt 0.562500 0.875000
vt 0.562500 0.046875
vt 0.562500 0.453125
vt 0.562500 0.859375
vt 0.562500 0.031250
vt 0.562500 0.437500
vt 0.562500 0.843750
vt 0.562500 0.015625
vt 0.562500 0.421875
vt 0.562500 0.828125
vt 0.570312 0.000000
vt 0.562500 0.406250
vt 0.562500 0.812500
vt 0.562500 0.390625
vt 0.562500 0.796875
vt 0.562500 0.375000
vt 0.562500 0.781250
vt 0.562500 0.359375
vt 0.562500 0.765625
vt 0.562500 0.343750
vt 0.562500 0.750000
vt 0.562500 0.328125
vt 0.562500 0.734375
vt 0.562500 0.312500
vt 0.562500 0.718750
vt 0.562500 0.296875
vt 0.562500 0.703125
vt 0.562500 0.281250
vt 0.562500 0.687500
vt 0.562500 0.265625
vt 0.562500 0.671875
vt 0.562500 0.250000
vt 0.562500 0.656250
vt 0.546875 0.203125
vt 0.546875 0.187500
vt 0.546875 0.609375
vt 0.546875 0.593750
vt 0.546875 0.171875
vt 0.546875 0.578125
vt 0.554688 1.000000
vt 0.546875 0.984375
vt 0.546875 0.156250
vt 0.546875 0.562500
vt 0.546875 0.968750
vt 0.546875 0.140625
vt 0.546875 0.546875
vt 0.546875 0.953125
vt 0.546875 0.125000
vt 0.546875 0.531250
vt 0.546875 0.937500
vt 0.546875 0.109375
vt 0.546875 0.515625
vt 0.546875 0.921875
vt 0.546875 0.093750
vt 0.546875 0.500000
vt 0.546875 0.906250
vt 0.546875 0.078125
vt 0.546875 0.484375
vt 0.546875 0.890625
vt 0.546875 0.062500
vt 0.546875 0.468750
vt 0.546875 0.875000
vt 0.546875 0.046875
vt 0.546875 0.453125
vt 0.546875 0.859375
vt 0.546875 0.031250
vt 0.546875 0.437500
vt 0.546875 0.843750
vt 0.546875 0.015625
vt 0.546875 0.421875
vt 0.546875 0.828125
vt 0.554688 0.000000
vt 0.546875 0.406250
vt 0.546875 0.812500
vt 0.546875 0.390625
vt 0.546875 0.796875
vt 0.546875 0.375000
vt 0.546875 0.781250
vt 0.546875 0.359375
vt 0.546875 0.765625
vt 0.546875 0.343750
vt 0.546875 0.750000
vt 0.546875 0.328125
vt 0.546875 0.734375
vt 0.546875 0.312500
vt 0.546875 0.718750
vt 0.546875 0.296875
vt 0.546875 0.703125
vt 0.546875 0.281250
vt 0.546875 0.687500
vt 0.546875 0.265625
vt 0.546875 0.671875
vt 0.546875 0.250000
vt 0.546875 0.656250
vt 0.546875 0.234375
vt 0.546875 0.640625
vt 0.546875 0.218750
vt 0.546875 0.625000
vt 0.539062 1.000000
vt 0.531250 0.984375
vt 0.531250 0.187500
vt 0.531250 0.171875
vt 0.531250 0.593750
vt 0.531250 0.578125
vt 0.531250 0.968750
vt 0.531250 0.156250
vt 0.531250 0.562500
vt 0.531250 0.953125
vt 0.531250 0.140625
vt 0.531250 0.546875
vt 0.531250 0.937500
vt 0.531250 0.125000
vt 0.531250 0.531250
vt 0.531250 0.921875
vt 0.531250 0.109375
vt 0.531250 0.515625
vt 0.531250 0.906250
vt 0.531250 0.093750
vt 0.531250 0.500000
vt 0.531250 0.890625
vt 0.531250 0.078125
vt 0.531250 0.484375
vt 0.531250 0.875000
vt 0.531250 0.062500
vt 0.531250 0.468750
vt 0.531250 0.859375
vt 0.531250 0.046875
vt 0.531250 0.453125
vt 0.531250 0.843750
vt 0.531250 0.031250
vt 0.531250 0.437500
vt 0.531250 0.828125
vt 0.531250 0.015625
vt 0.531250 0.421875
vt 0.531250 0.812500
vt 0.539062 0.000000
vt 0.531250 0.406250
vt 0.531250 0.796875
vt 0.531250 0.390625
vt 0.531250 0.781250
vt 0.531250 0.375000
vt 0.531250 0.765625
vt 0.531250 0.359375
vt 0.531250 0.750000
vt 0.531250 0.343750
vt 0.531250 0.734375
vt 0.531250 0.328125
vt 0.531250 0.718750
vt 0.531250 0.312500
vt 0.531250 0.703125
vt 0.531250 0.296875
vt 0.531250 0.687500
vt 0.531250 0.281250
vt 0.531250 0.671875
vt 0.531250 0.265625
vt 0.531250 0.656250
vt 0.531250 0.250000
vt 0.531250 0.640625
vt 0.531250 0.234375
vt 0.531250 0.625000
vt 0.531250 0.218750
vt 0.531250 0.609375
vt 0.531250 0.203125
vt 0.515625 0.156250
vt 0.515625 0.140625
vt 0.515625 0.562500
vt 0.515625 0.546875
vt 0.515625 0.968750
vt 0.515625 0.953125
vt 0.515625 0.125000
vt 0.515625 0.531250
vt 0.515625 0.937500
vt 0.515625 0.109375
vt 0.515625 0.515625
vt 0.515625 0.921875
vt 0.515625 0.093750
vt 0.515625 0.500000
vt 0.515625 0.906250
vt 0.515625 0.078125
vt 0.515625 0.484375
vt 0.515625 0.890625
vt 0.515625 0.062500
vt 0.515625 0.468750
vt 0.515625 0.875000
vt 0.515625 0.046875
vt 0.515625 0.453125
vt 0.515625 0.859375
vt 0.515625 0.031250
vt 0.515625 0.437500
vt 0.515625 0.843750
vt 0.515625 0.015625
vt 0.515625 0.421875
vt 0.515625 0.828125
vt 0.523438 0.000000
vt 0.515625 0.406250
vt 0.515625 0.812500
vt 0.515625 0.390625
vt 0.515625 0.796875
vt 0.515625 0.375000
vt 0.515625 0.781250
vt 0.515625 0.359375
vt 0.515625 0.765625
vt 0.515625 0.343750
vt 0.515625 0.750000
vt 0.515625 0.328125
vt 0.515625 0.734375
vt 0.515625 0.312500
vt 0.515625 0.718750
vt 0.515625 0.296875
vt 0.515625 0.703125
vt 0.515625 0.281250
vt 0.515625 0.687500
vt 0.515625 0.265625
vt 0.515625 0.671875
vt 0.515625 0.250000
vt 0.515625 0.656250
vt 0.515625 0.234375
vt 0.515625 0.640625
vt 0.515625 0.218750
vt 0.515625 0.625000
vt 0.515625 0.203125
vt 0.515625 0.609375
vt 0.515625 0.187500
vt 0.515625 0.593750
vt 0.515625 0.171875
vt 0.515625 0.578125
vt 0.523438 1.000000
vt 0.515625 0.984375
vt 0.500000 0.125000
vt 0.500000 0.109375
vt 0.500000 0.531250
vt 0.500000 0.515625
vt 0.500000 0.937500
vt 0.500000 0.921875
vt 0.500000 0.093750
vt 0.500000 0.500000
vt 0.500000 0.906250
vt 0.500000 0.078125
vt 0.500000 0.484375
vt 0.500000 0.890625
vt 0.500000 0.062500
vt 0.500000 0.468750
vt 0.500000 0.875000
vt 0.500000 0.046875
vt 0.500000 0.453125
vt 0.500000 0.859375
vt 0.500000 0.031250
vt 0.500000 0.437500
vt 0.500000 0.843750
vt 0.500000 0.015625
vt 0.500000 0.421875
vt 0.500000 0.828125
vt 0.507812 0.000000
vt 0.500000 0.406250
vt 0.500000 0.812500
vt 0.500000 0.390625
vt 0.500000 0.796875
vt 0.500000 0.375000
vt 0.500000 0.781250
vt 0.500000 0.359375
vt 0.500000 0.765625
vt 0.500000 0.343750
vt 0.500000 0.750000
vt 0.500000 0.328125
vt 0.500000 0.734375
vt 0.500000 0.312500
vt 0.500000 0.718750
vt 0.500000 0.296875
vt 0.500000 0.703125
vt 0.500000 0.281250
vt 0.500000 0.687500
vt 0.500000 0.265625
vt 0.500000 0.671875
vt 0.500000 0.250000
vt 0.500000 0.656250
vt 0.500000 0.234375
vt 0.500000 0.640625
vt 0.500000 0.218750
vt 0.500000 0.625000
vt 0.500000 0.203125
vt 0.500000 0.609375
vt 0.500000 0.187500
vt 0.500000 0.593750
vt 0.500000 0.171875
vt 0.500000 0.578125
vt 0.507812 1.000000
vt 0.500000 0.984375
vt 0.500000 0.156250
vt 0.500000 0.562500
vt 0.500000 0.968750
vt 0.500000 0.140625
vt 0.500000 0.546875
vt 0.500000 0.953125
vt 0.484375 0.093750
vt 0.484375 0.078125
vt 0.484375 0.500000
vt 0.484375 0.484375
vt 0.484375 0.906250
vt 0.484375 0.890625
vt 0.484375 0.062500
vt 0.484375 0.468750
vt 0.484375 0.875000
vt 0.484375 0.046875
vt 0.484375 0.453125
vt 0.484375 0.859375
vt 0.484375 0.031250
vt 0.484375 0.437500
vt 0.484375 0.843750
vt 0.484375 0.015625
vt 0.484375 0.421875
vt 0.484375 0.828125
vt 0.492188 0.000000
vt 0.484375 0.406250
vt 0.484375 0.812500
vt 0.484375 0.390625
vt 0.484375 0.796875
vt 0.484375 0.375000
vt 0.484375 0.781250
vt 0.484375 0.359375
vt 0.484375 0.765625
vt 0.484375 0.343750
vt 0.484375 0.750000
vt 0.484375 0.328125
vt 0.484375 0.734375
vt 0.484375 0.312500
vt 0.484375 0.718750
vt 0.484375 0.296875
vt 0.484375 0.703125
vt 0.484375 0.281250
vt 0.484375 0.687500
vt 0.484375 0.265625
vt 0.484375 0.671875
vt 0.484375 0.250000
vt 0.484375 0.656250
vt 0.484375 0.234375
vt 0.484375 0.640625
vt 0.484375 0.218750
vt 0.484375 0.625000
vt 0.484375 0.203125
vt 0.484375 0.609375
vt 0.484375 0.187500
vt 0.484375 0.593750
vt 0.484375 0.171875
vt 0.484375 0.578125
vt 0.492188 1.000000
vt 0.484375 0.984375
vt 0.484375 0.156250
vt 0.484375 0.562500
vt 0.484375 0.968750
vt 0.484375 0.140625
vt 0.484375 0.546875
vt 0.484375 0.953125
vt 0.484375 0.125000
vt 0.484375 0.531250
vt 0.484375 0.937500
vt 0.484375 0.109375
vt 0.484375 0.515625
vt 0.484375 0.921875
vt 0.468750 0.062500
vt 0.468750 0.046875
vt 0.468750 0.468750
vt 0.468750 0.453125
vt 0.468750 0.875000
vt 0.468750 0.859375
vt 0.468750 0.031250
vt 0.468750 0.437500
vt 0.468750 0.843750
vt 0.468750 0.015625
vt 0.468750 0.421875
vt 0.468750 0.828125
vt 0.476562 0.000000
vt 0.468750 0.406250
vt 0.468750 0.812500
vt 0.468750 0.390625
vt 0.468750 0.796875
vt 0.468750 0.375000
vt 0.468750 0.781250
vt 0.468750 0.359375
vt 0.468750 0.765625
vt 0.468750 0.343750
vt 0.468750 0.750000
vt 0.468750 0.328125
vt 0.468750 0.734375
vt 0.468750 0.312500
vt 0.468750 0.718750
vt 0.468750 0.296875
vt 0.468750 0.703125
vt 0.468750 0.281250
vt 0.468750 0.687500
vt 0.468750 0.265625
vt 0.468750 0.671875
vt 0.468750 0.250000
vt 0.468750 0.656250
vt 0.468750 0.234375
vt 0.468750 0.640625
vt 0.468750 0.218750
vt 0.468750 0.625000
vt 0.468750 0.203125
vt 0.468750 0.609375
vt 0.468750 0.187500
vt 0.468750 0.593750
vt 0.468750 0.171875
vt 0.468750 0.578125
vt 0.476562 1.000000
vt 0.468750 0.984375
vt 0.468750 0.156250
vt 0.468750 0.562500
vt 0.468750 0.968750
vt 0.468750 0.140625
vt 0.468750 0.546875
vt 0.468750 0.953125
vt 0.468750 0.125000
vt 0.468750 0.531250
vt 0.468750 0.937500
vt 0.468750 0.109375
vt 0.468750 0.515625
vt 0.468750 0.921875
vt 0.468750 0.093750
vt 0.468750 0.500000
vt 0.468750 0.906250
vt 0.468750 0.078125
vt 0.468750 0.484375
vt 0.468750 0.890625
vt 0.453125 0.031250
vt 0.453125 0.015625
vt 0.453125 0.437500
vt 0.453125 0.421875
vt 0.453125 0.843750
vt 0.453125 0.828125
vt 0.460938 0.000000
vt 0.453125 0.406250
vt 0.453125 0.812500
vt 0.453125 0.390625
vt 0.453125 0.796875
vt 0.453125 0.375000
vt 0.453125 0.781250
vt 0.453125 0.359375
vt 0.453125 0.765625
vt 0.453125 0.343750
vt 0.453125 0.750000
vt 0.453125 0.328125
vt 0.453125 0.734375
vt 0.453125 0.312500
vt 0.453125 0.718750
vt 0.453125 0.296875
vt 0.453125 0.703125
vt 0.453125 0.281250
vt 0.453125 0.687500
vt 0.453125 0.265625
vt 0.453125 0.671875
vt 0.453125 0.250000
vt 0.453125 0.656250
vt 0.453125 0.234375
vt 0.453125 0.640625
vt 0.453125 0.218750
vt 0.453125 0.625000
vt 0.453125 0.203125
vt 0.453125 0.609375
vt 0.453125 0.187500
vt 0.453125 0.593750
vt 0.453125 0.171875
vt 0.453125 0.578125
vt 0.460938 1.000000
vt 0.453125 0.984375
vt 0.453125 0.156250
vt 0.453125 0.562500
vt 0.453125 0.968750
vt 0.453125 0.140625
vt 0.453125 0.546875
vt 0.453125 0.953125
vt 0.453125 0.125000
vt 0.453125 0.531250
vt 0.453125 0.937500
vt 0.453125 0.109375
vt 0.453125 0.515625
vt 0.453125 0.921875
vt 0.453125 0.093750
vt 0.453125 0.500000
vt 0.453125 0.906250
vt 0.453125 0.078125
vt 0.453125 0.484375
vt 0.453125 0.890625
vt 0.453125 0.062500
vt 0.453125 0.468750
vt 0.453125 0.875000
vt 0.453125 0.046875
vt 0.453125 0.453125
vt 0.453125 0.859375
vt 0.437500 0.406250
vt 0.437500 0.390625
vt 0.437500 0.812500
vt 0.437500 0.796875
vt 0.437500 0.375000
vt 0.437500 0.781250
vt 0.437500 0.359375
vt 0.437500 0.765625
vt 0.437500 0.343750
vt 0.437500 0.750000
vt 0.437500 0.328125
vt 0.437500 0.734375
vt 0.437500 0.312500
vt 0.437500 0.718750
vt 0.437500 0.296875
vt 0.437500 0.703125
vt 0.437500 0.281250
vt 0.437500 0.687500
vt 0.437500 0.265625
vt 0.437500 0.671875
vt 0.437500 0.250000
vt 0.437500 0.656250
vt 0.437500 0.234375
vt 0.437500 0.640625
vt 0.437500 0.218750
vt 0.437500 0.625000
vt 0.437500 0.203125
vt 0.437500 0.609375
vt 0.437500 0.187500
vt 0.437500 0.593750
vt 0.437500 0.171875
vt 0.437500 0.578125
vt 0.445312 1.000000
vt 0.437500 0.984375
vt 0.437500 0.156250
vt 0.437500 0.562500
vt 0.437500 0.968750
vt 0.437500 0.140625
vt 0.437500 0.546875
vt 0.437500 0.953125
vt 0.437500 0.125000
vt 0.437500 0.531250
vt 0.437500 0.937500
vt 0.437500 0.109375
vt 0.437500 0.515625
vt 0.437500 0.921875
vt 0.437500 0.093750
vt 0.437500 0.500000
vt 0.437500 0.906250
vt 0.437500 0.078125
vt 0.437500 0.484375
vt 0.437500 0.890625
vt 0.437500 0.062500
vt 0.437500 0.468750
vt 0.437500 0.875000
vt 0.437500 0.046875
vt 0.437500 0.453125
vt 0.437500 0.859375
vt 0.437500 0.031250
vt 0.437500 0.437500
vt 0.437500 0.843750
vt 0.437500 0.015625
vt 0.437500 0.421875
vt 0.437500 0.828125
vt 0.445312 0.000000
vt 0.421875 0.375000
vt 0.421875 0.359375
vt 0.421875 0.781250
vt 0.421875 0.765625
vt 0.421875 0.343750
vt 0.421875 0.750000
vt 0.421875 0.328125
vt 0.421875 0.734375
vt 0.421875 0.312500
vt 0.421875 0.718750
vt 0.421875 0.296875
vt 0.421875 0.703125
vt 0.421875 0.281250
vt 0.421875 0.687500
vt 0.421875 0.265625
vt 0.421875 0.671875
vt 0.421875 0.250000
vt 0.421875 0.656250
vt 0.421875 0.234375
vt 0.421875 0.640625
vt 0.421875 0.218750
vt 0.421875 0.625000
vt 0.421875 0.203125
vt 0.421875 0.609375
vt 0.421875 0.187500
vt 0.421875 0.593750
vt 0.421875 0.171875
vt 0.421875 0.578125
vt 0.429688 1.000000
vt 0.421875 0.984375
vt 0.421875 0.156250
vt 0.421875 0.562500
vt 0.421875 0.968750
vt 0.421875 0.140625
vt 0.421875 0.546875
vt 0.421875 0.953125
vt 0.421875 0.125000
vt 0.421875 0.531250
vt 0.421875 0.937500
vt 0.421875 0.109375
vt 0.421875 0.515625
vt 0.421875 0.921875
vt 0.421875 0.093750
vt 0.421875 0.500000
vt 0.421875 0.906250
vt 0.421875 0.078125
vt 0.421875 0.484375
vt 0.421875 0.890625
vt 0.421875 0.062500
vt 0.421875 0.468750
vt 0.421875 0.875000
vt 0.421875 0.046875
vt 0.421875 0.453125
vt 0.421875 0.859375
vt 0.421875 0.031250
vt 0.421875 0.437500
vt 0.421875 0.843750
vt 0.421875 0.015625
vt 0.421875 0.421875
vt 0.421875 0.828125
vt 0.429688 0.000000
vt 0.421875 0.406250
vt 0.421875 0.812500
vt 0.421875 0.390625
vt 0.421875 0.796875
vt 0.406250 0.343750
vt 0.406250 0.328125
vt 0.406250 0.750000
vt 0.406250 0.734375
vt 0.406250 0.312500
vt 0.406250 0.718750
vt 0.406250 0.296875
vt 0.406250 0.703125
vt 0.406250 0.281250
vt 0.406250 0.687500
vt 0.406250 0.265625
vt 0.406250 0.671875
vt 0.406250 0.250000
vt 0.406250 0.656250
vt 0.406250 0.234375
vt 0.406250 0.640625
vt 0.406250 0.218750
vt 0.406250 0.625000
vt 0.406250 0.203125
vt 0.406250 0.609375
vt 0.406250 0.187500
vt 0.406250 0.593750
vt 0.406250 0.171875
vt 0.406250 0.578125
vt 0.414062 1.000000
vt 0.406250 0.984375
vt 0.406250 0.156250
vt 0.406250 0.562500
vt 0.406250 0.968750
vt 0.406250 0.140625
vt 0.406250 0.546875
vt 0.406250 0.953125
vt 0.406250 0.125000
vt 0.406250 0.531250
vt 0.406250 0.937500
vt 0.406250 0.109375
vt 0.406250 0.515625
vt 0.406250 0.921875
vt 0.406250 0.093750
vt 0.406250 0.500000
vt 0.406250 0.906250
vt 0.406250 0.078125
vt 0.406250 0.484375
vt 0.406250 0.890625
vt 0.406250 0.062500
vt 0.406250 0.468750
vt 0.406250 0.875000
vt 0.406250 0.046875
vt 0.406250 0.453125
vt 0.406250 0.859375
vt 0.406250 0.031250
vt 0.406250 0.437500
vt 0.406250 0.843750
vt 0.406250 0.015625
vt 0.406250 0.421875
vt 0.406250 0.828125
vt 0.414062 0.000000
vt 0.406250 0.406250
vt 0.406250 0.812500
vt 0.406250 0.390625
vt 0.406250 0.796875
vt 0.406250 0.375000
vt 0.406250 0.781250
vt 0.406250 0.359375
vt 0.406250 0.765625
vt 0.390625 0.312500
vt 0.390625 0.296875
vt 0.390625 0.718750
vt 0.390625 0.703125
vt 0.390625 0.281250
vt 0.390625 0.687500
vt 0.390625 0.265625
vt 0.390625 0.671875
vt 0.390625 0.250000
vt 0.390625 0.656250
vt 0.390625 0.234375
vt 0.390625 0.640625
vt 0.390625 0.218750
vt 0.390625 0.625000
vt 0.390625 0.203125
vt 0.390625 0.609375
vt 0.390625 0.187500
vt 0.390625 0.593750
vt 0.390625 0.171875
vt 0.390625 0.578125
vt 0.398438 1.000000
vt 0.390625 0.984375
vt 0.390625 0.156250
vt 0.390625 0.562500
vt 0.390625 0.968750
vt 0.390625 0.140625
vt 0.390625 0.546875
vt 0.390625 0.953125
vt 0.390625 0.125000
vt 0.390625 0.531250
vt 0.390625 0.937500
vt 0.390625 0.109375
vt 0.390625 0.515625
vt 0.390625 0.921875
vt 0.390625 0.093750
vt 0.390625 0.500000
vt 0.390625 0.906250
vt 0.390625 0.078125
vt 0.390625 0.484375
vt 0.390625 0.890625
vt 0.390625 0.062500
vt 0.390625 0.468750
vt 0.390625 0.875000
vt 0.390625 0.046875
vt 0.390625 0.453125
vt 0.390625 0.859375
vt 0.390625 0.031250
vt 0.390625 0.437500
vt 0.390625 0.843750
vt 0.390625 0.015625
vt 0.390625 0.421875
vt 0.390625 0.828125
vt 0.398438 0.000000
vt 0.390625 0.406250
vt 0.390625 0.812500
vt 0.390625 0.390625
vt 0.390625 0.796875
vt 0.390625 0.375000
vt 0.390625 0.781250
vt 0.390625 0.359375
vt 0.390625 0.765625
vt 0.390625 0.343750
vt 0.390625 0.750000
vt 0.390625 0.328125
vt 0.390625 0.734375
vt 0.375000 0.281250
vt 0.375000 0.265625
vt 0.375000 0.687500
vt 0.375000 0.671875
vt 0.375000 0.250000
vt 0.375000 0.656250
vt 0.375000 0.234375
vt 0.375000 0.640625
vt 0.375000 0.218750
vt 0.375000 0.625000
vt 0.375000 0.203125
vt 0.375000 0.609375
vt 0.375000 0.187500
vt 0.375000 0.593750
vt 0.375000 0.171875
vt 0.375000 0.578125
vt 0.382812 1.000000
vt 0.375000 0.984375
vt 0.375000 0.156250
vt 0.375000 0.562500
vt 0.375000 0.968750
vt 0.375000 0.140625
vt 0.375000 0.546875
vt 0.375000 0.953125
vt 0.375000 0.125000
vt 0.375000 0.531250
vt 0.375000 0.937500
vt 0.375000 0.109375
vt 0.375000 0.515625
vt 0.375000 0.921875
vt 0.375000 0.093750
vt 0.375000 0.500000
vt 0.375000 0.906250
vt 0.375000 0.078125
vt 0.375000 0.484375
vt 0.375000 0.890625
vt 0.375000 0.062500
vt 0.375000 0.468750
vt 0.375000 0.875000
vt 0.375000 0.046875
vt 0.375000 0.453125
vt 0.375000 0.859375
vt 0.375000 0.031250
vt 0.375000 0.437500
vt 0.375000 0.843750
vt 0.375000 0.015625
vt 0.375000 0.421875
vt 0.375000 0.828125
vt 0.382812 0.000000
vt 0.375000 0.406250
vt 0.375000 0.812500
vt 0.375000 0.390625
vt 0.375000 0.796875
vt 0.375000 0.375000
vt 0.375000 0.781250
vt 0.375000 0.359375
vt 0.375000 0.765625
vt 0.375000 0.343750
vt 0.375000 0.750000
vt 0.375000 0.328125
vt 0.375000 0.734375
vt 0.375000 0.312500
vt 0.375000 0.718750
vt 0.375000 0.296875
vt 0.375000 0.703125
vt 0.359375 0.250000
vt 0.359375 0.234375
vt 0.359375 0.656250
vt 0.359375 0.640625
vt 0.359375 0.218750
vt 0.359375 0.625000
vt 0.359375 0.203125
vt 0.359375 0.609375
vt 0.359375 0.187500
vt 0.359375 0.593750
vt 0.359375 0.171875
vt 0.359375 0.578125
vt 0.367188 1.000000
vt 0.359375 0.984375
vt 0.359375 0.156250
vt 0.359375 0.562500
vt 0.359375 0.968750
vt 0.359375 0.140625
vt 0.359375 0.546875
vt 0.359375 0.953125
vt 0.359375 0.125000
vt 0.359375 0.531250
vt 0.359375 0.937500
vt 0.359375 0.109375
vt 0.359375 0.515625
vt 0.359375 0.921875
vt 0.359375 0.093750
vt 0.359375 0.500000
vt 0.359375 0.906250
vt 0.359375 0.078125
vt 0.359375 0.484375
vt 0.359375 0.890625
vt 0.359375 0.062500
vt 0.359375 0.468750
vt 0.359375 0.875000
vt 0.359375 0.046875
vt 0.359375 0.453125
vt 0.359375 0.859375
vt 0.359375 0.031250
vt 0.359375 0.437500
vt 0.359375 0.843750
vt 0.359375 0.015625
vt 0.359375 0.421875
vt 0.359375 0.828125
vt 0.367188 0.000000
vt 0.359375 0.406250
vt 0.359375 0.812500
vt 0.359375 0.390625
vt 0.359375 0.796875
vt 0.359375 0.375000
vt 0.359375 0.781250
vt 0.359375 0.359375
vt 0.359375 0.765625
vt 0.359375 0.343750
vt 0.359375 0.750000
vt 0.359375 0.328125
vt 0.359375 0.734375
vt 0.359375 0.312500
vt 0.359375 0.718750
vt 0.359375 0.296875
vt 0.359375 0.703125
vt 0.359375 0.281250
vt 0.359375 0.687500
vt 0.359375 0.265625
vt 0.359375 0.671875
vt 0.343750 0.218750
vt 0.343750 0.203125
vt 0.343750 0.625000
vt 0.343750 0.609375
vt 0.343750 0.187500
vt 0.343750 0.593750
vt 0.343750 0.171875
vt 0.343750 0.578125
vt 0.351562 1.000000
vt 0.343750 0.984375
vt 0.343750 0.156250
vt 0.343750 0.562500
vt 0.343750 0.968750
vt 0.343750 0.140625
vt 0.343750 0.546875
vt 0.343750 0.953125
vt 0.343750 0.125000
vt 0.343750 0.531250
vt 0.343750 0.937500
vt 0.343750 0.109375
vt 0.343750 0.515625
vt 0.343750 0.921875
vt 0.343750 0.093750
vt 0.343750 0.500000
vt 0.343750 0.906250
vt 0.343750 0.078125
vt 0.343750 0.484375
vt 0.343750 0.890625
vt 0.343750 0.062500
vt 0.343750 0.468750
vt 0.343750 0.875000
vt 0.343750 0.046875
vt 0.343750 0.453125
vt 0.343750 0.859375
vt 0.343750 0.031250
vt 0.343750 0.437500
vt 0.343750 0.843750
vt 0.343750 0.015625
vt 0.343750 0.421875
vt 0.343750 0.828125
vt 0.351562 0.000000
vt 0.343750 0.406250
vt 0.343750 0.812500
vt 0.343750 0.390625
vt 0.343750 0.796875
vt 0.343750 0.375000
vt 0.343750 0.781250
vt 0.343750 0.359375
vt 0.343750 0.765625
vt 0.343750 0.343750
vt 0.343750 0.750000
vt 0.343750 0.328125
vt 0.343750 0.734375
vt 0.343750 0.312500
vt 0.343750 0.718750
vt 0.343750 0.296875
vt 0.343750 0.703125
vt 0.343750 0.281250
vt 0.343750 0.687500
vt 0.343750 0.265625
vt 0.343750 0.671875
vt 0.343750 0.250000
vt 0.343750 0.656250
vt 0.343750 0.234375
vt 0.343750 0.640625
vt 0.328125 0.328125
vt 0.328125 0.312500
vt 0.328125 0.734375
vt 0.328125 0.718750
vt 0.328125 0.296875
vt 0.328125 0.703125
vt 0.328125 0.281250
vt 0.328125 0.687500
vt 0.328125 0.265625
vt 0.328125 0.671875
vt 0.328125 0.250000
vt 0.328125 0.656250
vt 0.328125 0.234375
vt 0.328125 0.640625
vt 0.328125 0.218750
vt 0.328125 0.625000
vt 0.328125 0.203125
vt 0.328125 0.609375
vt 0.328125 0.187500
vt 0.328125 0.593750
vt 0.328125 0.171875
vt 0.328125 0.578125
vt 0.335937 1.000000
vt 0.328125 0.984375
vt 0.328125 0.156250
vt 0.328125 0.562500
vt 0.328125 0.968750
vt 0.328125 0.140625
vt 0.328125 0.546875
vt 0.328125 0.953125
vt 0.328125 0.125000
vt 0.328125 0.531250
vt 0.328125 0.937500
vt 0.328125 0.109375
vt 0.328125 0.515625
vt 0.328125 0.921875
vt 0.328125 0.093750
vt 0.328125 0.500000
vt 0.328125 0.906250
vt 0.328125 0.078125
vt 0.328125 0.484375
vt 0.328125 0.890625
vt 0.328125 0.062500
vt 0.328125 0.468750
vt 0.328125 0.875000
vt 0.328125 0.046875
vt 0.328125 0.453125
vt 0.328125 0.859375
vt 0.328125 0.031250
vt 0.328125 0.437500
vt 0.328125 0.843750
vt 0.328125 0.015625
vt 0.328125 0.421875
vt 0.328125 0.828125
vt 0.335937 0.000000
vt 0.328125 0.406250
vt 0.328125 0.812500
vt 0.328125 0.390625
vt 0.328125 0.796875
vt 0.328125 0.375000
vt 0.328125 0.781250
vt 0.328125 0.359375
vt 0.328125 0.765625
vt 0.328125 0.343750
vt 0.328125 0.750000
vt 0.312500 0.296875
vt 0.312500 0.281250
vt 0.312500 0.703125
vt 0.312500 0.687500
vt 0.312500 0.265625
vt 0.312500 0.671875
vt 0.312500 0.250000
vt 0.312500 0.656250
vt 0.312500 0.234375
vt 0.312500 0.640625
vt 0.312500 0.218750
vt 0.312500 0.625000
vt 0.312500 0.203125
vt 0.312500 0.609375
vt 0.312500 0.187500
vt 0.312500 0.593750
vt 0.312500 0.171875
vt 0.312500 0.578125
vt 0.320312 1.000000
vt 0.312500 0.984375
vt 0.312500 0.156250
vt 0.312500 0.562500
vt 0.312500 0.968750
vt 0.312500 0.140625
vt 0.312500 0.546875
vt 0.312500 0.953125
vt 0.312500 0.125000
vt 0.312500 0.531250
vt 0.312500 0.937500
vt 0.312500 0.109375
vt 0.312500 0.515625
vt 0.312500 0.921875
vt 0.312500 0.093750
vt 0.312500 0.500000
vt 0.312500 0.906250
vt 0.312500 0.078125
vt 0.312500 0.484375
vt 0.312500 0.890625
vt 0.312500 0.062500
vt 0.312500 0.468750
vt 0.312500 0.875000
vt 0.312500 0.046875
vt 0.312500 0.453125
vt 0.312500 0.859375
vt 0.312500 0.031250
vt 0.312500 0.437500
vt 0.312500 0.843750
vt 0.312500 0.015625
vt 0.312500 0.421875
vt 0.312500 0.828125
vt 0.320312 0.000000
vt 0.312500 0.406250
vt 0.312500 0.812500
vt 0.312500 0.390625
vt 0.312500 0.796875
vt 0.312500 0.375000
vt 0.312500 0.781250
vt 0.312500 0.359375
vt 0.312500 0.765625
vt 0.312500 0.343750
vt 0.312500 0.750000
vt 0.312500 0.328125
vt 0.312500 0.734375
vt 0.312500 0.312500
vt 0.312500 0.718750
vt 0.296875 0.265625
vt 0.296875 0.250000
vt 0.296875 0.671875
vt 0.296875 0.656250
vt 0.296875 0.234375
vt 0.296875 0.640625
vt 0.296875 0.218750
vt 0.296875 0.625000
vt 0.296875 0.203125
vt 0.296875 0.609375
vt 0.296875 0.187500
vt 0.296875 0.593750
vt 0.296875 0.171875
vt 0.296875 0.578125
vt 0.304688 1.000000
vt 0.296875 0.984375
vt 0.296875 0.156250
vt 0.296875 0.562500
vt 0.296875 0.968750
vt 0.296875 0.140625
vt 0.296875 0.546875
vt 0.296875 0.953125
vt 0.296875 0.125000
vt 0.296875 0.531250
vt 0.296875 0.937500
vt 0.296875 0.109375
vt 0.296875 0.515625
vt 0.296875 0.921875
vt 0.296875 0.093750
vt 0.296875 0.500000
vt 0.296875 0.906250
vt 0.296875 0.078125
vt 0.296875 0.484375
vt 0.296875 0.890625
vt 0.296875 0.062500
vt 0.296875 0.468750
vt 0.296875 0.875000
vt 0.296875 0.046875
vt 0.296875 0.453125
vt 0.296875 0.859375
vt 0.296875 0.031250
vt 0.296875 0.437500
vt 0.296875 0.843750
vt 0.296875 0.015625
vt 0.296875 0.421875
vt 0.296875 0.828125
vt 0.304688 0.000000
vt 0.296875 0.406250
vt 0.296875 0.812500
vt 0.296875 0.390625
vt 0.296875 0.796875
vt 0.296875 0.375000
vt 0.296875 0.781250
vt 0.296875 0.359375
vt 0.296875 0.765625
vt 0.296875 0.343750
vt 0.296875 0.750000
vt 0.296875 0.328125
vt 0.296875 0.734375
vt 0.296875 0.312500
vt 0.296875 0.718750
vt 0.296875 0.296875
vt 0.296875 0.703125
vt 0.296875 0.281250
vt 0.296875 0.687500
vt 0.281250 0.234375
vt 0.281250 0.218750
vt 0.281250 0.640625
vt 0.281250 0.625000
vt 0.281250 0.203125
vt 0.281250 0.609375
vt 0.281250 0.187500
vt 0.281250 0.593750
vt 0.281250 0.171875
vt 0.281250 0.578125
vt 0.289062 1.000000
vt 0.281250 0.984375
vt 0.281250 0.156250
vt 0.281250 0.562500
vt 0.281250 0.968750
vt 0.281250 0.140625
vt 0.281250 0.546875
vt 0.281250 0.953125
vt 0.281250 0.125000
vt 0.281250 0.531250
vt 0.281250 0.937500
vt 0.281250 0.109375
vt 0.281250 0.515625
vt 0.281250 0.921875
vt 0.281250 0.093750
vt 0.281250 0.500000
vt 0.281250 0.906250
vt 0.281250 0.078125
vt 0.281250 0.484375
vt 0.281250 0.890625
vt 0.281250 0.062500
vt 0.281250 0.468750
vt 0.281250 0.875000
vt 0.281250 0.046875
vt 0.281250 0.453125
vt 0.281250 0.859375
vt 0.281250 0.031250
vt 0.281250 0.437500
vt 0.281250 0.843750
vt 0.281250 0.015625
vt 0.281250 0.421875
vt 0.281250 0.828125
vt 0.289062 0.000000
vt 0.281250 0.406250
vt 0.281250 0.812500
vt 0.281250 0.390625
vt 0.281250 0.796875
vt 0.281250 0.375000
vt 0.281250 0.781250
vt 0.281250 0.359375
vt 0.281250 0.765625
vt 0.281250 0.343750
vt 0.281250 0.750000
vt 0.281250 0.328125
vt 0.281250 0.734375
vt 0.281250 0.312500
vt 0.281250 0.718750
vt 0.281250 0.296875
vt 0.281250 0.703125
vt 0.281250 0.281250
vt 0.281250 0.687500
vt 0.281250 0.265625
vt 0.281250 0.671875
vt 0.281250 0.250000
vt 0.281250 0.656250
vt 0.265625 0.203125
vt 0.265625 0.187500
vt 0.265625 0.609375
vt 0.265625 0.593750
vt 0.265625 0.171875
vt 0.265625 0.578125
vt 0.273438 1.000000
vt 0.265625 0.984375
vt 0.265625 0.156250
vt 0.265625 0.562500
vt 0.265625 0.968750
vt 0.265625 0.140625
vt 0.265625 0.546875
vt 0.265625 0.953125
vt 0.265625 0.125000
vt 0.265625 0.531250
vt 0.265625 0.937500
vt 0.265625 0.109375
vt 0.265625 0.515625
vt 0.265625 0.921875
vt 0.265625 0.093750
vt 0.265625 0.500000
vt 0.265625 0.906250
vt 0.265625 0.078125
vt 0.265625 0.484375
vt 0.265625 0.890625
vt 0.265625 0.062500
vt 0.265625 0.468750
vt 0.265625 0.875000
vt 0.265625 0.046875
vt 0.265625 0.453125
vt 0.265625 0.859375
vt 0.265625 0.031250
vt 0.265625 0.437500
vt 0.265625 0.843750
vt 0.265625 0.015625
vt 0.265625 0.421875
vt 0.265625 0.828125
vt 0.273438 0.000000
vt 0.265625 0.406250
vt 0.265625 0.812500
vt 0.265625 0.390625
vt 0.265625 0.796875
vt 0.265625 0.375000
vt 0.265625 0.781250
vt 0.265625 0.359375
vt 0.265625 0.765625
vt 0.265625 0.343750
vt 0.265625 0.750000
vt 0.265625 0.328125
vt 0.265625 0.734375
vt 0.265625 0.312500
vt 0.265625 0.718750
vt 0.265625 0.296875
vt 0.265625 0.703125
vt 0.265625 0.281250
vt 0.265625 0.687500
vt 0.265625 0.265625
vt 0.265625 0.671875
vt 0.265625 0.250000
vt 0.265625 0.656250
vt 0.265625 0.234375
vt 0.265625 0.640625
vt 0.265625 0.218750
vt 0.265625 0.625000
vt 0.250000 0.171875
vt 0.250000 0.156250
vt 0.250000 0.578125
vt 0.250000 0.562500
vt 0.250000 0.984375
vt 0.250000 0.968750
vt 0.250000 0.140625
vt 0.250000 0.546875
vt 0.250000 0.953125
vt 0.250000 0.125000
vt 0.250000 0.531250
vt 0.250000 0.937500
vt 0.250000 0.109375
vt 0.250000 0.515625
vt 0.250000 0.921875
vt 0.250000 0.093750
vt 0.250000 0.500000
vt 0.250000 0.906250
vt 0.250000 0.078125
vt 0.250000 0.484375
vt 0.250000 0.890625
vt 0.250000 0.062500
vt 0.250000 0.468750
vt 0.250000 0.875000
vt 0.250000 0.046875
vt 0.250000 0.453125
vt 0.250000 0.859375
vt 0.250000 0.031250
vt 0.250000 0.437500
vt 0.250000 0.843750
vt 0.250000 0.015625
vt 0.250000 0.421875
vt 0.250000 0.828125
vt 0.257812 0.000000
vt 0.250000 0.406250
vt 0.250000 0.812500
vt 0.250000 0.390625
vt 0.250000 0.796875
vt 0.250000 0.375000
vt 0.250000 0.781250
vt 0.250000 0.359375
vt 0.250000 0.765625
vt 0.250000 0.343750
vt 0.250000 0.750000
vt 0.250000 0.328125
vt 0.250000 0.734375
vt 0.250000 0.312500
vt 0.250000 0.718750
vt 0.250000 0.296875
vt 0.250000 0.703125
vt 0.250000 0.281250
vt 0.250000 0.687500
vt 0.250000 0.265625
vt 0.250000 0.671875
vt 0.250000 0.250000
vt 0.250000 0.656250
vt 0.250000 0.234375
vt 0.250000 0.640625
vt 0.250000 0.218750
vt 0.250000 0.625000
vt 0.250000 0.203125
vt 0.250000 0.609375
vt 0.250000 0.187500
vt 0.250000 0.593750
vt 0.257812 1.000000
vt 0.234375 0.140625
vt 0.234375 0.125000
vt 0.234375 0.546875
vt 0.234375 0.531250
vt 0.234375 0.953125
vt 0.234375 0.937500
vt 0.234375 0.109375
vt 0.234375 0.515625
vt 0.234375 0.921875
vt 0.234375 0.093750
vt 0.234375 0.500000
vt 0.234375 0.906250
vt 0.234375 0.078125
vt 0.234375 0.484375
vt 0.234375 0.890625
vt 0.234375 0.062500
vt 0.234375 0.468750
vt 0.234375 0.875000
vt 0.234375 0.046875
vt 0.234375 0.453125
vt 0.234375 0.859375
vt 0.234375 0.031250
vt 0.234375 0.437500
vt 0.234375 0.843750
vt 0.234375 0.015625
vt 0.234375 0.421875
vt 0.234375 0.828125
vt 0.242187 0.000000
vt 0.234375 0.406250
vt 0.234375 0.812500
vt 0.234375 0.390625
vt 0.234375 0.796875
vt 0.234375 0.375000
vt 0.234375 0.781250
vt 0.234375 0.359375
vt 0.234375 0.765625
vt 0.234375 0.343750
vt 0.234375 0.750000
vt 0.234375 0.328125
vt 0.234375 0.734375
vt 0.234375 0.312500
vt 0.234375 0.718750
vt 0.234375 0.296875
vt 0.234375 0.703125
vt 0.234375 0.281250
vt 0.234375 0.687500
vt 0.234375 0.265625
vt 0.234375 0.671875
vt 0.234375 0.250000
vt 0.234375 0.656250
vt 0.234375 0.234375
vt 0.234375 0.640625
vt 0.234375 0.218750
vt 0.234375 0.625000
vt 0.234375 0.203125
vt 0.234375 0.609375
vt 0.234375 0.187500
vt 0.234375 0.593750
vt 0.234375 0.171875
vt 0.234375 0.578125
vt 0.242187 1.000000
vt 0.234375 0.984375
vt 0.234375 0.156250
vt 0.234375 0.562500
vt 0.234375 0.968750
vt 0.218750 0.109375
vt 0.218750 0.093750
vt 0.218750 0.515625
vt 0.218750 0.500000
vt 0.218750 0.921875
vt 0.218750 0.906250
vt 0.218750 0.078125
vt 0.218750 0.484375
vt 0.218750 0.890625
vt 0.218750 0.062500
vt 0.218750 0.468750
vt 0.218750 0.875000
vt 0.218750 0.046875
vt 0.218750 0.453125
vt 0.218750 0.859375
vt 0.218750 0.031250
vt 0.218750 0.437500
vt 0.218750 0.843750
vt 0.218750 0.015625
vt 0.218750 0.421875
vt 0.218750 0.828125
vt 0.226562 0.000000
vt 0.218750 0.406250
vt 0.218750 0.812500
vt 0.218750 0.390625
vt 0.218750 0.796875
vt 0.218750 0.375000
vt 0.218750 0.781250
vt 0.218750 0.359375
vt 0.218750 0.765625
vt 0.218750 0.343750
vt 0.218750 0.750000
vt 0.218750 0.328125
vt 0.218750 0.734375
vt 0.218750 0.312500
vt 0.218750 0.718750
vt 0.218750 0.296875
vt 0.218750 0.703125
vt 0.218750 0.281250
vt 0.218750 0.687500
vt 0.218750 0.265625
vt 0.218750 0.671875
vt 0.218750 0.250000
vt 0.218750 0.656250
vt 0.218750 0.234375
vt 0.218750 0.640625
vt 0.218750 0.218750
vt 0.218750 0.625000
vt 0.218750 0.203125
vt 0.218750 0.609375
vt 0.218750 0.187500
vt 0.218750 0.593750
vt 0.218750 0.171875
vt 0.218750 0.578125
vt 0.226562 1.000000
vt 0.218750 0.984375
vt 0.218750 0.156250
vt 0.218750 0.562500
vt 0.218750 0.968750
vt 0.218750 0.140625
vt 0.218750 0.546875
vt 0.218750 0.953125
vt 0.218750 0.125000
vt 0.218750 0.531250
vt 0.218750 0.937500
vt 0.203125 0.078125
vt 0.203125 0.062500
vt 0.203125 0.484375
vt 0.203125 0.468750
vt 0.203125 0.890625
vt 0.203125 0.875000
vt 0.203125 0.046875
vt 0.203125 0.453125
vt 0.203125 0.859375
vt 0.203125 0.031250
vt 0.203125 0.437500
vt 0.203125 0.843750
vt 0.203125 0.015625
vt 0.203125 0.421875
vt 0.203125 0.828125
vt 0.210938 0.000000
vt 0.203125 0.406250
vt 0.203125 0.812500
vt 0.203125 0.390625
vt 0.203125 0.796875
vt 0.203125 0.375000
vt 0.203125 0.781250
vt 0.203125 0.359375
vt 0.203125 0.765625
vt 0.203125 0.343750
vt 0.203125 0.750000
vt 0.203125 0.328125
vt 0.203125 0.734375
vt 0.203125 0.312500
vt 0.203125 0.718750
vt 0.203125 0.296875
vt 0.203125 0.703125
vt 0.203125 0.281250
vt 0.203125 0.687500
vt 0.203125 0.265625
vt 0.203125 0.671875
vt 0.203125 0.250000
vt 0.203125 0.656250
vt 0.203125 0.234375
vt 0.203125 0.640625
vt 0.203125 0.218750
vt 0.203125 0.625000
vt 0.203125 0.203125
vt 0.203125 0.609375
vt 0.203125 0.187500
vt 0.203125 0.593750
vt 0.203125 0.171875
vt 0.203125 0.578125
vt 0.210938 1.000000
vt 0.203125 0.984375
vt 0.203125 0.156250
vt 0.203125 0.562500
vt 0.203125 0.968750
vt 0.203125 0.140625
vt 0.203125 0.546875
vt 0.203125 0.953125
vt 0.203125 0.125000
vt 0.203125 0.531250
vt 0.203125 0.937500
vt 0.203125 0.109375
vt 0.203125 0.515625
vt 0.203125 0.921875
vt 0.203125 0.093750
vt 0.203125 0.500000
vt 0.203125 0.906250
vt 0.187500 0.046875
vt 0.187500 0.031250
vt 0.187500 0.453125
vt 0.187500 0.437500
vt 0.187500 0.859375
vt 0.187500 0.843750
vt 0.187500 0.015625
vt 0.187500 0.421875
vt 0.187500 0.828125
vt 0.195312 0.000000
vt 0.187500 0.406250
vt 0.187500 0.812500
vt 0.187500 0.390625
vt 0.187500 0.796875
vt 0.187500 0.375000
vt 0.187500 0.781250
vt 0.187500 0.359375
vt 0.187500 0.765625
vt 0.187500 0.343750
vt 0.187500 0.750000
vt 0.187500 0.328125
vt 0.187500 0.734375
vt 0.187500 0.312500
vt 0.187500 0.718750
vt 0.187500 0.296875
vt 0.187500 0.703125
vt 0.187500 0.281250
vt 0.187500 0.687500
vt 0.187500 0.265625
vt 0.187500 0.671875
vt 0.187500 0.250000
vt 0.187500 0.656250
vt 0.187500 0.234375
vt 0.187500 0.640625
vt 0.187500 0.218750
vt 0.187500 0.625000
vt 0.187500 0.203125
vt 0.187500 0.609375
vt 0.187500 0.187500
vt 0.187500 0.593750
vt 0.187500 0.171875
vt 0.187500 0.578125
vt 0.195312 1.000000
vt 0.187500 0.984375
vt 0.187500 0.156250
vt 0.187500 0.562500
vt 0.187500 0.968750
vt 0.187500 0.140625
vt 0.187500 0.546875
vt 0.187500 0.953125
vt 0.187500 0.125000
vt 0.187500 0.531250
vt 0.187500 0.937500
vt 0.187500 0.109375
vt 0.187500 0.515625
vt 0.187500 0.921875
vt 0.187500 0.093750
vt 0.187500 0.500000
vt 0.187500 0.906250
vt 0.187500 0.078125
vt 0.187500 0.484375
vt 0.187500 0.890625
vt 0.187500 0.062500
vt 0.187500 0.468750
vt 0.187500 0.875000
vt 0.179687 0.000000
vt 0.171875 0.015625
vt 0.171875 0.421875
vt 0.171875 0.406250
vt 0.171875 0.828125
vt 0.171875 0.812500
vt 0.171875 0.390625
vt 0.171875 0.796875
vt 0.171875 0.375000
vt 0.171875 0.781250
vt 0.171875 0.359375
vt 0.171875 0.765625
vt 0.171875 0.343750
vt 0.171875 0.750000
vt 0.171875 0.328125
vt 0.171875 0.734375
vt 0.171875 0.312500
vt 0.171875 0.718750
vt 0.171875 0.296875
vt 0.171875 0.703125
vt 0.171875 0.281250
vt 0.171875 0.687500
vt 0.171875 0.265625
vt 0.171875 0.671875
vt 0.171875 0.250000
vt 0.171875 0.656250
vt 0.171875 0.234375
vt 0.171875 0.640625
vt 0.171875 0.218750
vt 0.171875 0.625000
vt 0.171875 0.203125
vt 0.171875 0.609375
vt 0.171875 0.187500
vt 0.171875 0.593750
vt 0.171875 0.171875
vt 0.171875 0.578125
vt 0.179687 1.000000
vt 0.171875 0.984375
vt 0.171875 0.156250
vt 0.171875 0.562500
vt 0.171875 0.968750
vt 0.171875 0.140625
vt 0.171875 0.546875
vt 0.171875 0.953125
vt 0.171875 0.125000
vt 0.171875 0.531250
vt 0.171875 0.937500
vt 0.171875 0.109375
vt 0.171875 0.515625
vt 0.171875 0.921875
vt 0.171875 0.093750
vt 0.171875 0.500000
vt 0.171875 0.906250
vt 0.171875 0.078125
vt 0.171875 0.484375
vt 0.171875 0.890625
vt 0.171875 0.062500
vt 0.171875 0.468750
vt 0.171875 0.875000
vt 0.171875 0.046875
vt 0.171875 0.453125
vt 0.171875 0.859375
vt 0.171875 0.031250
vt 0.171875 0.437500
vt 0.171875 0.843750
vt 0.156250 0.390625
vt 0.156250 0.375000
vt 0.156250 0.796875
vt 0.156250 0.781250
vt 0.156250 0.359375
vt 0.156250 0.765625
vt 0.156250 0.343750
vt 0.156250 0.750000
vt 0.156250 0.328125
vt 0.156250 0.734375
vt 0.156250 0.312500
vt 0.156250 0.718750
vt 0.156250 0.296875
vt 0.156250 0.703125
vt 0.156250 0.281250
vt 0.156250 0.687500
vt 0.156250 0.265625
vt 0.156250 0.671875
vt 0.156250 0.250000
vt 0.156250 0.656250
vt 0.156250 0.234375
vt 0.156250 0.640625
vt 0.156250 0.218750
vt 0.156250 0.625000
vt 0.156250 0.203125
vt 0.156250 0.609375
vt 0.156250 0.187500
vt 0.156250 0.593750
vt 0.156250 0.171875
vt 0.156250 0.578125
vt 0.164062 1.000000
vt 0.156250 0.984375
vt 0.156250 0.156250
vt 0.156250 0.562500
vt 0.156250 0.968750
vt 0.156250 0.140625
vt 0.156250 0.546875
vt 0.156250 0.953125
vt 0.156250 0.125000
vt 0.156250 0.531250
vt 0.156250 0.937500
vt 0.156250 0.109375
vt 0.156250 0.515625
vt 0.156250 0.921875
vt 0.156250 0.093750
vt 0.156250 0.500000
vt 0.156250 0.906250
vt 0.156250 0.078125
vt 0.156250 0.484375
vt 0.156250 0.890625
vt 0.156250 0.062500
vt 0.156250 0.468750
vt 0.156250 0.875000
vt 0.156250 0.046875
vt 0.156250 0.453125
vt 0.156250 0.859375
vt 0.156250 0.031250
vt 0.156250 0.437500
vt 0.156250 0.843750
vt 0.156250 0.015625
vt 0.156250 0.421875
vt 0.156250 0.828125
vt 0.164062 0.000000
vt 0.156250 0.406250
vt 0.156250 0.812500
vt 0.140625 0.359375
vt 0.140625 0.343750
vt 0.140625 0.765625
vt 0.140625 0.750000
vt 0.140625 0.328125
vt 0.140625 0.734375
vt 0.140625 0.312500
vt 0.140625 0.718750
vt 0.140625 0.296875
vt 0.140625 0.703125
vt 0.140625 0.281250
vt 0.140625 0.687500
vt 0.140625 0.265625
vt 0.140625 0.671875
vt 0.140625 0.250000
vt 0.140625 0.656250
vt 0.140625 0.234375
vt 0.140625 0.640625
vt 0.140625 0.218750
vt 0.140625 0.625000
vt 0.140625 0.203125
vt 0.140625 0.609375
vt 0.140625 0.187500
vt 0.140625 0.593750
vt 0.140625 0.171875
vt 0.140625 0.578125
vt 0.148437 1.000000
vt 0.140625 0.984375
vt 0.140625 0.156250
vt 0.140625 0.562500
vt 0.140625 0.968750
vt 0.140625 0.140625
vt 0.140625 0.546875
vt 0.140625 0.953125
vt 0.140625 0.125000
vt 0.140625 0.531250
vt 0.140625 0.937500
vt 0.140625 0.109375
vt 0.140625 0.515625
vt 0.140625 0.921875
vt 0.140625 0.093750
vt 0.140625 0.500000
vt 0.140625 0.906250
vt 0.140625 0.078125
vt 0.140625 0.484375
vt 0.140625 0.890625
vt 0.140625 0.062500
vt 0.140625 0.468750
vt 0.140625 0.875000
vt 0.140625 0.046875
vt 0.140625 0.453125
vt 0.140625 0.859375
vt 0.140625 0.031250
vt 0.140625 0.437500
vt 0.140625 0.843750
vt 0.140625 0.015625
vt 0.140625 0.421875
vt 0.140625 0.828125
vt 0.148437 0.000000
vt 0.140625 0.406250
vt 0.140625 0.812500
vt 0.140625 0.390625
vt 0.140625 0.796875
vt 0.140625 0.375000
vt 0.140625 0.781250
vt 0.125000 0.406250
vt 0.125000 0.390625
vt 0.125000 0.812500
vt 0.125000 0.796875
vt 0.125000 0.375000
vt 0.125000 0.781250
vt 0.125000 0.359375
vt 0.125000 0.765625
vt 0.125000 0.343750
vt 0.125000 0.750000
vt 0.125000 0.328125
vt 0.125000 0.734375
vt 0.125000 0.312500
vt 0.125000 0.718750
vt 0.125000 0.296875
vt 0.125000 0.703125
vt 0.125000 0.281250
vt 0.125000 0.687500
vt 0.125000 0.265625
vt 0.125000 0.671875
vt 0.125000 0.250000
vt 0.125000 0.656250
vt 0.125000 0.234375
vt 0.125000 0.640625
vt 0.125000 0.218750
vt 0.125000 0.625000
vt 0.125000 0.203125
vt 0.125000 0.609375
vt 0.125000 0.187500
vt 0.125000 0.593750
vt 0.125000 0.171875
vt 0.125000 0.578125
vt 0.132812 1.000000
vt 0.125000 0.984375
vt 0.125000 0.156250
vt 0.125000 0.562500
vt 0.125000 0.968750
vt 0.125000 0.140625
vt 0.125000 0.546875
vt 0.125000 0.953125
vt 0.125000 0.125000
vt 0.125000 0.531250
vt 0.125000 0.937500
vt 0.125000 0.109375
vt 0.125000 0.515625
vt 0.125000 0.921875
vt 0.125000 0.093750
vt 0.125000 0.500000
vt 0.125000 0.906250
vt 0.125000 0.078125
vt 0.125000 0.484375
vt 0.125000 0.890625
vt 0.125000 0.062500
vt 0.125000 0.468750
vt 0.125000 0.875000
vt 0.125000 0.046875
vt 0.125000 0.453125
vt 0.125000 0.859375
vt 0.125000 0.031250
vt 0.125000 0.437500
vt 0.125000 0.843750
vt 0.125000 0.015625
vt 0.125000 0.421875
vt 0.125000 0.828125
vt 0.132812 0.000000
vt 0.109375 0.375000
vt 0.109375 0.359375
vt 0.109375 0.781250
vt 0.109375 0.765625
vt 0.109375 0.343750
vt 0.109375 0.750000
vt 0.109375 0.328125
vt 0.109375 0.734375
vt 0.109375 0.312500
vt 0.109375 0.718750
vt 0.109375 0.296875
vt 0.109375 0.703125
vt 0.109375 0.281250
vt 0.109375 0.687500
vt 0.109375 0.265625
vt 0.109375 0.671875
vt 0.109375 0.250000
vt 0.109375 0.656250
vt 0.109375 0.234375
vt 0.109375 0.640625
vt 0.109375 0.218750
vt 0.109375 0.625000
vt 0.109375 0.203125
vt 0.109375 0.609375
vt 0.109375 0.187500
vt 0.109375 0.593750
vt 0.109375 0.171875
vt 0.109375 0.578125
vt 0.117188 1.000000
vt 0.109375 0.984375
vt 0.109375 0.156250
vt 0.109375 0.562500
vt 0.109375 0.968750
vt 0.109375 0.140625
vt 0.109375 0.546875
vt 0.109375 0.953125
vt 0.109375 0.125000
vt 0.109375 0.531250
vt 0.109375 0.937500
vt 0.109375 0.109375
vt 0.109375 0.515625
vt 0.109375 0.921875
vt 0.109375 0.093750
vt 0.109375 0.500000
vt 0.109375 0.906250
vt 0.109375 0.078125
vt 0.109375 0.484375
vt 0.109375 0.890625
vt 0.109375 0.062500
vt 0.109375 0.468750
vt 0.109375 0.875000
vt 0.109375 0.046875
vt 0.109375 0.453125
vt 0.109375 0.859375
vt 0.109375 0.031250
vt 0.109375 0.437500
vt 0.109375 0.843750
vt 0.109375 0.015625
vt 0.109375 0.421875
vt 0.109375 0.828125
vt 0.117188 0.000000
vt 0.109375 0.406250
vt 0.109375 0.812500
vt 0.109375 0.390625
vt 0.109375 0.796875
vt 0.093750 0.343750
vt 0.093750 0.328125
vt 0.093750 0.750000
vt 0.093750 0.734375
vt 0.093750 0.312500
vt 0.093750 0.718750
vt 0.093750 0.296875
vt 0.093750 0.703125
vt 0.093750 0.281250
vt 0.093750 0.687500
vt 0.093750 0.265625
vt 0.093750 0.671875
vt 0.093750 0.250000
vt 0.093750 0.656250
vt 0.093750 0.234375
vt 0.093750 0.640625
vt 0.093750 0.218750
vt 0.093750 0.625000
vt 0.093750 0.203125
vt 0.093750 0.609375
vt 0.093750 0.187500
vt 0.093750 0.593750
vt 0.093750 0.171875
vt 0.093750 0.578125
vt 0.101562 1.000000
vt 0.093750 0.984375
vt 0.093750 0.156250
vt 0.093750 0.562500
vt 0.093750 0.968750
vt 0.093750 0.140625
vt 0.093750 0.546875
vt 0.093750 0.953125
vt 0.093750 0.125000
vt 0.093750 0.531250
vt 0.093750 0.937500
vt 0.093750 0.109375
vt 0.093750 0.515625
vt 0.093750 0.921875
vt 0.093750 0.093750
vt 0.093750 0.500000
vt 0.093750 0.906250
vt 0.093750 0.078125
vt 0.093750 0.484375
vt 0.093750 0.890625
vt 0.093750 0.062500
vt 0.093750 0.468750
vt 0.093750 0.875000
vt 0.093750 0.046875
vt 0.093750 0.453125
vt 0.093750 0.859375
vt 0.093750 0.031250
vt 0.093750 0.437500
vt 0.093750 0.843750
vt 0.093750 0.015625
vt 0.093750 0.421875
vt 0.093750 0.828125
vt 0.101562 0.000000
vt 0.093750 0.406250
vt 0.093750 0.812500
vt 0.093750 0.390625
vt 0.093750 0.796875
vt 0.093750 0.375000
vt 0.093750 0.781250
vt 0.093750 0.359375
vt 0.093750 0.765625
vt 0.078125 0.312500
vt 0.078125 0.296875
vt 0.078125 0.718750
vt 0.078125 0.703125
vt 0.078125 0.281250
vt 0.078125 0.687500
vt 0.078125 0.265625
vt 0.078125 0.671875
vt 0.078125 0.250000
vt 0.078125 0.656250
vt 0.078125 0.234375
vt 0.078125 0.640625
vt 0.078125 0.218750
vt 0.078125 0.625000
vt 0.078125 0.203125
vt 0.078125 0.609375
vt 0.078125 0.187500
vt 0.078125 0.593750
vt 0.078125 0.171875
vt 0.078125 0.578125
vt 0.085937 1.000000
vt 0.078125 0.984375
vt 0.078125 0.156250
vt 0.078125 0.562500
vt 0.078125 0.968750
vt 0.078125 0.140625
vt 0.078125 0.546875
vt 0.078125 0.953125
vt 0.078125 0.125000
vt 0.078125 0.531250
vt 0.078125 0.937500
vt 0.078125 0.109375
vt 0.078125 0.515625
vt 0.078125 0.921875
vt 0.078125 0.093750
vt 0.078125 0.500000
vt 0.078125 0.906250
vt 0.078125 0.078125
vt 0.078125 0.484375
vt 0.078125 0.890625
vt 0.078125 0.062500
vt 0.078125 0.468750
vt 0.078125 0.875000
vt 0.078125 0.046875
vt 0.078125 0.453125
vt 0.078125 0.859375
vt 0.078125 0.031250
vt 0.078125 0.437500
vt 0.078125 0.843750
vt 0.078125 0.015625
vt 0.078125 0.421875
vt 0.078125 0.828125
vt 0.085937 0.000000
vt 0.078125 0.406250
vt 0.078125 0.812500
vt 0.078125 0.390625
vt 0.078125 0.796875
vt 0.078125 0.375000
vt 0.078125 0.781250
vt 0.078125 0.359375
vt 0.078125 0.765625
vt 0.078125 0.343750
vt 0.078125 0.750000
vt 0.078125 0.328125
vt 0.078125 0.734375
vt 0.062500 0.281250
vt 0.062500 0.265625
vt 0.062500 0.687500
vt 0.062500 0.671875
vt 0.062500 0.250000
vt 0.062500 0.656250
vt 0.062500 0.234375
vt 0.062500 0.640625
vt 0.062500 0.218750
vt 0.062500 0.625000
vt 0.062500 0.203125
vt 0.062500 0.609375
vt 0.062500 0.187500
vt 0.062500 0.593750
vt 0.062500 0.171875
vt 0.062500 0.578125
vt 0.070312 1.000000
vt 0.062500 0.984375
vt 0.062500 0.156250
vt 0.062500 0.562500
vt 0.062500 0.968750
vt 0.062500 0.140625
vt 0.062500 0.546875
vt 0.062500 0.953125
vt 0.062500 0.125000
vt 0.062500 0.531250
vt 0.062500 0.937500
vt 0.062500 0.109375
vt 0.062500 0.515625
vt 0.062500 0.921875
vt 0.062500 0.093750
vt 0.062500 0.500000
vt 0.062500 0.906250
vt 0.062500 0.078125
vt 0.062500 0.484375
vt 0.062500 0.890625
vt 0.062500 0.062500
vt 0.062500 0.468750
vt 0.062500 0.875000
vt 0.062500 0.046875
vt 0.062500 0.453125
vt 0.062500 0.859375
vt 0.062500 0.031250
vt 0.062500 0.437500
vt 0.062500 0.843750
vt 0.062500 0.015625
vt 0.062500 0.421875
vt 0.062500 0.828125
vt 0.070312 0.000000
vt 0.062500 0.406250
vt 0.062500 0.812500
vt 0.062500 0.390625
vt 0.062500 0.796875
vt 0.062500 0.375000
vt 0.062500 0.781250
vt 0.062500 0.359375
vt 0.062500 0.765625
vt 0.062500 0.343750
vt 0.062500 0.750000
vt 0.062500 0.328125
vt 0.062500 0.734375
vt 0.062500 0.312500
vt 0.062500 0.718750
vt 0.062500 0.296875
vt 0.062500 0.703125
vt 0.046875 0.250000
vt 0.046875 0.234375
vt 0.046875 0.656250
vt 0.046875 0.640625
vt 0.046875 0.218750
vt 0.046875 0.625000
vt 0.046875 0.203125
vt 0.046875 0.609375
vt 0.046875 0.187500
vt 0.046875 0.593750
vt 0.046875 0.171875
vt 0.046875 0.578125
vt 0.054688 1.000000
vt 0.046875 0.984375
vt 0.046875 0.156250
vt 0.046875 0.562500
vt 0.046875 0.968750
vt 0.046875 0.140625
vt 0.046875 0.546875
vt 0.046875 0.953125
vt 0.046875 0.125000
vt 0.046875 0.531250
vt 0.046875 0.937500
vt 0.046875 0.109375
vt 0.046875 0.515625
vt 0.046875 0.921875
vt 0.046875 0.093750
vt 0.046875 0.500000
vt 0.046875 0.906250
vt 0.046875 0.078125
vt 0.046875 0.484375
vt 0.046875 0.890625
vt 0.046875 0.062500
vt 0.046875 0.468750
vt 0.046875 0.875000
vt 0.046875 0.046875
vt 0.046875 0.453125
vt 0.046875 0.859375
vt 0.046875 0.031250
vt 0.046875 0.437500
vt 0.046875 0.843750
vt 0.046875 0.015625
vt 0.046875 0.421875
vt 0.046875 0.828125
vt 0.054688 0.000000
vt 0.046875 0.406250
vt 0.046875 0.812500
vt 0.046875 0.390625
vt 0.046875 0.796875
vt 0.046875 0.375000
vt 0.046875 0.781250
vt 0.046875 0.359375
vt 0.046875 0.765625
vt 0.046875 0.343750
vt 0.046875 0.750000
vt 0.046875 0.328125
vt 0.046875 0.734375
vt 0.046875 0.312500
vt 0.046875 0.718750
vt 0.046875 0.296875
vt 0.046875 0.703125
vt 0.046875 0.281250
vt 0.046875 0.687500
vt 0.046875 0.265625
vt 0.046875 0.671875
vt 0.031250 0.218750
vt 0.031250 0.203125
vt 0.031250 0.625000
vt 0.031250 0.609375
vt 0.031250 0.187500
vt 0.031250 0.593750
vt 0.031250 0.171875
vt 0.031250 0.578125
vt 0.039062 1.000000
vt 0.031250 0.984375
vt 0.031250 0.156250
vt 0.031250 0.562500
vt 0.031250 0.968750
vt 0.031250 0.140625
vt 0.031250 0.546875
vt 0.031250 0.953125
vt 0.031250 0.125000
vt 0.031250 0.531250
vt 0.031250 0.937500
vt 0.031250 0.109375
vt 0.031250 0.515625
vt 0.031250 0.921875
vt 0.031250 0.093750
vt 0.031250 0.500000
vt 0.031250 0.906250
vt 0.031250 0.078125
vt 0.031250 0.484375
vt 0.031250 0.890625
vt 0.031250 0.062500
vt 0.031250 0.468750
vt 0.031250 0.875000
vt 0.031250 0.046875
vt 0.031250 0.453125
vt 0.031250 0.859375
vt 0.031250 0.031250
vt 0.031250 0.437500
vt 0.031250 0.843750
vt 0.031250 0.015625
vt 0.031250 0.421875
vt 0.031250 0.828125
vt 0.039062 0.000000
vt 0.031250 0.406250
vt 0.031250 0.812500
vt 0.031250 0.390625
vt 0.031250 0.796875
vt 0.031250 0.375000
vt 0.031250 0.781250
vt 0.031250 0.359375
vt 0.031250 0.765625
vt 0.031250 0.343750
vt 0.031250 0.750000
vt 0.031250 0.328125
vt 0.031250 0.734375
vt 0.031250 0.312500
vt 0.031250 0.718750
vt 0.031250 0.296875
vt 0.031250 0.703125
vt 0.031250 0.281250
vt 0.031250 0.687500
vt 0.031250 0.265625
vt 0.031250 0.671875
vt 0.031250 0.250000
vt 0.031250 0.656250
vt 0.031250 0.234375
vt 0.031250 0.640625
vt 0.015625 0.187500
vt 0.015625 0.171875
vt 0.015625 0.593750
vt 0.015625 0.578125
vt 0.023438 1.000000
vt 0.015625 0.984375
vt 0.015625 0.156250
vt 0.015625 0.562500
vt 0.015625 0.968750
vt 0.015625 0.140625
vt 0.015625 0.546875
vt 0.015625 0.953125
vt 0.015625 0.125000
vt 0.015625 0.531250
vt 0.015625 0.937500
vt 0.015625 0.109375
vt 0.015625 0.515625
vt 0.015625 0.921875
vt 0.015625 0.093750
vt 0.015625 0.500000
vt 0.015625 0.906250
vt 0.015625 0.078125
vt 0.015625 0.484375
vt 0.015625 0.890625
vt 0.015625 0.062500
vt 0.015625 0.468750
vt 0.015625 0.875000
vt 0.015625 0.046875
vt 0.015625 0.453125
vt 0.015625 0.859375
vt 0.015625 0.031250
vt 0.015625 0.437500
vt 0.015625 0.843750
vt 0.015625 0.015625
vt 0.015625 0.421875
vt 0.015625 0.828125
vt 0.023438 0.000000
vt 0.015625 0.406250
vt 0.015625 0.812500
vt 0.015625 0.390625
vt 0.015625 0.796875
vt 0.015625 0.375000
vt 0.015625 0.781250
vt 0.015625 0.359375
vt 0.015625 0.765625
vt 0.015625 0.343750
vt 0.015625 0.750000
vt 0.015625 0.328125
vt 0.015625 0.734375
vt 0.015625 0.312500
vt 0.015625 0.718750
vt 0.015625 0.296875
vt 0.015625 0.703125
vt 0.015625 0.281250
vt 0.015625 0.687500
vt 0.015625 0.265625
vt 0.015625 0.671875
vt 0.015625 0.250000
vt 0.015625 0.656250
vt 0.015625 0.234375
vt 0.015625 0.640625
vt 0.015625 0.218750
vt 0.015625 0.625000
vt 0.015625 0.203125
vt 0.015625 0.609375
vt 0.000000 0.156250
vt 0.000000 0.140625
vt 0.000000 0.562500
vt 0.000000 0.546875
vt 0.000000 0.968750
vt 0.000000 0.953125
vt 0.000000 0.125000
vt 0.000000 0.531250
vt 0.000000 0.937500
vt 0.000000 0.109375
vt 0.000000 0.515625
vt 0.000000 0.921875
vt 0.000000 0.093750
vt 0.000000 0.500000
vt 0.000000 0.906250
vt 0.000000 0.078125
vt 0.000000 0.484375
vt 0.000000 0.890625
vt 0.000000 0.062500
vt 0.000000 0.468750
vt 0.000000 0.875000
vt 0.000000 0.046875
vt 0.000000 0.453125
vt 0.000000 0.859375
vt 0.000000 0.031250
vt 0.000000 0.437500
vt 0.000000 0.843750
vt 0.000000 0.015625
vt 0.000000 0.421875
vt 0.000000 0.828125
vt 0.007812 0.000000
vt 0.000000 0.406250
vt 0.000000 0.812500
vt 0.000000 0.390625
vt 0.000000 0.796875
vt 0.000000 0.375000
vt 0.000000 0.781250
vt 0.000000 0.359375
vt 0.000000 0.765625
vt 0.000000 0.343750
vt 0.000000 0.750000
vt 0.000000 0.328125
vt 0.000000 0.734375
vt 0.000000 0.312500
vt 0.000000 0.718750
vt 0.000000 0.296875
vt 0.000000 0.703125
vt 0.000000 0.281250
vt 0.000000 0.687500
vt 0.000000 0.265625
vt 0.000000 0.671875
vt 0.000000 0.250000
vt 0.000000 0.656250
vt 0.000000 0.234375
vt 0.000000 0.640625
vt 0.000000 0.218750
vt 0.000000 0.625000
vt 0.000000 0.203125
vt 0.000000 0.609375
vt 0.000000 0.187500
vt 0.000000 0.593750
vt 0.000000 0.171875
vt 0.000000 0.578125
vt 0.007812 1.000000
vt 0.000000 0.984375
vt 1.000000 0.109375
vt 1.000000 0.125000
vt 0.984375 0.125000
vt 0.984375 0.109375
vt 1.000000 0.515625
vt 1.000000 0.531250
vt 0.984375 0.531250
vt 0.984375 0.515625
vt 1.000000 0.921875
vt 1.000000 0.937500
vt 0.984375 0.937500
vt 0.984375 0.921875
vt 1.000000 0.093750
vt 0.984375 0.093750
vt 1.000000 0.500000
vt 0.984375 0.500000
vt 1.000000 0.906250
vt 0.984375 0.906250
vt 1.000000 0.078125
vt 0.984375 0.078125
vt 1.000000 0.484375
vt 0.984375 0.484375
vt 1.000000 0.890625
vt 0.984375 0.890625
vt 1.000000 0.062500
vt 0.984375 0.062500
vt 1.000000 0.468750
vt 0.984375 0.468750
vt 1.000000 0.875000
vt 0.984375 0.875000
vt 1.000000 0.046875
vt 0.984375 0.046875
vt 1.000000 0.453125
vt 0.984375 0.453125
vt 1.000000 0.859375
vt 0.984375 0.859375
vt 1.000000 0.031250
vt 0.984375 0.031250
vt 1.000000 0.437500
vt 0.984375 0.437500
vt 1.000000 0.843750
vt 0.984375 0.843750
vt 1.000000 0.015625
vt 0.984375 0.015625
vt 1.000000 0.421875
vt 0.984375 0.421875
vt 1.000000 0.828125
vt 0.984375 0.828125
vt 0.992187 0.000000
vt 1.000000 0.406250
vt 0.984375 0.406250
vt 1.000000 0.812500
vt 0.984375 0.812500
vt 1.000000 0.390625
vt 0.984375 0.390625
vt 1.000000 0.796875
vt 0.984375 0.796875
vt 1.000000 0.375000
vt 0.984375 0.375000
vt 1.000000 0.781250
vt 0.984375 0.781250
vt 1.000000 0.359375
vt 0.984375 0.359375
vt 1.000000 0.765625
vt 0.984375 0.765625
vt 1.000000 0.343750
vt 0.984375 0.343750
vt 1.000000 0.750000
vt 0.984375 0.750000
vt 1.000000 0.328125
vt 0.984375 0.328125
vt 1.000000 0.734375
vt 0.984375 0.734375
vt 1.000000 0.312500
vt 0.984375 0.312500
vt 1.000000 0.718750
vt 0.984375 0.718750
vt 1.000000 0.296875
vt 0.984375 0.296875
vt 1.000000 0.703125
vt 0.984375 0.703125
vt 1.000000 0.281250
vt 0.984375 0.281250
vt 1.000000 0.687500
vt 0.984375 0.687500
vt 1.000000 0.265625
vt 0.984375 0.265625
vt 1.000000 0.671875
vt 0.984375 0.671875
vt 1.000000 0.250000
vt 0.984375 0.250000
vt 1.000000 0.656250
vt 0.984375 0.656250
vt 1.000000 0.234375
vt 0.984375 0.234375
vt 1.000000 0.640625
vt 0.984375 0.640625
vt 1.000000 0.218750
vt 0.984375 0.218750
vt 1.000000 0.625000
vt 0.984375 0.625000
vt 1.000000 0.203125
vt 0.984375 0.203125
vt 1.000000 0.609375
vt 0.984375 0.609375
vt 1.000000 0.187500
vt 0.984375 0.187500
vt 1.000000 0.593750
vt 0.984375 0.593750
vt 1.000000 0.171875
vt 0.984375 0.171875
vt 1.000000 0.578125
vt 0.984375 0.578125
vt 1.000000 0.984375
vt 0.992187 1.000000
vt 0.984375 0.984375
vt 1.000000 0.156250
vt 0.984375 0.156250
vt 1.000000 0.562500
vt 0.984375 0.562500
vt 1.000000 0.968750
vt 0.984375 0.968750
vt 1.000000 0.140625
vt 0.984375 0.140625
vt 1.000000 0.546875
vt 0.984375 0.546875
vt 1.000000 0.953125
vt 0.984375 0.953125
vt 0.968750 0.093750
vt 0.968750 0.078125
vt 0.968750 0.500000
vt 0.968750 0.484375
vt 0.968750 0.906250
vt 0.968750 0.890625
vt 0.968750 0.062500
vt 0.968750 0.468750
vt 0.968750 0.875000
vt 0.968750 0.046875
vt 0.968750 0.453125
vt 0.968750 0.859375
vt 0.968750 0.031250
vt 0.968750 0.437500
vt 0.968750 0.843750
vt 0.968750 0.015625
vt 0.968750 0.421875
vt 0.968750 0.828125
vt 0.976562 0.000000
vt 0.968750 0.406250
vt 0.968750 0.812500
vt 0.968750 0.390625
vt 0.968750 0.796875
vt 0.968750 0.375000
vt 0.968750 0.781250
vt 0.968750 0.359375
vt 0.968750 0.765625
vt 0.968750 0.343750
vt 0.968750 0.750000
vt 0.968750 0.328125
vt 0.968750 0.734375
vt 0.968750 0.312500
vt 0.968750 0.718750
vt 0.968750 0.296875
vt 0.968750 0.703125
vt 0.968750 0.281250
vt 0.968750 0.687500
vt 0.968750 0.265625
vt 0.968750 0.671875
vt 0.968750 0.250000
vt 0.968750 0.656250
vt 0.968750 0.234375
vt 0.968750 0.640625
vt 0.968750 0.218750
vt 0.968750 0.625000
vt 0.968750 0.203125
vt 0.968750 0.609375
vt 0.968750 0.187500
vt 0.968750 0.593750
vt 0.968750 0.171875
vt 0.968750 0.578125
vt 0.976562 1.000000
vt 0.968750 0.984375
vt 0.968750 0.156250
vt 0.968750 0.562500
vt 0.968750 0.968750
vt 0.968750 0.140625
vt 0.968750 0.546875
vt 0.968750 0.953125
vt 0.968750 0.125000
vt 0.968750 0.531250
vt 0.968750 0.937500
vt 0.968750 0.109375
vt 0.968750 0.515625
vt 0.968750 0.921875
vt 0.953125 0.062500
vt 0.953125 0.046875
vt 0.953125 0.468750
vt 0.953125 0.453125
vt 0.953125 0.875000
vt 0.953125 0.859375
vt 0.953125 0.031250
vt 0.953125 0.437500
vt 0.953125 0.843750
vt 0.953125 0.015625
vt 0.953125 0.421875
vt 0.953125 0.828125
vt 0.960938 0.000000
vt 0.953125 0.406250
vt 0.953125 0.812500
vt 0.953125 0.390625
vt 0.953125 0.796875
vt 0.953125 0.375000
vt 0.953125 0.781250
vt 0.953125 0.359375
vt 0.953125 0.765625
vt 0.953125 0.343750
vt 0.953125 0.750000
vt 0.953125 0.328125
vt 0.953125 0.734375
vt 0.953125 0.312500
vt 0.953125 0.718750
vt 0.953125 0.296875
vt 0.953125 0.703125
vt 0.953125 0.281250
vt 0.953125 0.687500
vt 0.953125 0.265625
vt 0.953125 0.671875
vt 0.953125 0.250000
vt 0.953125 0.656250
vt 0.953125 0.234375
vt 0.953125 0.640625
vt 0.953125 0.218750
vt 0.953125 0.625000
vt 0.953125 0.203125
vt 0.953125 0.609375
vt 0.953125 0.187500
vt 0.953125 0.593750
vt 0.953125 0.171875
vt 0.953125 0.578125
vt 0.960938 1.000000
vt 0.953125 0.984375
vt 0.953125 0.156250
vt 0.953125 0.562500
vt 0.953125 0.968750
vt 0.953125 0.140625
vt 0.953125 0.546875
vt 0.953125 0.953125
vt 0.953125 0.125000
vt 0.953125 0.531250
vt 0.953125 0.937500
vt 0.953125 0.109375
vt 0.953125 0.515625
vt 0.953125 0.921875
vt 0.953125 0.093750
vt 0.953125 0.500000
vt 0.953125 0.906250
vt 0.953125 0.078125
vt 0.953125 0.484375
vt 0.953125 0.890625
vt 0.937500 0.203125
vt 0.937500 0.187500
vt 0.937500 0.437500
vt 0.937500 0.421875
vt 0.937500 0.843750
vt 0.937500 0.828125
vt 0.937500 0.171875
vt 0.937500 0.406250
vt 0.937500 0.812500
vt 0.937500 0.156250
vt 0.937500 0.796875
vt 0.937500 0.140625
vt 0.937500 0.781250
vt 0.937500 0.125000
vt 0.937500 0.765625
vt 0.937500 0.109375
vt 0.937500 0.750000
vt 0.937500 0.093750
vt 0.937500 0.734375
vt 0.937500 0.078125
vt 0.937500 0.718750
vt 0.937500 0.062500
vt 0.937500 0.703125
vt 0.937500 0.046875
vt 0.937500 0.687500
vt 0.937500 0.031250
vt 0.937500 0.671875
vt 0.937500 0.015625
vt 0.937500 0.656250
vt 0.945312 0.000000
vt 0.937500 0.640625
vt 0.937500 0.390625
vt 0.937500 0.625000
vt 0.937500 0.375000
vt 0.937500 0.609375
vt 0.937500 0.359375
vt 0.937500 0.593750
vt 0.937500 0.343750
vt 0.937500 0.578125
vt 0.945312 1.000000
vt 0.937500 0.984375
vt 0.937500 0.328125
vt 0.937500 0.562500
vt 0.937500 0.968750
vt 0.937500 0.312500
vt 0.937500 0.546875
vt 0.937500 0.953125
vt 0.937500 0.296875
vt 0.937500 0.531250
vt 0.937500 0.937500
vt 0.937500 0.281250
vt 0.937500 0.515625
vt 0.937500 0.921875
vt 0.937500 0.265625
vt 0.937500 0.500000
vt 0.937500 0.906250
vt 0.937500 0.250000
vt 0.937500 0.484375
vt 0.937500 0.890625
vt 0.937500 0.234375
vt 0.937500 0.468750
vt 0.937500 0.875000
vt 0.937500 0.218750
vt 0.937500 0.453125
vt 0.937500 0.859375
vt 0.921875 0.171875
vt 0.921875 0.156250
vt 0.921875 0.578125
vt 0.921875 0.562500
vt 0.921875 0.984375
vt 0.921875 0.968750
vt 0.921875 0.140625
vt 0.921875 0.546875
vt 0.921875 0.953125
vt 0.921875 0.125000
vt 0.921875 0.531250
vt 0.921875 0.937500
vt 0.921875 0.109375
vt 0.921875 0.515625
vt 0.921875 0.921875
vt 0.921875 0.093750
vt 0.921875 0.500000
vt 0.921875 0.906250
vt 0.921875 0.078125
vt 0.921875 0.484375
vt 0.921875 0.890625
vt 0.921875 0.062500
vt 0.921875 0.468750
vt 0.921875 0.875000
vt 0.921875 0.046875
vt 0.921875 0.453125
vt 0.921875 0.859375
vt 0.921875 0.031250
vt 0.921875 0.437500
vt 0.921875 0.843750
vt 0.921875 0.015625
vt 0.921875 0.421875
vt 0.921875 0.828125
vt 0.929687 0.000000
vt 0.921875 0.406250
vt 0.921875 0.812500
vt 0.921875 0.390625
vt 0.921875 0.796875
vt 0.921875 0.375000
vt 0.921875 0.781250
vt 0.921875 0.359375
vt 0.921875 0.765625
vt 0.921875 0.343750
vt 0.921875 0.750000
vt 0.921875 0.328125
vt 0.921875 0.734375
vt 0.921875 0.312500
vt 0.921875 0.718750
vt 0.921875 0.296875
vt 0.921875 0.703125
vt 0.921875 0.281250
vt 0.921875 0.687500
vt 0.921875 0.265625
vt 0.921875 0.671875
vt 0.921875 0.250000
vt 0.921875 0.656250
vt 0.921875 0.234375
vt 0.921875 0.640625
vt 0.921875 0.218750
vt 0.921875 0.625000
vt 0.921875 0.203125
vt 0.921875 0.609375
vt 0.921875 0.187500
vt 0.921875 0.593750
vt 0.929687 1.000000
vt 0.906250 0.140625
vt 0.906250 0.125000
vt 0.906250 0.546875
vt 0.906250 0.531250
vt 0.906250 0.953125
vt 0.906250 0.937500
vt 0.906250 0.109375
vt 0.906250 0.515625
vt 0.906250 0.921875
vt 0.906250 0.093750
vt 0.906250 0.500000
vt 0.906250 0.906250
vt 0.906250 0.078125
vt 0.906250 0.484375
vt 0.906250 0.890625
vt 0.906250 0.062500
vt 0.906250 0.468750
vt 0.906250 0.875000
vt 0.906250 0.046875
vt 0.906250 0.453125
vt 0.906250 0.859375
vt 0.906250 0.031250
vt 0.906250 0.437500
vt 0.906250 0.843750
vt 0.906250 0.015625
vt 0.906250 0.421875
vt 0.906250 0.828125
vt 0.914062 0.000000
vt 0.906250 0.406250
vt 0.906250 0.812500
vt 0.906250 0.390625
vt 0.906250 0.796875
vt 0.906250 0.375000
vt 0.906250 0.781250
vt 0.906250 0.359375
vt 0.906250 0.765625
vt 0.906250 0.343750
vt 0.906250 0.750000
vt 0.906250 0.328125
vt 0.906250 0.734375
vt 0.906250 0.312500
vt 0.906250 0.718750
vt 0.906250 0.296875
vt 0.906250 0.703125
vt 0.906250 0.281250
vt 0.906250 0.687500
vt 0.906250 0.265625
vt 0.906250 0.671875
vt 0.906250 0.250000
vt 0.906250 0.656250
vt 0.906250 0.234375
vt 0.906250 0.640625
vt 0.906250 0.218750
vt 0.906250 0.625000
vt 0.906250 0.203125
vt 0.906250 0.609375
vt 0.906250 0.187500
vt 0.906250 0.593750
vt 0.906250 0.171875
vt 0.906250 0.578125
vt 0.914062 1.000000
vt 0.906250 0.984375
vt 0.906250 0.156250
vt 0.906250 0.562500
vt 0.906250 0.968750
vt 0.890625 0.109375
vt 0.890625 0.093750
vt 0.890625 0.515625
vt 0.890625 0.500000
vt 0.890625 0.921875
vt 0.890625 0.906250
vt 0.890625 0.078125
vt 0.890625 0.484375
vt 0.890625 0.890625
vt 0.890625 0.062500
vt 0.890625 0.468750
vt 0.890625 0.875000
vt 0.890625 0.046875
vt 0.890625 0.453125
vt 0.890625 0.859375
vt 0.890625 0.031250
vt 0.890625 0.437500
vt 0.890625 0.843750
vt 0.890625 0.015625
vt 0.890625 0.421875
vt 0.890625 0.828125
vt 0.898437 0.000000
vt 0.890625 0.406250
vt 0.890625 0.812500
vt 0.890625 0.390625
vt 0.890625 0.796875
vt 0.890625 0.375000
vt 0.890625 0.781250
vt 0.890625 0.359375
vt 0.890625 0.765625
vt 0.890625 0.343750
vt 0.890625 0.750000
vt 0.890625 0.328125
vt 0.890625 0.734375
vt 0.890625 0.312500
vt 0.890625 0.718750
vt 0.890625 0.296875
vt 0.890625 0.703125
vt 0.890625 0.281250
vt 0.890625 0.687500
vt 0.890625 0.265625
vt 0.890625 0.671875
vt 0.890625 0.250000
vt 0.890625 0.656250
vt 0.890625 0.234375
vt 0.890625 0.640625
vt 0.890625 0.218750
vt 0.890625 0.625000
vt 0.890625 0.203125
vt 0.890625 0.609375
vt 0.890625 0.187500
vt 0.890625 0.593750
vt 0.890625 0.171875
vt 0.890625 0.578125
vt 0.898437 1.000000
vt 0.890625 0.984375
vt 0.890625 0.156250
vt 0.890625 0.562500
vt 0.890625 0.968750
vt 0.890625 0.140625
vt 0.890625 0.546875
vt 0.890625 0.953125
vt 0.890625 0.125000
vt 0.890625 0.531250
vt 0.890625 0.937500
vt 0.875000 0.078125
vt 0.875000 0.062500
vt 0.875000 0.484375
vt 0.875000 0.468750
vt 0.875000 0.890625
vt 0.875000 0.875000
vt 0.875000 0.046875
vt 0.875000 0.453125
vt 0.875000 0.859375
vt 0.875000 0.031250
vt 0.875000 0.437500
vt 0.875000 0.843750
vt 0.875000 0.015625
vt 0.875000 0.421875
vt 0.875000 0.828125
vt 0.882812 0.000000
vt 0.875000 0.406250
vt 0.875000 0.812500
vt 0.875000 0.390625
vt 0.875000 0.796875
vt 0.875000 0.375000
vt 0.875000 0.781250
vt 0.875000 0.359375
vt 0.875000 0.765625
vt 0.875000 0.343750
vt 0.875000 0.750000
vt 0.875000 0.328125
vt 0.875000 0.734375
vt 0.875000 0.312500
vt 0.875000 0.718750
vt 0.875000 0.296875
vt 0.875000 0.703125
vt 0.875000 0.281250
vt 0.875000 0.687500
vt 0.875000 0.265625
vt 0.875000 0.671875
vt 0.875000 0.250000
vt 0.875000 0.656250
vt 0.875000 0.234375
vt 0.875000 0.640625
vt 0.875000 0.218750
vt 0.875000 0.625000
vt 0.875000 0.203125
vt 0.875000 0.609375
vt 0.875000 0.187500
vt 0.875000 0.593750
vt 0.875000 0.171875
vt 0.875000 0.578125
vt 0.882812 1.000000
vt 0.875000 0.984375
vt 0.875000 0.156250
vt 0.875000 0.562500
vt 0.875000 0.968750
vt 0.875000 0.140625
vt 0.875000 0.546875
vt 0.875000 0.953125
vt 0.875000 0.125000
vt 0.875000 0.531250
vt 0.875000 0.937500
vt 0.875000 0.109375
vt 0.875000 0.515625
vt 0.875000 0.921875
vt 0.875000 0.093750
vt 0.875000 0.500000
vt 0.875000 0.906250
vt 0.859375 0.046875
vt 0.859375 0.031250
vt 0.859375 0.453125
vt 0.859375 0.437500
vt 0.859375 0.859375
vt 0.859375 0.843750
vt 0.859375 0.015625
vt 0.859375 0.421875
vt 0.859375 0.828125
vt 0.867187 0.000000
vt 0.859375 0.406250
vt 0.859375 0.812500
vt 0.859375 0.390625
vt 0.859375 0.796875
vt 0.859375 0.375000
vt 0.859375 0.781250
vt 0.859375 0.359375
vt 0.859375 0.765625
vt 0.859375 0.343750
vt 0.859375 0.750000
vt 0.859375 0.328125
vt 0.859375 0.734375
vt 0.859375 0.312500
vt 0.859375 0.718750
vt 0.859375 0.296875
vt 0.859375 0.703125
vt 0.859375 0.281250
vt 0.859375 0.687500
vt 0.859375 0.265625
vt 0.859375 0.671875
vt 0.859375 0.250000
vt 0.859375 0.656250
vt 0.859375 0.234375
vt 0.859375 0.640625
vt 0.859375 0.218750
vt 0.859375 0.625000
vt 0.859375 0.203125
vt 0.859375 0.609375
vt 0.859375 0.187500
vt 0.859375 0.593750
vt 0.859375 0.171875
vt 0.859375 0.578125
vt 0.867187 1.000000
vt 0.859375 0.984375
vt 0.859375 0.156250
vt 0.859375 0.562500
vt 0.859375 0.968750
vt 0.859375 0.140625
vt 0.859375 0.546875
vt 0.859375 0.953125
vt 0.859375 0.125000
vt 0.859375 0.531250
vt 0.859375 0.937500
vt 0.859375 0.109375
vt 0.859375 0.515625
vt 0.859375 0.921875
vt 0.859375 0.093750
vt 0.859375 0.500000
vt 0.859375 0.906250
vt 0.859375 0.078125
vt 0.859375 0.484375
vt 0.859375 0.890625
vt 0.859375 0.062500
vt 0.859375 0.468750
vt 0.859375 0.875000
vt 0.851562 0.000000
vt 0.843750 0.015625
vt 0.843750 0.421875
vt 0.843750 0.406250
vt 0.843750 0.828125
vt 0.843750 0.812500
vt 0.843750 0.390625
vt 0.843750 0.796875
vt 0.843750 0.375000
vt 0.843750 0.781250
vt 0.843750 0.359375
vt 0.843750 0.765625
vt 0.843750 0.343750
vt 0.843750 0.750000
vt 0.843750 0.328125
vt 0.843750 0.734375
vt 0.843750 0.312500
vt 0.843750 0.718750
vt 0.843750 0.296875
vt 0.843750 0.703125
vt 0.843750 0.281250
vt 0.843750 0.687500
vt 0.843750 0.265625
vt 0.843750 0.671875
vt 0.843750 0.250000
vt 0.843750 0.656250
vt 0.843750 0.234375
vt 0.843750 0.640625
vt 0.843750 0.218750
vt 0.843750 0.625000
vt 0.843750 0.203125
vt 0.843750 0.609375
vt 0.843750 0.187500
vt 0.843750 0.593750
vt 0.843750 0.171875
vt 0.843750 0.578125
vt 0.851562 1.000000
vt 0.843750 0.984375
vt 0.843750 0.156250
vt 0.843750 0.562500
vt 0.843750 0.968750
vt 0.843750 0.140625
vt 0.843750 0.546875
vt 0.843750 0.953125
vt 0.843750 0.125000
vt 0.843750 0.531250
vt 0.843750 0.937500
vt 0.843750 0.109375
vt 0.843750 0.515625
vt 0.843750 0.921875
vt 0.843750 0.093750
vt 0.843750 0.500000
vt 0.843750 0.906250
vt 0.843750 0.078125
vt 0.843750 0.484375
vt 0.843750 0.890625
vt 0.843750 0.062500
vt 0.843750 0.468750
vt 0.843750 0.875000
vt 0.843750 0.046875
vt 0.843750 0.453125
vt 0.843750 0.859375
vt 0.843750 0.031250
vt 0.843750 0.437500
vt 0.843750 0.843750
vt 0.828125 0.390625
vt 0.828125 0.375000
vt 0.828125 0.796875
vt 0.828125 0.781250
vt 0.828125 0.359375
vt 0.828125 0.765625
vt 0.828125 0.343750
vt 0.828125 0.750000
vt 0.828125 0.328125
vt 0.828125 0.734375
vt 0.828125 0.312500
vt 0.828125 0.718750
vt 0.828125 0.296875
vt 0.828125 0.703125
vt 0.828125 0.281250
vt 0.828125 0.687500
vt 0.828125 0.265625
vt 0.828125 0.671875
vt 0.828125 0.250000
vt 0.828125 0.656250
vt 0.828125 0.234375
vt 0.828125 0.640625
vt 0.828125 0.218750
vt 0.828125 0.625000
vt 0.828125 0.203125
vt 0.828125 0.609375
vt 0.828125 0.187500
vt 0.828125 0.593750
vt 0.828125 0.171875
vt 0.828125 0.578125
vt 0.835938 1.000000
vt 0.828125 0.984375
vt 0.828125 0.156250
vt 0.828125 0.562500
vt 0.828125 0.968750
vt 0.828125 0.140625
vt 0.828125 0.546875
vt 0.828125 0.953125
vt 0.828125 0.125000
vt 0.828125 0.531250
vt 0.828125 0.937500
vt 0.828125 0.109375
vt 0.828125 0.515625
vt 0.828125 0.921875
vt 0.828125 0.093750
vt 0.828125 0.500000
vt 0.828125 0.906250
vt 0.828125 0.078125
vt 0.828125 0.484375
vt 0.828125 0.890625
vt 0.828125 0.062500
vt 0.828125 0.468750
vt 0.828125 0.875000
vt 0.828125 0.046875
vt 0.828125 0.453125
vt 0.828125 0.859375
vt 0.828125 0.031250
vt 0.828125 0.437500
vt 0.828125 0.843750
vt 0.828125 0.015625
vt 0.828125 0.421875
vt 0.828125 0.828125
vt 0.835938 0.000000
vt 0.828125 0.406250
vt 0.828125 0.812500
vt 0.812500 0.359375
vt 0.812500 0.343750
vt 0.812500 0.765625
vt 0.812500 0.750000
vt 0.812500 0.328125
vt 0.812500 0.734375
vt 0.812500 0.312500
vt 0.812500 0.718750
vt 0.812500 0.296875
vt 0.812500 0.703125
vt 0.812500 0.281250
vt 0.812500 0.687500
vt 0.812500 0.265625
vt 0.812500 0.671875
vt 0.812500 0.250000
vt 0.812500 0.656250
vt 0.812500 0.234375
vt 0.812500 0.640625
vt 0.812500 0.218750
vt 0.812500 0.625000
vt 0.812500 0.203125
vt 0.812500 0.609375
vt 0.812500 0.187500
vt 0.812500 0.593750
vt 0.812500 0.171875
vt 0.812500 0.578125
vt 0.820312 1.000000
vt 0.812500 0.984375
vt 0.812500 0.156250
vt 0.812500 0.562500
vt 0.812500 0.968750
vt 0.812500 0.140625
vt 0.812500 0.546875
vt 0.812500 0.953125
vt 0.812500 0.125000
vt 0.812500 0.531250
vt 0.812500 0.937500
vt 0.812500 0.109375
vt 0.812500 0.515625
vt 0.812500 0.921875
vt 0.812500 0.093750
vt 0.812500 0.500000
vt 0.812500 0.906250
vt 0.812500 0.078125
vt 0.812500 0.484375
vt 0.812500 0.890625
vt 0.812500 0.062500
vt 0.812500 0.468750
vt 0.812500 0.875000
vt 0.812500 0.046875
vt 0.812500 0.453125
vt 0.812500 0.859375
vt 0.812500 0.031250
vt 0.812500 0.437500
vt 0.812500 0.843750
vt 0.812500 0.015625
vt 0.812500 0.421875
vt 0.812500 0.828125
vt 0.820312 0.000000
vt 0.812500 0.406250
vt 0.812500 0.812500
vt 0.812500 0.390625
vt 0.812500 0.796875
vt 0.812500 0.375000
vt 0.812500 0.781250
vt 0.796875 0.328125
vt 0.796875 0.312500
vt 0.796875 0.734375
vt 0.796875 0.718750
vt 0.796875 0.296875
vt 0.796875 0.703125
vt 0.796875 0.281250
vt 0.796875 0.687500
vt 0.796875 0.265625
vt 0.796875 0.671875
vt 0.796875 0.250000
vt 0.796875 0.656250
vt 0.796875 0.234375
vt 0.796875 0.640625
vt 0.796875 0.218750
vt 0.796875 0.625000
vt 0.796875 0.203125
vt 0.796875 0.609375
vt 0.796875 0.187500
vt 0.796875 0.593750
vt 0.796875 0.171875
vt 0.796875 0.578125
vt 0.804688 1.000000
vt 0.796875 0.984375
vt 0.796875 0.156250
vt 0.796875 0.562500
vt 0.796875 0.968750
vt 0.796875 0.140625
vt 0.796875 0.546875
vt 0.796875 0.953125
vt 0.796875 0.125000
vt 0.796875 0.531250
vt 0.796875 0.937500
vt 0.796875 0.109375
vt 0.796875 0.515625
vt 0.796875 0.921875
vt 0.796875 0.093750
vt 0.796875 0.500000
vt 0.796875 0.906250
vt 0.796875 0.078125
vt 0.796875 0.484375
vt 0.796875 0.890625
vt 0.796875 0.062500
vt 0.796875 0.468750
vt 0.796875 0.875000
vt 0.796875 0.046875
vt 0.796875 0.453125
vt 0.796875 0.859375
vt 0.796875 0.031250
vt 0.796875 0.437500
vt 0.796875 0.843750
vt 0.796875 0.015625
vt 0.796875 0.421875
vt 0.796875 0.828125
vt 0.804688 0.000000
vt 0.796875 0.406250
vt 0.796875 0.812500
vt 0.796875 0.390625
vt 0.796875 0.796875
vt 0.796875 0.375000
vt 0.796875 0.781250
vt 0.796875 0.359375
vt 0.796875 0.765625
vt 0.796875 0.343750
vt 0.796875 0.750000
vt 0.781250 0.296875
vt 0.781250 0.281250
vt 0.781250 0.703125
vt 0.781250 0.687500
vt 0.781250 0.265625
vt 0.781250 0.671875
vt 0.781250 0.250000
vt 0.781250 0.656250
vt 0.781250 0.234375
vt 0.781250 0.640625
vt 0.781250 0.218750
vt 0.781250 0.625000
vt 0.781250 0.203125
vt 0.781250 0.609375
vt 0.781250 0.187500
vt 0.781250 0.593750
vt 0.781250 0.171875
vt 0.781250 0.578125
vt 0.789062 1.000000
vt 0.781250 0.984375
vt 0.781250 0.156250
vt 0.781250 0.562500
vt 0.781250 0.968750
vt 0.781250 0.140625
vt 0.781250 0.546875
vt 0.781250 0.953125
vt 0.781250 0.125000
vt 0.781250 0.531250
vt 0.781250 0.937500
vt 0.781250 0.109375
vt 0.781250 0.515625
vt 0.781250 0.921875
vt 0.781250 0.093750
vt 0.781250 0.500000
vt 0.781250 0.906250
vt 0.781250 0.078125
vt 0.781250 0.484375
vt 0.781250 0.890625
vt 0.781250 0.062500
vt 0.781250 0.468750
vt 0.781250 0.875000
vt 0.781250 0.046875
vt 0.781250 0.453125
vt 0.781250 0.859375
vt 0.781250 0.031250
vt 0.781250 0.437500
vt 0.781250 0.843750
vt 0.781250 0.015625
vt 0.781250 0.421875
vt 0.781250 0.828125
vt 0.789062 0.000000
vt 0.781250 0.406250
vt 0.781250 0.812500
vt 0.781250 0.390625
vt 0.781250 0.796875
vt 0.781250 0.375000
vt 0.781250 0.781250
vt 0.781250 0.359375
vt 0.781250 0.765625
vt 0.781250 0.343750
vt 0.781250 0.750000
vt 0.781250 0.328125
vt 0.781250 0.734375
vt 0.781250 0.312500
vt 0.781250 0.718750
vt 0.765625 0.265625
vt 0.765625 0.250000
vt 0.765625 0.671875
vt 0.765625 0.656250
vt 0.765625 0.234375
vt 0.765625 0.640625
vt 0.765625 0.218750
vt 0.765625 0.625000
vt 0.765625 0.203125
vt 0.765625 0.609375
vt 0.765625 0.187500
vt 0.765625 0.593750
vt 0.765625 0.171875
vt 0.765625 0.578125
vt 0.773437 1.000000
vt 0.765625 0.984375
vt 0.765625 0.156250
vt 0.765625 0.562500
vt 0.765625 0.968750
vt 0.765625 0.140625
vt 0.765625 0.546875
vt 0.765625 0.953125
vt 0.765625 0.125000
vt 0.765625 0.531250
vt 0.765625 0.937500
vt 0.765625 0.109375
vt 0.765625 0.515625
vt 0.765625 0.921875
vt 0.765625 0.093750
vt 0.765625 0.500000
vt 0.765625 0.906250
vt 0.765625 0.078125
vt 0.765625 0.484375
vt 0.765625 0.890625
vt 0.765625 0.062500
vt 0.765625 0.468750
vt 0.765625 0.875000
vt 0.765625 0.046875
vt 0.765625 0.453125
vt 0.765625 0.859375
vt 0.765625 0.031250
vt 0.765625 0.437500
vt 0.765625 0.843750
vt 0.765625 0.015625
vt 0.765625 0.421875
vt 0.765625 0.828125
vt 0.773437 0.000000
vt 0.765625 0.406250
vt 0.765625 0.812500
vt 0.765625 0.390625
vt 0.765625 0.796875
vt 0.765625 0.375000
vt 0.765625 0.781250
vt 0.765625 0.359375
vt 0.765625 0.765625
vt 0.765625 0.343750
vt 0.765625 0.750000
vt 0.765625 0.328125
vt 0.765625 0.734375
vt 0.765625 0.312500
vt 0.765625 0.718750
vt 0.765625 0.296875
vt 0.765625 0.703125
vt 0.765625 0.281250
vt 0.765625 0.687500
vt 0.757812 1.000000
vt 0.757812 0.000000
s 0
f 25/1/1 24/2/1 81/3/1 82/4/1
f 4/5/2 4023/6/2 55/7/2 56/8/2
f 26/9/3 25/1/3 82/4/3 83/10/3
f 5/11/4 4/5/4 56/8/4 57/12/4
f 27/13/5 26/9/5 83/10/5 84/14/5
f 6/15/6 5/11/6 57/12/6 58/16/6
f 28/17/7 27/13/7 84/14/7 85/18/7
f 4024/19/8 6/15/8 58/16/8 59/20/8
f 29/21/9 28/17/9 85/18/9 86/22/9
f 7/23/10 4024/19/10 59/20/10 60/24/10
f 4029/25/11 29/21/11 86/22/11 87/26/11
f 8/27/12 7/23/12 60/24/12 61/28/12
f 30/29/13 4029/25/13 87/26/13 88/30/13
f 9/31/14 8/27/14 61/28/14 62/32/14
f 31/33/15 30/29/15 88/30/15 89/34/15
f 10/35/16 9/31/16 62/32/16 63/36/16
f 32/37/17 31/33/17 89/34/17 90/38/17
f 11/39/18 10/35/18 63/36/18 64/40/18
f 33/41/19 32/37/19 90/38/19 91/42/19
f 12/43/20 11/39/20 64/40/20 65/44/20
f 34/45/21 33/41/21 91/42/21 92/46/21
f 13/47/22 12/43/22 65/44/22 66/48/22
f 4030/49/23 34/45/23 92/46/23 93/50/23
f 14/51/24 13/47/24 66/48/24 67/52/24
f 35/53/25 4030/49/25 93/50/25 94/54/25
f 15/55/26 14/51/26 67/52/26 68/56/26
f 4013/57/27 2058/58/27 42/59/27
f 36/60/28 35/53/28 94/54/28 95/61/28
f 4025/62/29 15/55/29 68/56/29 69/63/29
f 4014/64/30 4013/57/30 42/59/30 43/65/30
f 37/66/31 36/60/31 95/61/31 96/67/31
f 16/68/32 4025/62/32 69/63/32 70/69/32
f 4015/70/33 4014/64/33 43/65/33 44/71/33
f 38/72/34 37/66/34 96/67/34 97/73/34
f 17/74/35 16/68/35 70/69/35 71/75/35
f 1/76/36 4015/70/36 44/71/36 45/77/36
f 39/78/37 38/72/37 97/73/37 98/79/37
f 18/80/38 17/74/38 71/75/38 72/81/38
f 4016/82/39 1/76/39 45/77/39 46/83/39
f 40/84/40 39/78/40 98/79/40 99/85/40
f 19/86/41 18/80/41 72/81/41 73/87/41
f 2/88/42 4016/82/42 46/83/42 47/89/42
f 4031/90/43 40/84/43 99/85/43 100/91/43
f 4026/92/44 19/86/44 73/87/44 74/93/44
f 4017/94/45 2/88/45 47/89/45 48/95/45
f 41/96/46 4031/90/46 100/91/46 101/97/46
f 20/98/47 4026/92/47 74/93/47 75/99/47
f 4018/100/48 4017/94/48 48/95/48 49/101/48
f 4032/102/49 41/96/49 101/97/49 102/103/49
f 21/104/50 20/98/50 75/99/50 76/105/50
f 4019/106/51 4018/100/51 49/101/51 50/107/51
f 4033/108/52 4032/102/52 102/103/52 103/109/52
f 4027/110/53 21/104/53 76/105/53 77/111/53
f 4020/112/54 4019/106/54 50/107/54 51/113/54
f 4034/114/55 4033/108/55 103/109/55 104/115/55
f 22/116/56 4027/110/56 77/111/56 78/117/56
f 4021/118/57 4020/112/57 51/113/57 52/119/57
f 2752/120/58 4034/114/58 104/115/58
f 23/121/59 22/116/59 78/117/59 79/122/59
f 4022/123/60 4021/118/60 52/119/60 53/124/60
f 4028/125/61 23/121/61 79/122/61 80/126/61
f 3/127/62 4022/123/62 53/124/62 54/128/62
f 24/2/63 4028/125/63 80/126/63 81/3/63
f 4023/6/64 3/127/64 54/128/64 55/7/64
f 97/73/65 96/67/65 159/129/65 160/130/65
f 71/75/66 70/69/66 133/131/66 134/132/66
f 45/77/67 44/71/67 107/133/67 108/134/67
f 98/79/68 97/73/68 160/130/68 161/135/68
f 72/81/69 71/75/69 134/132/69 135/136/69
f 46/83/70 45/77/70 108/134/70 109/137/70
f 99/85/71 98/79/71 161/135/71 162/138/71
f 73/87/72 72/81/72 135/136/72 136/139/72
f 47/89/73 46/83/73 109/137/73 110/140/73
f 100/91/74 99/85/74 162/138/74 163/141/74
f 74/93/75 73/87/75 136/139/75 137/142/75
f 48/95/76 47/89/76 110/140/76 111/143/76
f 101/97/77 100/91/77 163/141/77 164/144/77
f 75/99/78 74/93/78 137/142/78 138/145/78
f 49/101/79 48/95/79 111/143/79 112/146/79
f 102/103/80 101/97/80 164/144/80 165/147/80
f 76/105/81 75/99/81 138/145/81 139/148/81
f 50/107/82 49/101/82 112/146/82 113/149/82
f 103/109/83 102/103/83 165/147/83 166/150/83
f 77/111/84 76/105/84 139/148/84 140/151/84
f 51/113/85 50/107/85 113/149/85 114/152/85
f 104/115/86 103/109/86 166/150/86 167/153/86
f 78/117/87 77/111/87 140/151/87 141/154/87
f 52/119/88 51/113/88 114/152/88 115/155/88
f 2752/156/89 104/115/89 167/153/89
f 79/122/90 78/117/90 141/154/90 142/157/90
f 53/124/91 52/119/91 115/155/91 116/158/91
f 80/126/92 79/122/92 142/157/92 143/159/92
f 54/128/93 53/124/93 116/158/93 117/160/93
f 81/3/94 80/126/94 143/159/94 144/161/94
f 55/7/95 54/128/95 117/160/95 118/162/95
f 82/4/96 81/3/96 144/161/96 145/163/96
f 56/8/97 55/7/97 118/162/97 119/164/97
f 83/10/98 82/4/98 145/163/98 146/165/98
f 57/12/99 56/8/99 119/164/99 120/166/99
f 84/14/100 83/10/100 146/165/100 147/167/100
f 58/16/101 57/12/101 120/166/101 121/168/101
f 85/18/102 84/14/102 147/167/102 148/169/102
f 59/20/103 58/16/103 121/168/103 122/170/103
f 86/22/104 85/18/104 148/169/104 149/171/104
f 60/24/105 59/20/105 122/170/105 123/172/105
f 87/26/106 86/22/106 149/171/106 150/173/106
f 61/28/107 60/24/107 123/172/107 124/174/107
f 88/30/108 87/26/108 150/173/108 151/175/108
f 62/32/109 61/28/109 124/174/109 125/176/109
f 89/34/110 88/30/110 151/175/110 152/177/110
f 63/36/111 62/32/111 125/176/111 126/178/111
f 90/38/112 89/34/112 152/177/112 153/179/112
f 64/40/113 63/36/113 126/178/113 127/180/113
f 91/42/114 90/38/114 153/179/114 154/181/114
f 65/44/115 64/40/115 127/180/115 128/182/115
f 92/46/116 91/42/116 154/181/116 155/183/116
f 66/48/117 65/44/117 128/182/117 129/184/117
f 93/50/118 92/46/118 155/183/118 156/185/118
f 67/52/119 66/48/119 129/184/119 130/186/119
f 94/54/120 93/50/120 156/185/120 157/187/120
f 68/56/121 67/52/121 130/186/121 131/188/121
f 42/59/122 2058/189/122 105/190/122
f 95/61/123 94/54/123 157/187/123 158/191/123
f 69/63/124 68/56/124 131/188/124 132/192/124
f 43/65/125 42/59/125 105/190/125 106/193/125
f 96/67/126 95/61/126 158/191/126 159/129/126
f 70/69/127 69/63/127 132/192/127 133/131/127
f 44/71/128 43/65/128 106/193/128 107/133/128
f 162/138/129 161/135/129 224/194/129 225/195/129
f 136/139/130 135/136/130 198/196/130 199/197/130
f 110/140/131 109/137/131 172/198/131 173/199/131
f 163/141/132 162/138/132 225/195/132 226/200/132
f 137/142/133 136/139/133 199/197/133 200/201/133
f 111/143/134 110/140/134 173/199/134 174/202/134
f 164/144/135 163/141/135 226/200/135 227/203/135
f 138/145/136 137/142/136 200/201/136 201/204/136
f 112/146/137 111/143/137 174/202/137 175/205/137
f 165/147/138 164/144/138 227/203/138 228/206/138
f 139/148/139 138/145/139 201/204/139 202/207/139
f 113/149/140 112/146/140 175/205/140 176/208/140
f 166/150/141 165/147/141 228/206/141 229/209/141
f 140/151/142 139/148/142 202/207/142 203/210/142
f 114/152/143 113/149/143 176/208/143 177/211/143
f 167/153/144 166/150/144 229/209/144 230/212/144
f 141/154/145 140/151/145 203/210/145 204/213/145
f 115/155/146 114/152/146 177/211/146 178/214/146
f 2752/215/147 167/153/147 230/212/147
f 142/157/148 141/154/148 204/213/148 205/216/148
f 116/158/149 115/155/149 178/214/149 179/217/149
f 143/159/150 142/157/150 205/216/150 206/218/150
f 117/160/151 116/158/151 179/217/151 180/219/151
f 144/161/152 143/159/152 206/218/152 207/220/152
f 118/162/153 117/160/153 180/219/153 181/221/153
f 145/163/154 144/161/154 207/220/154 208/222/154
f 119/164/155 118/162/155 181/221/155 182/223/155
f 146/165/156 145/163/156 208/222/156 209/224/156
f 120/166/157 119/164/157 182/223/157 183/225/157
f 147/167/158 146/165/158 209/224/158 210/226/158
f 121/168/159 120/166/159 183/225/159 184/227/159
f 148/169/160 147/167/160 210/226/160 211/228/160
f 122/170/161 121/168/161 184/227/161 185/229/161
f 149/171/162 148/169/162 211/228/162 212/230/162
f 123/172/163 122/170/163 185/229/163 186/231/163
f 150/173/164 149/171/164 212/230/164 213/232/164
f 124/174/165 123/172/165 186/231/165 187/233/165
f 151/175/166 150/173/166 213/232/166 214/234/166
f 125/176/167 124/174/167 187/233/167 188/235/167
f 152/177/168 151/175/168 214/234/168 215/236/168
f 126/178/169 125/176/169 188/235/169 189/237/169
f 153/179/170 152/177/170 215/236/170 216/238/170
f 127/180/171 126/178/171 189/237/171 190/239/171
f 154/181/172 153/179/172 216/238/172 217/240/172
f 128/182/173 127/180/173 190/239/173 191/241/173
f 155/183/174 154/181/174 217/240/174 218/242/174
f 129/184/175 128/182/175 191/241/175 192/243/175
f 156/185/176 155/183/176 218/242/176 219/244/176
f 130/186/177 129/184/177 192/243/177 193/245/177
f 157/187/178 156/185/178 219/244/178 220/246/178
f 131/188/179 130/186/179 193/245/179 194/247/179
f 105/190/180 2058/248/180 168/249/180
f 158/191/181 157/187/181 220/246/181 221/250/181
f 132/192/182 131/188/182 194/247/182 195/251/182
f 106/193/183 105/190/183 168/249/183 169/252/183
f 159/129/184 158/191/184 221/250/184 222/253/184
f 133/131/185 132/192/185 195/251/185 196/254/185
f 107/133/186 106/193/186 169/252/186 170/255/186
f 160/130/187 159/129/187 222/253/187 223/256/187
f 134/132/188 133/131/188 196/254/188 197/257/188
f 108/134/189 107/133/189 170/255/189 171/258/189
f 161/135/190 160/130/190 223/256/190 224/194/190
f 135/136/191 134/132/191 197/257/191 198/196/191
f 109/137/192 108/134/192 171/258/192 172/198/192
f 227/203/193 226/200/193 289/259/193 290/260/193
f 201/204/194 200/201/194 263/261/194 264/262/194
f 175/205/195 174/202/195 237/263/195 238/264/195
f 228/206/196 227/203/196 290/260/196 291/265/196
f 202/207/197 201/204/197 264/262/197 265/266/197
f 176/208/198 175/205/198 238/264/198 239/267/198
f 229/209/199 228/206/199 291/265/199 292/268/199
f 203/210/200 202/207/200 265/266/200 266/269/200
f 177/211/201 176/208/201 239/267/201 240/270/201
f 230/212/202 229/209/202 292/268/202 293/271/202
f 204/213/203 203/210/203 266/269/203 267/272/203
f 178/214/204 177/211/204 240/270/204 241/273/204
f 2752/274/205 230/212/205 293/271/205
f 205/216/206 204/213/206 267/272/206 268/275/206
f 179/217/207 178/214/207 241/273/207 242/276/207
f 206/218/208 205/216/208 268/275/208 269/277/208
f 180/219/209 179/217/209 242/276/209 243/278/209
f 207/220/210 206/218/210 269/277/210 270/279/210
f 181/221/211 180/219/211 243/278/211 244/280/211
f 208/222/212 207/220/212 270/279/212 271/281/212
f 182/223/213 181/221/213 244/280/213 245/282/213
f 209/224/214 208/222/214 271/281/214 272/283/214
f 183/225/215 182/223/215 245/282/215 246/284/215
f 210/226/216 209/224/216 272/283/216 273/285/216
f 184/227/217 183/225/217 246/284/217 247/286/217
f 211/228/218 210/226/218 273/285/218 274/287/218
f 185/229/219 184/227/219 247/286/219 248/288/219
f 212/230/220 211/228/220 274/287/220 275/289/220
f 186/231/221 185/229/221 248/288/221 249/290/221
f 213/232/222 212/230/222 275/289/222 276/291/222
f 187/233/223 186/231/223 249/290/223 250/292/223
f 214/234/224 213/232/224 276/291/224 277/293/224
f 188/235/225 187/233/225 250/292/225 251/294/225
f 215/236/226 214/234/226 277/293/226 278/295/226
f 189/237/227 188/235/227 251/294/227 252/296/227
f 216/238/228 215/236/228 278/295/228 279/297/228
f 190/239/229 189/237/229 252/296/229 253/298/229
f 217/240/230 216/238/230 279/297/230 280/299/230
f 191/241/231 190/239/231 253/298/231 254/300/231
f 218/242/232 217/240/232 280/299/232 281/301/232
f 192/243/233 191/241/233 254/300/233 255/302/233
f 219/244/234 218/242/234 281/301/234 282/303/234
f 193/245/235 192/243/235 255/302/235 256/304/235
f 220/246/236 219/244/236 282/303/236 283/305/236
f 194/247/237 193/245/237 256/304/237 257/306/237
f 168/249/238 2058/307/238 231/308/238
f 221/250/239 220/246/239 283/305/239 284/309/239
f 195/251/240 194/247/240 257/306/240 258/310/240
f 169/252/241 168/249/241 231/308/241 232/311/241
f 222/253/242 221/250/242 284/309/242 285/312/242
f 196/254/243 195/251/243 258/310/243 259/313/243
f 170/255/244 169/252/244 232/311/244 233/314/244
f 223/256/245 222/253/245 285/312/245 286/315/245
f 197/257/246 196/254/246 259/313/246 260/316/246
f 171/258/247 170/255/247 233/314/247 234/317/247
f 224/194/248 223/256/248 286/315/248 287/318/248
f 198/196/249 197/257/249 260/316/249 261/319/249
f 172/198/250 171/258/250 234/317/250 235/320/250
f 225/195/251 224/194/251 287/318/251 288/321/251
f 199/197/252 198/196/252 261/319/252 262/322/252
f 173/199/253 172/198/253 235/320/253 236/323/253
f 226/200/254 225/195/254 288/321/254 289/259/254
f 200/201/255 199/197/255 262/322/255 263/261/255
f 174/202/256 173/199/256 236/323/256 237/263/256
f 292/268/257 291/265/257 354/324/257 355/325/257
f 266/269/258 265/266/258 328/326/258 329/327/258
f 240/270/259 239/267/259 302/328/259 303/329/259
f 293/271/260 292/268/260 355/325/260 356/330/260
f 267/272/261 266/269/261 329/327/261 330/331/261
f 241/273/262 240/270/262 303/329/262 304/332/262
f 2752/333/263 293/271/263 356/330/263
f 268/275/264 267/272/264 330/331/264 331/334/264
f 242/276/265 241/273/265 304/332/265 305/335/265
f 269/277/266 268/275/266 331/334/266 332/336/266
f 243/278/267 242/276/267 305/335/267 306/337/267
f 270/279/268 269/277/268 332/336/268 333/338/268
f 244/280/269 243/278/269 306/337/269 307/339/269
f 271/281/270 270/279/270 333/338/270 334/340/270
f 245/282/271 244/280/271 307/339/271 308/341/271
f 272/283/272 271/281/272 334/340/272 335/342/272
f 246/284/273 245/282/273 308/341/273 309/343/273
f 273/285/274 272/283/274 335/342/274 336/344/274
f 247/286/275 246/284/275 309/343/275 310/345/275
f 274/287/276 273/285/276 336/344/276 337/346/276
f 248/288/277 247/286/277 310/345/277 311/347/277
f 275/289/278 274/287/278 337/346/278 338/348/278
f 249/290/279 248/288/279 311/347/279 312/349/279
f 276/291/280 275/289/280 338/348/280 339/350/280
f 250/292/281 249/290/281 312/349/281 313/351/281
f 277/293/282 276/291/282 339/350/282 340/352/282
f 251/294/283 250/292/283 313/351/283 314/353/283
f 278/295/284 277/293/284 340/352/284 341/354/284
f 252/296/285 251/294/285 314/353/285 315/355/285
f 279/297/286 278/295/286 341/354/286 342/356/286
f 253/298/287 252/296/287 315/355/287 316/357/287
f 280/299/288 279/297/288 342/356/288 343/358/288
f 254/300/289 253/298/289 316/357/289 317/359/289
f 281/301/290 280/299/290 343/358/290 344/360/290
f 255/302/291 254/300/291 317/359/291 318/361/291
f 282/303/292 281/301/292 344/360/292 345/362/292
f 256/304/293 255/302/293 318/361/293 319/363/293
f 283/305/294 282/303/294 345/362/294 346/364/294
f 257/306/295 256/304/295 319/363/295 320/365/295
f 231/308/296 2058/366/296 294/367/296
f 284/309/297 283/305/297 346/364/297 347/368/297
f 258/310/298 257/306/298 320/365/298 321/369/298
f 232/311/299 231/308/299 294/367/299 295/370/299
f 285/312/300 284/309/300 347/368/300 348/371/300
f 259/313/301 258/310/301 321/369/301 322/372/301
f 233/314/302 232/311/302 295/370/302 296/373/302
f 286/315/303 285/312/303 348/371/303 349/374/303
f 260/316/304 259/313/304 322/372/304 323/375/304
f 234/317/305 233/314/305 296/373/305 297/376/305
f 287/318/306 286/315/306 349/374/306 350/377/306
f 261/319/307 260/316/307 323/375/307 324/378/307
f 235/320/308 234/317/308 297/376/308 298/379/308
f 288/321/309 287/318/309 350/377/309 351/380/309
f 262/322/310 261/319/310 324/378/310 325/381/310
f 236/323/311 235/320/311 298/379/311 299/382/311
f 289/259/312 288/321/312 351/380/312 352/383/312
f 263/261/313 262/322/313 325/381/313 326/384/313
f 237/263/314 236/323/314 299/382/314 300/385/314
f 290/260/315 289/259/315 352/383/315 353/386/315
f 264/262/316 263/261/316 326/384/316 327/387/316
f 238/264/317 237/263/317 300/385/317 301/388/317
f 291/265/318 290/260/318 353/386/318 354/324/318
f 265/266/319 264/262/319 327/387/319 328/326/319
f 239/267/320 238/264/320 301/388/320 302/328/320
f 2752/389/321 356/330/321 419/390/321
f 331/334/322 330/331/322 393/391/322 394/392/322
f 305/335/323 304/332/323 367/393/323 368/394/323
f 332/336/324 331/334/324 394/392/324 395/395/324
f 306/337/325 305/335/325 368/394/325 369/396/325
f 333/338/326 332/336/326 395/395/326 396/397/326
f 307/339/327 306/337/327 369/396/327 370/398/327
f 334/340/328 333/338/328 396/397/328 397/399/328
f 308/341/329 307/339/329 370/398/329 371/400/329
f 335/342/330 334/340/330 397/399/330 398/401/330
f 309/343/331 308/341/331 371/400/331 372/402/331
f 336/344/332 335/342/332 398/401/332 399/403/332
f 310/345/333 309/343/333 372/402/333 373/404/333
f 337/346/334 336/344/334 399/403/334 400/405/334
f 311/347/335 310/345/335 373/404/335 374/406/335
f 338/348/336 337/346/336 400/405/336 401/407/336
f 312/349/337 311/347/337 374/406/337 375/408/337
f 339/350/338 338/348/338 401/407/338 402/409/338
f 313/351/339 312/349/339 375/408/339 376/410/339
f 340/352/340 339/350/340 402/409/340 403/411/340
f 314/353/341 313/351/341 376/410/341 377/412/341
f 341/354/342 340/352/342 403/411/342 404/413/342
f 315/355/343 314/353/343 377/412/343 378/414/343
f 342/356/344 341/354/344 404/413/344 405/415/344
f 316/357/345 315/355/345 378/414/345 379/416/345
f 343/358/346 342/356/346 405/415/346 406/417/346
f 317/359/347 316/357/347 379/416/347 380/418/347
f 344/360/348 343/358/348 406/417/348 407/419/348
f 318/361/349 317/359/349 380/418/349 381/420/349
f 345/362/350 344/360/350 407/419/350 408/421/350
f 319/363/351 318/361/351 381/420/351 382/422/351
f 346/364/352 345/362/352 408/421/352 409/423/352
f 320/365/353 319/363/353 382/422/353 383/424/353
f 294/367/354 2058/425/354 357/426/354
f 347/368/355 346/364/355 409/423/355 410/427/355
f 321/369/356 320/365/356 383/424/356 384/428/356
f 295/370/357 294/367/357 357/426/357 358/429/357
f 348/371/358 347/368/358 410/427/358 411/430/358
f 322/372/359 321/369/359 384/428/359 385/431/359
f 296/373/360 295/370/360 358/429/360 359/432/360
f 349/374/361 348/371/361 411/430/361 412/433/361
f 323/375/362 322/372/362 385/431/362 386/434/362
f 297/376/363 296/373/363 359/432/363 360/435/363
f 350/377/364 349/374/364 412/433/364 413/436/364
f 324/378/365 323/375/365 386/434/365 387/437/365
f 298/379/366 297/376/366 360/435/366 361/438/366
f 351/380/367 350/377/367 413/436/367 414/439/367
f 325/381/368 324/378/368 387/437/368 388/440/368
f 299/382/369 298/379/369 361/438/369 362/441/369
f 352/383/370 351/380/370 414/439/370 415/442/370
f 326/384/371 325/381/371 388/440/371 389/443/371
f 300/385/372 299/382/372 362/441/372 363/444/372
f 353/386/373 352/383/373 415/442/373 416/445/373
f 327/387/374 326/384/374 389/443/374 390/446/374
f 301/388/375 300/385/375 363/444/375 364/447/375
f 354/324/376 353/386/376 416/445/376 417/448/376
f 328/326/377 327/387/377 390/446/377 391/449/377
f 302/328/378 301/388/378 364/447/378 365/450/378
f 355/325/379 354/324/379 417/448/379 418/451/379
f 329/327/380 328/326/380 391/449/380 392/452/380
f 303/329/381 302/328/381 365/450/381 366/453/381
f 356/330/382 355/325/382 418/451/382 419/390/382
f 330/331/383 329/327/383 392/452/383 393/391/383
f 304/332/384 303/329/384 366/453/384 367/393/384
f 396/397/385 395/395/385 458/454/385 459/455/385
f 370/398/386 369/396/386 432/456/386 433/457/386
f 397/399/387 396/397/387 459/455/387 460/458/387
f 371/400/388 370/398/388 433/457/388 434/459/388
f 398/401/389 397/399/389 460/458/389 461/460/389
f 372/402/390 371/400/390 434/459/390 435/461/390
f 399/403/391 398/401/391 461/460/391 462/462/391
f 373/404/392 372/402/392 435/461/392 436/463/392
f 400/405/393 399/403/393 462/462/393 463/464/393
f 374/406/394 373/404/394 436/463/394 437/465/394
f 401/407/395 400/405/395 463/464/395 464/466/395
f 375/408/396 374/406/396 437/465/396 438/467/396
f 402/409/397 401/407/397 464/466/397 465/468/397
f 376/410/398 375/408/398 438/467/398 439/469/398
f 403/411/399 402/409/399 465/468/399 466/470/399
f 377/412/400 376/410/400 439/469/400 440/471/400
f 404/413/401 403/411/401 466/470/401 467/472/401
f 378/414/402 377/412/402 440/471/402 441/473/402
f 405/415/403 404/413/403 467/472/403 468/474/403
f 379/416/404 378/414/404 441/473/404 442/475/404
f 406/417/405 405/415/405 468/474/405 469/476/405
f 380/418/406 379/416/406 442/475/406 443/477/406
f 407/419/407 406/417/407 469/476/407 470/478/407
f 381/420/408 380/418/408 443/477/408 444/479/408
f 408/421/409 407/419/409 470/478/409 471/480/409
f 382/422/410 381/420/410 444/479/410 445/481/410
f 409/423/411 408/421/411 471/480/411 472/482/411
f 383/424/412 382/422/412 445/481/412 446/483/412
f 357/426/413 2058/484/413 420/485/413
f 410/427/414 409/423/414 472/482/414 473/486/414
f 384/428/415 383/424/415 446/483/415 447/487/415
f 358/429/416 357/426/416 420/485/416 421/488/416
f 411/430/417 410/427/417 473/486/417 474/489/417
f 385/431/418 384/428/418 447/487/418 448/490/418
f 359/432/419 358/429/419 421/488/419 422/491/419
f 412/433/420 411/430/420 474/489/420 475/492/420
f 386/434/421 385/431/421 448/490/421 449/493/421
f 360/435/422 359/432/422 422/491/422 423/494/422
f 413/436/423 412/433/423 475/492/423 476/495/423
f 387/437/424 386/434/424 449/493/424 450/496/424
f 361/438/425 360/435/425 423/494/425 424/497/425
f 414/439/426 413/436/426 476/495/426 477/498/426
f 388/440/427 387/437/427 450/496/427 451/499/427
f 362/441/428 361/438/428 424/497/428 425/500/428
f 415/442/429 414/439/429 477/498/429 478/501/429
f 389/443/430 388/440/430 451/499/430 452/502/430
f 363/444/431 362/441/431 425/500/431 426/503/431
f 416/445/432 415/442/432 478/501/432 479/504/432
f 390/446/433 389/443/433 452/502/433 453/505/433
f 364/447/434 363/444/434 426/503/434 427/506/434
f 417/448/435 416/445/435 479/504/435 480/507/435
f 391/449/436 390/446/436 453/505/436 454/508/436
f 365/450/437 364/447/437 427/506/437 428/509/437
f 418/451/438 417/448/438 480/507/438 481/510/438
f 392/452/439 391/449/439 454/508/439 455/511/439
f 366/453/440 365/450/440 428/509/440 429/512/440
f 419/390/441 418/451/441 481/510/441 482/513/441
f 393/391/442 392/452/442 455/511/442 456/514/442
f 367/393/443 366/453/443 429/512/443 430/515/443
f 2752/516/444 419/390/444 482/513/444
f 394/392/445 393/391/445 456/514/445 457/517/445
f 368/394/446 367/393/446 430/515/446 431/518/446
f 395/395/447 394/392/447 457/517/447 458/454/447
f 369/396/448 368/394/448 431/518/448 432/456/448
f 461/460/449 460/458/449 523/519/449 524/520/449
f 435/461/450 434/459/450 497/521/450 498/522/450
f 462/462/451 461/460/451 524/520/451 525/523/451
f 436/463/452 435/461/452 498/522/452 499/524/452
f 463/464/453 462/462/453 525/523/453 526/525/453
f 437/465/454 436/463/454 499/524/454 500/526/454
f 464/466/455 463/464/455 526/525/455 527/527/455
f 438/467/456 437/465/456 500/526/456 501/528/456
f 465/468/457 464/466/457 527/527/457 528/529/457
f 439/469/458 438/467/458 501/528/458 502/530/458
f 466/470/459 465/468/459 528/529/459 529/531/459
f 440/471/460 439/469/460 502/530/460 503/532/460
f 467/472/461 466/470/461 529/531/461 530/533/461
f 441/473/462 440/471/462 503/532/462 504/534/462
f 468/474/463 467/472/463 530/533/463 531/535/463
f 442/475/464 441/473/464 504/534/464 505/536/464
f 469/476/465 468/474/465 531/535/465 532/537/465
f 443/477/466 442/475/466 505/536/466 506/538/466
f 470/478/467 469/476/467 532/537/467 533/539/467
f 444/479/468 443/477/468 506/538/468 507/540/468
f 471/480/469 470/478/469 533/539/469 534/541/469
f 445/481/470 444/479/470 507/540/470 508/542/470
f 472/482/471 471/480/471 534/541/471 535/543/471
f 446/483/472 445/481/472 508/542/472 509/544/472
f 420/485/473 2058/545/473 483/546/473
f 473/486/474 472/482/474 535/543/474 536/547/474
f 447/487/475 446/483/475 509/544/475 510/548/475
f 421/488/476 420/485/476 483/546/476 484/549/476
f 474/489/477 473/486/477 536/547/477 537/550/477
f 448/490/478 447/487/478 510/548/478 511/551/478
f 422/491/479 421/488/479 484/549/479 485/552/479
f 475/492/480 474/489/480 537/550/480 538/553/480
f 449/493/481 448/490/481 511/551/481 512/554/481
f 423/494/482 422/491/482 485/552/482 486/555/482
f 476/495/483 475/492/483 538/553/483 539/556/483
f 450/496/484 449/493/484 512/554/484 513/557/484
f 424/497/485 423/494/485 486/555/485 487/558/485
f 477/498/486 476/495/486 539/556/486 540/559/486
f 451/499/487 450/496/487 513/557/487 514/560/487
f 425/500/488 424/497/488 487/558/488 488/561/488
f 478/501/489 477/498/489 540/559/489 541/562/489
f 452/502/490 451/499/490 514/560/490 515/563/490
f 426/503/491 425/500/491 488/561/491 489/564/491
f 479/504/492 478/501/492 541/562/492 542/565/492
f 453/505/493 452/502/493 515/563/493 516/566/493
f 427/506/494 426/503/494 489/564/494 490/567/494
f 480/507/495 479/504/495 542/565/495 543/568/495
f 454/508/496 453/505/496 516/566/496 517/569/496
f 428/509/497 427/506/497 490/567/497 491/570/497
f 481/510/498 480/507/498 543/568/498 544/571/498
f 455/511/499 454/508/499 517/569/499 518/572/499
f 429/512/500 428/509/500 491/570/500 492/573/500
f 482/513/501 481/510/501 544/571/501 545/574/501
f 456/514/502 455/511/502 518/572/502 519/575/502
f 430/515/503 429/512/503 492/573/503 493/576/503
f 2752/577/504 482/513/504 545/574/504
f 457/517/505 456/514/505 519/575/505 520/578/505
f 431/518/506 430/515/506 493/576/506 494/579/506
f 458/454/507 457/517/507 520/578/507 521/580/507
f 432/456/508 431/518/508 494/579/508 495/581/508
f 459/455/509 458/454/509 521/580/509 522/582/509
f 433/457/510 432/456/510 495/581/510 496/583/510
f 460/458/511 459/455/511 522/582/511 523/519/511
f 434/459/512 433/457/512 496/583/512 497/521/512
f 526/525/513 525/523/513 588/584/513 589/585/513
f 500/526/514 499/524/514 562/586/514 563/587/514
f 527/527/515 526/525/515 589/585/515 590/588/515
f 501/528/516 500/526/516 563/587/516 564/589/516
f 528/529/517 527/527/517 590/588/517 591/590/517
f 502/530/518 501/528/518 564/589/518 565/591/518
f 529/531/519 528/529/519 591/590/519 592/592/519
f 503/532/520 502/530/520 565/591/520 566/593/520
f 530/533/521 529/531/521 592/592/521 593/594/521
f 504/534/522 503/532/522 566/593/522 567/595/522
f 531/535/523 530/533/523 593/594/523 594/596/523
f 505/536/524 504/534/524 567/595/524 568/597/524
f 532/537/525 531/535/525 594/596/525 595/598/525
f 506/538/526 505/536/526 568/597/526 569/599/526
f 533/539/527 532/537/527 595/598/527 596/600/527
f 507/540/528 506/538/528 569/599/528 570/601/528
f 534/541/529 533/539/529 596/600/529 597/602/529
f 508/542/530 507/540/530 570/601/530 571/603/530
f 535/543/531 534/541/531 597/602/531 598/604/531
f 509/544/532 508/542/532 571/603/532 572/605/532
f 483/546/533 2058/606/533 546/607/533
f 536/547/534 535/543/534 598/604/534 599/608/534
f 510/548/535 509/544/535 572/605/535 573/609/535
f 484/549/536 483/546/536 546/607/536 547/610/536
f 537/550/537 536/547/537 599/608/537 600/611/537
f 511/551/538 510/548/538 573/609/538 574/612/538
f 485/552/539 484/549/539 547/610/539 548/613/539
f 538/553/540 537/550/540 600/611/540 601/614/540
f 512/554/541 511/551/541 574/612/541 575/615/541
f 486/555/542 485/552/542 548/613/542 549/616/542
f 539/556/543 538/553/543 601/614/543 602/617/543
f 513/557/544 512/554/544 575/615/544 576/618/544
f 487/558/545 486/555/545 549/616/545 550/619/545
f 540/559/546 539/556/546 602/617/546 603/620/546
f 514/560/547 513/557/547 576/618/547 577/621/547
f 488/561/548 487/558/548 550/619/548 551/622/548
f 541/562/549 540/559/549 603/620/549 604/623/549
f 515/563/550 514/560/550 577/621/550 578/624/550
f 489/564/551 488/561/551 551/622/551 552/625/551
f 542/565/552 541/562/552 604/623/552 605/626/552
f 516/566/553 515/563/553 578/624/553 579/627/553
f 490/567/554 489/564/554 552/625/554 553/628/554
f 543/568/555 542/565/555 605/626/555 606/629/555
f 517/569/556 516/566/556 579/627/556 580/630/556
f 491/570/557 490/567/557 553/628/557 554/631/557
f 544/571/558 543/568/558 606/629/558 607/632/558
f 518/572/559 517/569/559 580/630/559 581/633/559
f 492/573/560 491/570/560 554/631/560 555/634/560
f 545/574/561 544/571/561 607/632/561 608/635/561
f 519/575/562 518/572/562 581/633/562 582/636/562
f 493/576/563 492/573/563 555/634/563 556/637/563
f 2752/638/564 545/574/564 608/635/564
f 520/578/565 519/575/565 582/636/565 583/639/565
f 494/579/566 493/576/566 556/637/566 557/640/566
f 521/580/567 520/578/567 583/639/567 584/641/567
f 495/581/568 494/579/568 557/640/568 558/642/568
f 522/582/569 521/580/569 584/641/569 585/643/569
f 496/583/570 495/581/570 558/642/570 559/644/570
f 523/519/571 522/582/571 585/643/571 586/645/571
f 497/521/572 496/583/572 559/644/572 560/646/572
f 524/520/573 523/519/573 586/645/573 587/647/573
f 498/522/574 497/521/574 560/646/574 561/648/574
f 525/523/575 524/520/575 587/647/575 588/584/575
f 499/524/576 498/522/576 561/648/576 562/586/576
f 591/590/577 590/588/577 653/649/577 654/650/577
f 565/591/578 564/589/578 627/651/578 628/652/578
f 592/592/579 591/590/579 654/650/579 655/653/579
f 566/593/580 565/591/580 628/652/580 629/654/580
f 593/594/581 592/592/581 655/653/581 656/655/581
f 567/595/582 566/593/582 629/654/582 630/656/582
f 594/596/583 593/594/583 656/655/583 657/657/583
f 568/597/584 567/595/584 630/656/584 631/658/584
f 595/598/585 594/596/585 657/657/585 658/659/585
f 569/599/586 568/597/586 631/658/586 632/660/586
f 596/600/587 595/598/587 658/659/587 659/661/587
f 570/601/588 569/599/588 632/660/588 633/662/588
f 597/602/589 596/600/589 659/661/589 660/663/589
f 571/603/590 570/601/590 633/662/590 634/664/590
f 598/604/591 597/602/591 660/663/591 661/665/591
f 572/605/592 571/603/592 634/664/592 635/666/592
f 546/607/593 2058/667/593 609/668/593
f 599/608/594 598/604/594 661/665/594 662/669/594
f 573/609/595 572/605/595 635/666/595 636/670/595
f 547/610/596 546/607/596 609/668/596 610/671/596
f 600/611/597 599/608/597 662/669/597 663/672/597
f 574/612/598 573/609/598 636/670/598 637/673/598
f 548/613/599 547/610/599 610/671/599 611/674/599
f 601/614/600 600/611/600 663/672/600 664/675/600
f 575/615/601 574/612/601 637/673/601 638/676/601
f 549/616/602 548/613/602 611/674/602 612/677/602
f 602/617/603 601/614/603 664/675/603 665/678/603
f 576/618/604 575/615/604 638/676/604 639/679/604
f 550/619/605 549/616/605 612/677/605 613/680/605
f 603/620/606 602/617/606 665/678/606 666/681/606
f 577/621/607 576/618/607 639/679/607 640/682/607
f 551/622/608 550/619/608 613/680/608 614/683/608
f 604/623/609 603/620/609 666/681/609 667/684/609
f 578/624/610 577/621/610 640/682/610 641/685/610
f 552/625/611 551/622/611 614/683/611 615/686/611
f 605/626/612 604/623/612 667/684/612 668/687/612
f 579/627/613 578/624/613 641/685/613 642/688/613
f 553/628/614 552/625/614 615/686/614 616/689/614
f 606/629/615 605/626/615 668/687/615 669/690/615
f 580/630/616 579/627/616 642/688/616 643/691/616
f 554/631/617 553/628/617 616/689/617 617/692/617
f 607/632/618 606/629/618 669/690/618 670/693/618
f 581/633/619 580/630/619 643/691/619 644/694/619
f 555/634/620 554/631/620 617/692/620 618/695/620
f 608/635/621 607/632/621 670/693/621 671/696/621
f 582/636/622 581/633/622 644/694/622 645/697/622
f 556/637/623 555/634/623 618/695/623 619/698/623
f 2752/699/624 608/635/624 671/696/624
f 583/639/625 582/636/625 645/697/625 646/700/625
f 557/640/626 556/637/626 619/698/626 620/701/626
f 584/641/627 583/639/627 646/700/627 647/702/627
f 558/642/628 557/640/628 620/701/628 621/703/628
f 585/643/629 584/641/629 647/702/629 648/704/629
f 559/644/630 558/642/630 621/703/630 622/705/630
f 586/645/631 585/643/631 648/704/631 649/706/631
f 560/646/632 559/644/632 622/705/632 623/707/632
f 587/647/633 586/645/633 649/706/633 650/708/633
f 561/648/634 560/646/634 623/707/634 624/709/634
f 588/584/635 587/647/635 650/708/635 651/710/635
f 562/586/636 561/648/636 624/709/636 625/711/636
f 589/585/637 588/584/637 651/710/637 652/712/637
f 563/587/638 562/586/638 625/711/638 626/713/638
f 590/588/639 589/585/639 652/712/639 653/649/639
f 564/589/640 563/587/640 626/713/640 627/651/640
f 656/655/641 655/653/641 718/714/641 719/715/641
f 630/656/642 629/654/642 692/716/642 693/717/642
f 657/657/643 656/655/643 719/715/643 720/718/643
f 631/658/644 630/656/644 693/717/644 694/719/644
f 658/659/645 657/657/645 720/718/645 721/720/645
f 632/660/646 631/658/646 694/719/646 695/721/646
f 659/661/647 658/659/647 721/720/647 722/722/647
f 633/662/648 632/660/648 695/721/648 696/723/648
f 660/663/649 659/661/649 722/722/649 723/724/649
f 634/664/650 633/662/650 696/723/650 697/725/650
f 661/665/651 660/663/651 723/724/651 724/726/651
f 635/666/652 634/664/652 697/725/652 698/727/652
f 609/668/653 2058/728/653 672/729/653
f 662/669/654 661/665/654 724/726/654 725/730/654
f 636/670/655 635/666/655 698/727/655 699/731/655
f 610/671/656 609/668/656 672/729/656 673/732/656
f 663/672/657 662/669/657 725/730/657 726/733/657
f 637/673/658 636/670/658 699/731/658 700/734/658
f 611/674/659 610/671/659 673/732/659 674/735/659
f 664/675/660 663/672/660 726/733/660 727/736/660
f 638/676/661 637/673/661 700/734/661 701/737/661
f 612/677/662 611/674/662 674/735/662 675/738/662
f 665/678/663 664/675/663 727/736/663 728/739/663
f 639/679/664 638/676/664 701/737/664 702/740/664
f 613/680/665 612/677/665 675/738/665 676/741/665
f 666/681/666 665/678/666 728/739/666 729/742/666
f 640/682/667 639/679/667 702/740/667 703/743/667
f 614/683/668 613/680/668 676/741/668 677/744/668
f 667/684/669 666/681/669 729/742/669 730/745/669
f 641/685/670 640/682/670 703/743/670 704/746/670
f 615/686/671 614/683/671 677/744/671 678/747/671
f 668/687/672 667/684/672 730/745/672 731/748/672
f 642/688/673 641/685/673 704/746/673 705/749/673
f 616/689/674 615/686/674 678/747/674 679/750/674
f 669/690/675 668/687/675 731/748/675 732/751/675
f 643/691/676 642/688/676 705/749/676 706/752/676
f 617/692/677 616/689/677 679/750/677 680/753/677
f 670/693/678 669/690/678 732/751/678 733/754/678
f 644/694/679 643/691/679 706/752/679 707/755/679
f 618/695/680 617/692/680 680/753/680 681/756/680
f 671/696/681 670/693/681 733/754/681 734/757/681
f 645/697/682 644/694/682 707/755/682 708/758/682
f 619/698/683 618/695/683 681/756/683 682/759/683
f 2752/760/684 671/696/684 734/757/684
f 646/700/685 645/697/685 708/758/685 709/761/685
f 620/701/686 619/698/686 682/759/686 683/762/686
f 647/702/687 646/700/687 709/761/687 710/763/687
f 621/703/688 620/701/688 683/762/688 684/764/688
f 648/704/689 647/702/689 710/763/689 711/765/689
f 622/705/690 621/703/690 684/764/690 685/766/690
f 649/706/691 648/704/691 711/765/691 712/767/691
f 623/707/692 622/705/692 685/766/692 686/768/692
f 650/708/693 649/706/693 712/767/693 713/769/693
f 624/709/694 623/707/694 686/768/694 687/770/694
f 651/710/695 650/708/695 713/769/695 714/771/695
f 625/711/696 624/709/696 687/770/696 688/772/696
f 652/712/697 651/710/697 714/771/697 715/773/697
f 626/713/698 625/711/698 688/772/698 689/774/698
f 653/649/699 652/712/699 715/773/699 716/775/699
f 627/651/700 626/713/700 689/774/700 690/776/700
f 654/650/701 653/649/701 716/775/701 717/777/701
f 628/652/702 627/651/702 690/776/702 691/778/702
f 655/653/703 654/650/703 717/777/703 718/714/703
f 629/654/704 628/652/704 691/778/704 692/716/704
f 721/720/705 720/718/705 783/779/705 784/780/705
f 695/721/706 694/719/706 757/781/706 758/782/706
f 722/722/707 721/720/707 784/780/707 785/783/707
f 696/723/708 695/721/708 758/782/708 759/784/708
f 723/724/709 722/722/709 785/783/709 786/785/709
f 697/725/710 696/723/710 759/784/710 760/786/710
f 724/726/711 723/724/711 786/785/711 787/787/711
f 698/727/712 697/725/712 760/786/712 761/788/712
f 672/729/713 2058/789/713 735/790/713
f 725/730/714 724/726/714 787/787/714 788/791/714
f 699/731/715 698/727/715 761/788/715 762/792/715
f 673/732/716 672/729/716 735/790/716 736/793/716
f 726/733/717 725/730/717 788/791/717 789/794/717
f 700/734/718 699/731/718 762/792/718 763/795/718
f 674/735/719 673/732/719 736/793/719 737/796/719
f 727/736/720 726/733/720 789/794/720 790/797/720
f 701/737/721 700/734/721 763/795/721 764/798/721
f 675/738/722 674/735/722 737/796/722 738/799/722
f 728/739/723 727/736/723 790/797/723 791/800/723
f 702/740/724 701/737/724 764/798/724 765/801/724
f 676/741/725 675/738/725 738/799/725 739/802/725
f 729/742/726 728/739/726 791/800/726 792/803/726
f 703/743/727 702/740/727 765/801/727 766/804/727
f 677/744/728 676/741/728 739/802/728 740/805/728
f 730/745/729 729/742/729 792/803/729 793/806/729
f 704/746/730 703/743/730 766/804/730 767/807/730
f 678/747/731 677/744/731 740/805/731 741/808/731
f 731/748/732 730/745/732 793/806/732 794/809/732
f 705/749/733 704/746/733 767/807/733 768/810/733
f 679/750/734 678/747/734 741/808/734 742/811/734
f 732/751/735 731/748/735 794/809/735 795/812/735
f 706/752/736 705/749/736 768/810/736 769/813/736
f 680/753/737 679/750/737 742/811/737 743/814/737
f 733/754/738 732/751/738 795/812/738 796/815/738
f 707/755/739 706/752/739 769/813/739 770/816/739
f 681/756/740 680/753/740 743/814/740 744/817/740
f 734/757/741 733/754/741 796/815/741 797/818/741
f 708/758/742 707/755/742 770/816/742 771/819/742
f 682/759/743 681/756/743 744/817/743 745/820/743
f 2752/821/744 734/757/744 797/818/744
f 709/761/745 708/758/745 771/819/745 772/822/745
f 683/762/746 682/759/746 745/820/746 746/823/746
f 710/763/747 709/761/747 772/822/747 773/824/747
f 684/764/748 683/762/748 746/823/748 747/825/748
f 711/765/749 710/763/749 773/824/749 774/826/749
f 685/766/750 684/764/750 747/825/750 748/827/750
f 712/767/751 711/765/751 774/826/751 775/828/751
f 686/768/752 685/766/752 748/827/752 749/829/752
f 713/769/753 712/767/753 775/828/753 776/830/753
f 687/770/754 686/768/754 749/829/754 750/831/754
f 714/771/755 713/769/755 776/830/755 777/832/755
f 688/772/756 687/770/756 750/831/756 751/833/756
f 715/773/757 714/771/757 777/832/757 778/834/757
f 689/774/758 688/772/758 751/833/758 752/835/758
f 716/775/759 715/773/759 778/834/759 779/836/759
f 690/776/760 689/774/760 752/835/760 753/837/760
f 717/777/761 716/775/761 779/836/761 780/838/761
f 691/778/762 690/776/762 753/837/762 754/839/762
f 718/714/763 717/777/763 780/838/763 781/840/763
f 692/716/764 691/778/764 754/839/764 755/841/764
f 719/715/765 718/714/765 781/840/765 782/842/765
f 693/717/766 692/716/766 755/841/766 756/843/766
f 720/718/767 719/715/767 782/842/767 783/779/767
f 694/719/768 693/717/768 756/843/768 757/781/768
f 786/785/769 785/783/769 848/844/769 849/845/769
f 760/786/770 759/784/770 822/846/770 823/847/770
f 787/787/771 786/785/771 849/845/771 850/848/771
f 761/788/772 760/786/772 823/847/772 824/849/772
f 735/790/773 2058/850/773 798/851/773
f 788/791/774 787/787/774 850/848/774 851/852/774
f 762/792/775 761/788/775 824/849/775 825/853/775
f 736/793/776 735/790/776 798/851/776 799/854/776
f 789/794/777 788/791/777 851/852/777 852/855/777
f 763/795/778 762/792/778 825/853/778 826/856/778
f 737/796/779 736/793/779 799/854/779 800/857/779
f 790/797/780 789/794/780 852/855/780 853/858/780
f 764/798/781 763/795/781 826/856/781 827/859/781
f 738/799/782 737/796/782 800/857/782 801/860/782
f 791/800/783 790/797/783 853/858/783 854/861/783
f 765/801/784 764/798/784 827/859/784 828/862/784
f 739/802/785 738/799/785 801/860/785 802/863/785
f 792/803/786 791/800/786 854/861/786 855/864/786
f 766/804/787 765/801/787 828/862/787 829/865/787
f 740/805/788 739/802/788 802/863/788 803/866/788
f 793/806/789 792/803/789 855/864/789 856/867/789
f 767/807/790 766/804/790 829/865/790 830/868/790
f 741/808/791 740/805/791 803/866/791 804/869/791
f 794/809/792 793/806/792 856/867/792 857/870/792
f 768/810/793 767/807/793 830/868/793 831/871/793
f 742/811/794 741/808/794 804/869/794 805/872/794
f 795/812/795 794/809/795 857/870/795 858/873/795
f 769/813/796 768/810/796 831/871/796 832/874/796
f 743/814/797 742/811/797 805/872/797 806/875/797
f 796/815/798 795/812/798 858/873/798 859/876/798
f 770/816/799 769/813/799 832/874/799 833/877/799
f 744/817/800 743/814/800 806/875/800 807/878/800
f 797/818/801 796/815/801 859/876/801 860/879/801
f 771/819/802 770/816/802 833/877/802 834/880/802
f 745/820/803 744/817/803 807/878/803 808/881/803
f 2752/882/804 797/818/804 860/879/804
f 772/822/805 771/819/805 834/880/805 835/883/805
f 746/823/806 745/820/806 808/881/806 809/884/806
f 773/824/807 772/822/807 835/883/807 836/885/807
f 747/825/808 746/823/808 809/884/808 810/886/808
f 774/826/809 773/824/809 836/885/809 837/887/809
f 748/827/810 747/825/810 810/886/810 811/888/810
f 775/828/811 774/826/811 837/887/811 838/889/811
f 749/829/812 748/827/812 811/888/812 812/890/812
f 776/830/813 775/828/813 838/889/813 839/891/813
f 750/831/814 749/829/814 812/890/814 813/892/814
f 777/832/815 776/830/815 839/891/815 840/893/815
f 751/833/816 750/831/816 813/892/816 814/894/816
f 778/834/817 777/832/817 840/893/817 841/895/817
f 752/835/818 751/833/818 814/894/818 815/896/818
f 779/836/819 778/834/819 841/895/819 842/897/819
f 753/837/820 752/835/820 815/896/820 816/898/820
f 780/838/821 779/836/821 842/897/821 843/899/821
f 754/839/822 753/837/822 816/898/822 817/900/822
f 781/840/823 780/838/823 843/899/823 844/901/823
f 755/841/824 754/839/824 817/900/824 818/902/824
f 782/842/825 781/840/825 844/901/825 845/903/825
f 756/843/826 755/841/826 818/902/826 819/904/826
f 783/779/827 782/842/827 845/903/827 846/905/827
f 757/781/828 756/843/828 819/904/828 820/906/828
f 784/780/829 783/779/829 846/905/829 847/907/829
f 758/782/830 757/781/830 820/906/830 821/908/830
f 785/783/831 784/780/831 847/907/831 848/844/831
f 759/784/832 758/782/832 821/908/832 822/846/832
f 798/851/833 2058/909/833 861/910/833
f 850/848/834 849/845/834 912/911/834 913/912/834
f 824/849/835 823/847/835 886/913/835 887/914/835
f 799/854/836 798/851/836 861/910/836 862/915/836
f 851/852/837 850/848/837 913/912/837 914/916/837
f 825/853/838 824/849/838 887/914/838 888/917/838
f 800/857/839 799/854/839 862/915/839 863/918/839
f 852/855/840 851/852/840 914/916/840 915/919/840
f 826/856/841 825/853/841 888/917/841 889/920/841
f 801/860/842 800/857/842 863/918/842 864/921/842
f 853/858/843 852/855/843 915/919/843 916/922/843
f 827/859/844 826/856/844 889/920/844 890/923/844
f 802/863/845 801/860/845 864/921/845 865/924/845
f 854/861/846 853/858/846 916/922/846 917/925/846
f 828/862/847 827/859/847 890/923/847 891/926/847
f 803/866/848 802/863/848 865/924/848 866/927/848
f 855/864/849 854/861/849 917/925/849 918/928/849
f 829/865/850 828/862/850 891/926/850 892/929/850
f 804/869/851 803/866/851 866/927/851 867/930/851
f 856/867/852 855/864/852 918/928/852 919/931/852
f 830/868/853 829/865/853 892/929/853 893/932/853
f 805/872/854 804/869/854 867/930/854 868/933/854
f 857/870/855 856/867/855 919/931/855 920/934/855
f 831/871/856 830/868/856 893/932/856 894/935/856
f 806/875/857 805/872/857 868/933/857 869/936/857
f 858/873/858 857/870/858 920/934/858 921/937/858
f 832/874/859 831/871/859 894/935/859 895/938/859
f 807/878/860 806/875/860 869/936/860 870/939/860
f 859/876/861 858/873/861 921/937/861 922/940/861
f 833/877/862 832/874/862 895/938/862 896/941/862
f 808/881/863 807/878/863 870/939/863 871/942/863
f 860/879/864 859/876/864 922/940/864 923/943/864
f 834/880/865 833/877/865 896/941/865 897/944/865
f 809/884/866 808/881/866 871/942/866 872/945/866
f 2752/946/867 860/879/867 923/943/867
f 835/883/868 834/880/868 897/944/868 898/947/868
f 810/886/869 809/884/869 872/945/869 873/948/869
f 836/885/870 835/883/870 898/947/870 899/949/870
f 811/888/871 810/886/871 873/948/871 874/950/871
f 837/887/872 836/885/872 899/949/872 900/951/872
f 812/890/873 811/888/873 874/950/873 875/952/873
f 838/889/874 837/887/874 900/951/874 901/953/874
f 813/892/875 812/890/875 875/952/875 876/954/875
f 839/891/876 838/889/876 901/953/876 902/955/876
f 814/894/877 813/892/877 876/954/877 877/956/877
f 840/893/878 839/891/878 902/955/878 903/957/878
f 815/896/879 814/894/879 877/956/879 878/958/879
f 841/895/880 840/893/880 903/957/880 904/959/880
f 816/898/881 815/896/881 878/958/881 879/960/881
f 842/897/882 841/895/882 904/959/882 905/961/882
f 817/900/883 816/898/883 879/960/883 880/962/883
f 843/899/884 842/897/884 905/961/884 906/963/884
f 818/902/885 817/900/885 880/962/885 881/964/885
f 844/901/886 843/899/886 906/963/886 907/965/886
f 819/904/887 818/902/887 881/964/887 882/966/887
f 845/903/888 844/901/888 907/965/888 908/967/888
f 820/906/889 819/904/889 882/966/889 883/968/889
f 846/905/890 845/903/890 908/967/890 909/969/890
f 821/908/891 820/906/891 883/968/891 884/970/891
f 847/907/892 846/905/892 909/969/892 910/971/892
f 822/846/893 821/908/893 884/970/893 885/972/893
f 848/844/894 847/907/894 910/971/894 911/973/894
f 823/847/895 822/846/895 885/972/895 886/913/895
f 849/845/896 848/844/896 911/973/896 912/911/896
f 915/919/897 914/916/897 977/974/897 978/975/897
f 889/920/898 888/917/898 951/976/898 952/977/898
f 863/918/899 862/915/899 925/978/899 926/979/899
f 916/922/900 915/919/900 978/975/900 979/980/900
f 890/923/901 889/920/901 952/977/901 953/981/901
f 864/921/902 863/918/902 926/979/902 927/982/902
f 917/925/903 916/922/903 979/980/903 980/983/903
f 891/926/904 890/923/904 953/981/904 954/984/904
f 865/924/905 864/921/905 927/982/905 928/985/905
f 918/928/906 917/925/906 980/983/906 981/986/906
f 892/929/907 891/926/907 954/984/907 955/987/907
f 866/927/908 865/924/908 928/985/908 929/988/908
f 919/931/909 918/928/909 981/986/909 982/989/909
f 893/932/910 892/929/910 955/987/910 956/990/910
f 867/930/911 866/927/911 929/988/911 930/991/911
f 920/934/912 919/931/912 982/989/912 983/992/912
f 894/935/913 893/932/913 956/990/913 957/993/913
f 868/933/914 867/930/914 930/991/914 931/994/914
f 921/937/915 920/934/915 983/992/915 984/995/915
f 895/938/916 894/935/916 957/993/916 958/996/916
f 869/936/917 868/933/917 931/994/917 932/997/917
f 922/940/918 921/937/918 984/995/918 985/998/918
f 896/941/919 895/938/919 958/996/919 959/999/919
f 870/939/920 869/936/920 932/997/920 933/1000/920
f 923/943/921 922/940/921 985/998/921 986/1001/921
f 897/944/922 896/941/922 959/999/922 960/1002/922
f 871/942/923 870/939/923 933/1000/923 934/1003/923
f 2752/1004/924 923/943/924 986/1001/924
f 898/947/925 897/944/925 960/1002/925 961/1005/925
f 872/945/926 871/942/926 934/1003/926 935/1006/926
f 899/949/927 898/947/927 961/1005/927 962/1007/927
f 873/948/928 872/945/928 935/1006/928 936/1008/928
f 900/951/929 899/949/929 962/1007/929 963/1009/929
f 874/950/930 873/948/930 936/1008/930 937/1010/930
f 901/953/931 900/951/931 963/1009/931 964/1011/931
f 875/952/932 874/950/932 937/1010/932 938/1012/932
f 902/955/933 901/953/933 964/1011/933 965/1013/933
f 876/954/934 875/952/934 938/1012/934 939/1014/934
f 903/957/935 902/955/935 965/1013/935 966/1015/935
f 877/956/936 876/954/936 939/1014/936 940/1016/936
f 904/959/937 903/957/937 966/1015/937 967/1017/937
f 878/958/938 877/956/938 940/1016/938 941/1018/938
f 905/961/939 904/959/939 967/1017/939 968/1019/939
f 879/960/940 878/958/940 941/1018/940 942/1020/940
f 906/963/941 905/961/941 968/1019/941 969/1021/941
f 880/962/942 879/960/942 942/1020/942 943/1022/942
f 907/965/943 906/963/943 969/1021/943 970/1023/943
f 881/964/944 880/962/944 943/1022/944 944/1024/944
f 908/967/945 907/965/945 970/1023/945 971/1025/945
f 882/966/946 881/964/946 944/1024/946 945/1026/946
f 909/969/947 908/967/947 971/1025/947 972/1027/947
f 883/968/948 882/966/948 945/1026/948 946/1028/948
f 910/971/949 909/969/949 972/1027/949 973/1029/949
f 884/970/950 883/968/950 946/1028/950 947/1030/950
f 911/973/951 910/971/951 973/1029/951 974/1031/951
f 885/972/952 884/970/952 947/1030/952 948/1032/952
f 912/911/953 911/973/953 974/1031/953 975/1033/953
f 886/913/954 885/972/954 948/1032/954 949/1034/954
f 913/912/955 912/911/955 975/1033/955 976/1035/955
f 887/914/956 886/913/956 949/1034/956 950/1036/956
f 861/910/957 2058/1037/957 924/1038/957
f 914/916/958 913/912/958 976/1035/958 977/974/958
f 888/917/959 887/914/959 950/1036/959 951/976/959
f 862/915/960 861/910/960 924/1038/960 925/978/960
f 980/983/961 979/980/961 1042/1039/961 1043/1040/961
f 954/984/962 953/981/962 1016/1041/962 1017/1042/962
f 928/985/963 927/982/963 990/1043/963 991/1044/963
f 981/986/964 980/983/964 1043/1040/964 1044/1045/964
f 955/987/965 954/984/965 1017/1042/965 1018/1046/965
f 929/988/966 928/985/966 991/1044/966 992/1047/966
f 982/989/967 981/986/967 1044/1045/967 1045/1048/967
f 956/990/968 955/987/968 1018/1046/968 1019/1049/968
f 930/991/969 929/988/969 992/1047/969 993/1050/969
f 983/992/970 982/989/970 1045/1048/970 1046/1051/970
f 957/993/971 956/990/971 1019/1049/971 1020/1052/971
f 931/994/972 930/991/972 993/1050/972 994/1053/972
f 984/995/973 983/992/973 1046/1051/973 1047/1054/973
f 958/996/974 957/993/974 1020/1052/974 1021/1055/974
f 932/997/975 931/994/975 994/1053/975 995/1056/975
f 985/998/976 984/995/976 1047/1054/976 1048/1057/976
f 959/999/977 958/996/977 1021/1055/977 1022/1058/977
f 933/1000/978 932/997/978 995/1056/978 996/1059/978
f 986/1001/979 985/998/979 1048/1057/979 1049/1060/979
f 960/1002/980 959/999/980 1022/1058/980 1023/1061/980
f 934/1003/981 933/1000/981 996/1059/981 997/1062/981
f 2752/1063/982 986/1001/982 1049/1060/982
f 961/1005/983 960/1002/983 1023/1061/983 1024/1064/983
f 935/1006/984 934/1003/984 997/1062/984 998/1065/984
f 962/1007/985 961/1005/985 1024/1064/985 1025/1066/985
f 936/1008/986 935/1006/986 998/1065/986 999/1067/986
f 963/1009/987 962/1007/987 1025/1066/987 1026/1068/987
f 937/1010/988 936/1008/988 999/1067/988 1000/1069/988
f 964/1011/989 963/1009/989 1026/1068/989 1027/1070/989
f 938/1012/990 937/1010/990 1000/1069/990 1001/1071/990
f 965/1013/991 964/1011/991 1027/1070/991 1028/1072/991
f 939/1014/992 938/1012/992 1001/1071/992 1002/1073/992
f 966/1015/993 965/1013/993 1028/1072/993 1029/1074/993
f 940/1016/994 939/1014/994 1002/1073/994 1003/1075/994
f 967/1017/995 966/1015/995 1029/1074/995 1030/1076/995
f 941/1018/996 940/1016/996 1003/1075/996 1004/1077/996
f 968/1019/997 967/1017/997 1030/1076/997 1031/1078/997
f 942/1020/998 941/1018/998 1004/1077/998 1005/1079/998
f 969/1021/999 968/1019/999 1031/1078/999 1032/1080/999
f 943/1022/1000 942/1020/1000 1005/1079/1000 1006/1081/1000
f 970/1023/1001 969/1021/1001 1032/1080/1001 1033/1082/1001
f 944/1024/1002 943/1022/1002 1006/1081/1002 1007/1083/1002
f 971/1025/1003 970/1023/1003 1033/1082/1003 1034/1084/1003
f 945/1026/1004 944/1024/1004 1007/1083/1004 1008/1085/1004
f 972/1027/1005 971/1025/1005 1034/1084/1005 1035/1086/1005
f 946/1028/1006 945/1026/1006 1008/1085/1006 1009/1087/1006
f 973/1029/1007 972/1027/1007 1035/1086/1007 1036/1088/1007
f 947/1030/1008 946/1028/1008 1009/1087/1008 1010/1089/1008
f 974/1031/1009 973/1029/1009 1036/1088/1009 1037/1090/1009
f 948/1032/1010 947/1030/1010 1010/1089/1010 1011/1091/1010
f 975/1033/1011 974/1031/1011 1037/1090/1011 1038/1092/1011
f 949/1034/1012 948/1032/1012 1011/1091/1012 1012/1093/1012
f 976/1035/1013 975/1033/1013 1038/1092/1013 1039/1094/1013
f 950/1036/1014 949/1034/1014 1012/1093/1014 1013/1095/1014
f 924/1038/1015 2058/1096/1015 987/1097/1015
f 977/974/1016 976/1035/1016 1039/1094/1016 1040/1098/1016
f 951/976/1017 950/1036/1017 1013/1095/1017 1014/1099/1017
f 925/978/1018 924/1038/1018 987/1097/1018 988/1100/1018
f 978/975/1019 977/974/1019 1040/1098/1019 1041/1101/1019
f 952/977/1020 951/976/1020 1014/1099/1020 1015/1102/1020
f 926/979/1021 925/978/1021 988/1100/1021 989/1103/1021
f 979/980/1022 978/975/1022 1041/1101/1022 1042/1039/1022
f 953/981/1023 952/977/1023 1015/1102/1023 1016/1041/1023
f 927/982/1024 926/979/1024 989/1103/1024 990/1043/1024
f 1045/1048/1025 1044/1045/1025 1107/1104/1025 1108/1105/1025
f 1019/1049/1026 1018/1046/1026 1081/1106/1026 1082/1107/1026
f 993/1050/1027 992/1047/1027 1055/1108/1027 1056/1109/1027
f 1046/1051/1028 1045/1048/1028 1108/1105/1028 1109/1110/1028
f 1020/1052/1029 1019/1049/1029 1082/1107/1029 1083/1111/1029
f 994/1053/1030 993/1050/1030 1056/1109/1030 1057/1112/1030
f 1047/1054/1031 1046/1051/1031 1109/1110/1031 1110/1113/1031
f 1021/1055/1032 1020/1052/1032 1083/1111/1032 1084/1114/1032
f 995/1056/1033 994/1053/1033 1057/1112/1033 1058/1115/1033
f 1048/1057/1034 1047/1054/1034 1110/1113/1034 1111/1116/1034
f 1022/1058/1035 1021/1055/1035 1084/1114/1035 1085/1117/1035
f 996/1059/1036 995/1056/1036 1058/1115/1036 1059/1118/1036
f 1049/1060/1037 1048/1057/1037 1111/1116/1037 1112/1119/1037
f 1023/1061/1038 1022/1058/1038 1085/1117/1038 1086/1120/1038
f 997/1062/1039 996/1059/1039 1059/1118/1039 1060/1121/1039
f 2752/1122/1040 1049/1060/1040 1112/1119/1040
f 1024/1064/1041 1023/1061/1041 1086/1120/1041 1087/1123/1041
f 998/1065/1042 997/1062/1042 1060/1121/1042 1061/1124/1042
f 1025/1066/1043 1024/1064/1043 1087/1123/1043 1088/1125/1043
f 999/1067/1044 998/1065/1044 1061/1124/1044 1062/1126/1044
f 1026/1068/1045 1025/1066/1045 1088/1125/1045 1089/1127/1045
f 1000/1069/1046 999/1067/1046 1062/1126/1046 1063/1128/1046
f 1027/1070/1047 1026/1068/1047 1089/1127/1047 1090/1129/1047
f 1001/1071/1048 1000/1069/1048 1063/1128/1048 1064/1130/1048
f 1028/1072/1049 1027/1070/1049 1090/1129/1049 1091/1131/1049
f 1002/1073/1050 1001/1071/1050 1064/1130/1050 1065/1132/1050
f 1029/1074/1051 1028/1072/1051 1091/1131/1051 1092/1133/1051
f 1003/1075/1052 1002/1073/1052 1065/1132/1052 1066/1134/1052
f 1030/1076/1053 1029/1074/1053 1092/1133/1053 1093/1135/1053
f 1004/1077/1054 1003/1075/1054 1066/1134/1054 1067/1136/1054
f 1031/1078/1055 1030/1076/1055 1093/1135/1055 1094/1137/1055
f 1005/1079/1056 1004/1077/1056 1067/1136/1056 1068/1138/1056
f 1032/1080/1057 1031/1078/1057 1094/1137/1057 1095/1139/1057
f 1006/1081/1058 1005/1079/1058 1068/1138/1058 1069/1140/1058
f 1033/1082/1059 1032/1080/1059 1095/1139/1059 1096/1141/1059
f 1007/1083/1060 1006/1081/1060 1069/1140/1060 1070/1142/1060
f 1034/1084/1061 1033/1082/1061 1096/1141/1061 1097/1143/1061
f 1008/1085/1062 1007/1083/1062 1070/1142/1062 1071/1144/1062
f 1035/1086/1063 1034/1084/1063 1097/1143/1063 1098/1145/1063
f 1009/1087/1064 1008/1085/1064 1071/1144/1064 1072/1146/1064
f 1036/1088/1065 1035/1086/1065 1098/1145/1065 1099/1147/1065
f 1010/1089/1066 1009/1087/1066 1072/1146/1066 1073/1148/1066
f 1037/1090/1067 1036/1088/1067 1099/1147/1067 1100/1149/1067
f 1011/1091/1068 1010/1089/1068 1073/1148/1068 1074/1150/1068
f 1038/1092/1069 1037/1090/1069 1100/1149/1069 1101/1151/1069
f 1012/1093/1070 1011/1091/1070 1074/1150/1070 1075/1152/1070
f 1039/1094/1071 1038/1092/1071 1101/1151/1071 1102/1153/1071
f 1013/1095/1072 1012/1093/1072 1075/1152/1072 1076/1154/1072
f 987/1097/1073 2058/1155/1073 1050/1156/1073
f 1040/1098/1074 1039/1094/1074 1102/1153/1074 1103/1157/1074
f 1014/1099/1075 1013/1095/1075 1076/1154/1075 1077/1158/1075
f 988/1100/1076 987/1097/1076 1050/1156/1076 1051/1159/1076
f 1041/1101/1077 1040/1098/1077 1103/1157/1077 1104/1160/1077
f 1015/1102/1078 1014/1099/1078 1077/1158/1078 1078/1161/1078
f 989/1103/1079 988/1100/1079 1051/1159/1079 1052/1162/1079
f 1042/1039/1080 1041/1101/1080 1104/1160/1080 1105/1163/1080
f 1016/1041/1081 1015/1102/1081 1078/1161/1081 1079/1164/1081
f 990/1043/1082 989/1103/1082 1052/1162/1082 1053/1165/1082
f 1043/1040/1083 1042/1039/1083 1105/1163/1083 1106/1166/1083
f 1017/1042/1084 1016/1041/1084 1079/1164/1084 1080/1167/1084
f 991/1044/1085 990/1043/1085 1053/1165/1085 1054/1168/1085
f 1044/1045/1086 1043/1040/1086 1106/1166/1086 1107/1104/1086
f 1018/1046/1087 1017/1042/1087 1080/1167/1087 1081/1106/1087
f 992/1047/1088 991/1044/1088 1054/1168/1088 1055/1108/1088
f 1110/1113/1089 1109/1110/1089 1172/1169/1089 1173/1170/1089
f 1084/1114/1090 1083/1111/1090 1146/1171/1090 1147/1172/1090
f 1058/1115/1091 1057/1112/1091 1120/1173/1091 1121/1174/1091
f 1111/1116/1092 1110/1113/1092 1173/1170/1092 1174/1175/1092
f 1085/1117/1093 1084/1114/1093 1147/1172/1093 1148/1176/1093
f 1059/1118/1094 1058/1115/1094 1121/1174/1094 1122/1177/1094
f 1112/1119/1095 1111/1116/1095 1174/1175/1095 1175/1178/1095
f 1086/1120/1096 1085/1117/1096 1148/1176/1096 1149/1179/1096
f 1060/1121/1097 1059/1118/1097 1122/1177/1097 1123/1180/1097
f 2752/1181/1098 1112/1119/1098 1175/1178/1098
f 1087/1123/1099 1086/1120/1099 1149/1179/1099 1150/1182/1099
f 1061/1124/1100 1060/1121/1100 1123/1180/1100 1124/1183/1100
f 1088/1125/1101 1087/1123/1101 1150/1182/1101 1151/1184/1101
f 1062/1126/1102 1061/1124/1102 1124/1183/1102 1125/1185/1102
f 1089/1127/1103 1088/1125/1103 1151/1184/1103 1152/1186/1103
f 1063/1128/1104 1062/1126/1104 1125/1185/1104 1126/1187/1104
f 1090/1129/1105 1089/1127/1105 1152/1186/1105 1153/1188/1105
f 1064/1130/1106 1063/1128/1106 1126/1187/1106 1127/1189/1106
f 1091/1131/1107 1090/1129/1107 1153/1188/1107 1154/1190/1107
f 1065/1132/1108 1064/1130/1108 1127/1189/1108 1128/1191/1108
f 1092/1133/1109 1091/1131/1109 1154/1190/1109 1155/1192/1109
f 1066/1134/1110 1065/1132/1110 1128/1191/1110 1129/1193/1110
f 1093/1135/1111 1092/1133/1111 1155/1192/1111 1156/1194/1111
f 1067/1136/1112 1066/1134/1112 1129/1193/1112 1130/1195/1112
f 1094/1137/1113 1093/1135/1113 1156/1194/1113 1157/1196/1113
f 1068/1138/1114 1067/1136/1114 1130/1195/1114 1131/1197/1114
f 1095/1139/1115 1094/1137/1115 1157/1196/1115 1158/1198/1115
f 1069/1140/1116 1068/1138/1116 1131/1197/1116 1132/1199/1116
f 1096/1141/1117 1095/1139/1117 1158/1198/1117 1159/1200/1117
f 1070/1142/1118 1069/1140/1118 1132/1199/1118 1133/1201/1118
f 1097/1143/1119 1096/1141/1119 1159/1200/1119 1160/1202/1119
f 1071/1144/1120 1070/1142/1120 1133/1201/1120 1134/1203/1120
f 1098/1145/1121 1097/1143/1121 1160/1202/1121 1161/1204/1121
f 1072/1146/1122 1071/1144/1122 1134/1203/1122 1135/1205/1122
f 1099/1147/1123 1098/1145/1123 1161/1204/1123 1162/1206/1123
f 1073/1148/1124 1072/1146/1124 1135/1205/1124 1136/1207/1124
f 1100/1149/1125 1099/1147/1125 1162/1206/1125 1163/1208/1125
f 1074/1150/1126 1073/1148/1126 1136/1207/1126 1137/1209/1126
f 1101/1151/1127 1100/1149/1127 1163/1208/1127 1164/1210/1127
f 1075/1152/1128 1074/1150/1128 1137/1209/1128 1138/1211/1128
f 1102/1153/1129 1101/1151/1129 1164/1210/1129 1165/1212/1129
f 1076/1154/1130 1075/1152/1130 1138/1211/1130 1139/1213/1130
f 1050/1156/1131 2058/1214/1131 1113/1215/1131
f 1103/1157/1132 1102/1153/1132 1165/1212/1132 1166/1216/1132
f 1077/1158/1133 1076/1154/1133 1139/1213/1133 1140/1217/1133
f 1051/1159/1134 1050/1156/1134 1113/1215/1134 1114/1218/1134
f 1104/1160/1135 1103/1157/1135 1166/1216/1135 1167/1219/1135
f 1078/1161/1136 1077/1158/1136 1140/1217/1136 1141/1220/1136
f 1052/1162/1137 1051/1159/1137 1114/1218/1137 1115/1221/1137
f 1105/1163/1138 1104/1160/1138 1167/1219/1138 1168/1222/1138
f 1079/1164/1139 1078/1161/1139 1141/1220/1139 1142/1223/1139
f 1053/1165/1140 1052/1162/1140 1115/1221/1140 1116/1224/1140
f 1106/1166/1141 1105/1163/1141 1168/1222/1141 1169/1225/1141
f 1080/1167/1142 1079/1164/1142 1142/1223/1142 1143/1226/1142
f 1054/1168/1143 1053/1165/1143 1116/1224/1143 1117/1227/1143
f 1107/1104/1144 1106/1166/1144 1169/1225/1144 1170/1228/1144
f 1081/1106/1145 1080/1167/1145 1143/1226/1145 1144/1229/1145
f 1055/1108/1146 1054/1168/1146 1117/1227/1146 1118/1230/1146
f 1108/1105/1147 1107/1104/1147 1170/1228/1147 1171/1231/1147
f 1082/1107/1148 1081/1106/1148 1144/1229/1148 1145/1232/1148
f 1056/1109/1149 1055/1108/1149 1118/1230/1149 1119/1233/1149
f 1109/1110/1150 1108/1105/1150 1171/1231/1150 1172/1169/1150
f 1083/1111/1151 1082/1107/1151 1145/1232/1151 1146/1171/1151
f 1057/1112/1152 1056/1109/1152 1119/1233/1152 1120/1173/1152
f 1175/1178/1153 1174/1175/1153 1237/1234/1153 1238/1235/1153
f 1149/1179/1154 1148/1176/1154 1211/1236/1154 1212/1237/1154
f 1123/1180/1155 1122/1177/1155 1185/1238/1155 1186/1239/1155
f 2752/1240/1156 1175/1178/1156 1238/1235/1156
f 1150/1182/1157 1149/1179/1157 1212/1237/1157 1213/1241/1157
f 1124/1183/1158 1123/1180/1158 1186/1239/1158 1187/1242/1158
f 1151/1184/1159 1150/1182/1159 1213/1241/1159 1214/1243/1159
f 1125/1185/1160 1124/1183/1160 1187/1242/1160 1188/1244/1160
f 1152/1186/1161 1151/1184/1161 1214/1243/1161 1215/1245/1161
f 1126/1187/1162 1125/1185/1162 1188/1244/1162 1189/1246/1162
f 1153/1188/1163 1152/1186/1163 1215/1245/1163 1216/1247/1163
f 1127/1189/1164 1126/1187/1164 1189/1246/1164 1190/1248/1164
f 1154/1190/1165 1153/1188/1165 1216/1247/1165 1217/1249/1165
f 1128/1191/1166 1127/1189/1166 1190/1248/1166 1191/1250/1166
f 1155/1192/1167 1154/1190/1167 1217/1249/1167 1218/1251/1167
f 1129/1193/1168 1128/1191/1168 1191/1250/1168 1192/1252/1168
f 1156/1194/1169 1155/1192/1169 1218/1251/1169 1219/1253/1169
f 1130/1195/1170 1129/1193/1170 1192/1252/1170 1193/1254/1170
f 1157/1196/1171 1156/1194/1171 1219/1253/1171 1220/1255/1171
f 1131/1197/1172 1130/1195/1172 1193/1254/1172 1194/1256/1172
f 1158/1198/1173 1157/1196/1173 1220/1255/1173 1221/1257/1173
f 1132/1199/1174 1131/1197/1174 1194/1256/1174 1195/1258/1174
f 1159/1200/1175 1158/1198/1175 1221/1257/1175 1222/1259/1175
f 1133/1201/1176 1132/1199/1176 1195/1258/1176 1196/1260/1176
f 1160/1202/1177 1159/1200/1177 1222/1259/1177 1223/1261/1177
f 1134/1203/1178 1133/1201/1178 1196/1260/1178 1197/1262/1178
f 1161/1204/1179 1160/1202/1179 1223/1261/1179 1224/1263/1179
f 1135/1205/1180 1134/1203/1180 1197/1262/1180 1198/1264/1180
f 1162/1206/1181 1161/1204/1181 1224/1263/1181 1225/1265/1181
f 1136/1207/1182 1135/1205/1182 1198/1264/1182 1199/1266/1182
f 1163/1208/1183 1162/1206/1183 1225/1265/1183 1226/1267/1183
f 1137/1209/1184 1136/1207/1184 1199/1266/1184 1200/1268/1184
f 1164/1210/1185 1163/1208/1185 1226/1267/1185 1227/1269/1185
f 1138/1211/1186 1137/1209/1186 1200/1268/1186 1201/1270/1186
f 1165/1212/1187 1164/1210/1187 1227/1269/1187 1228/1271/1187
f 1139/1213/1188 1138/1211/1188 1201/1270/1188 1202/1272/1188
f 1113/1215/1189 2058/1273/1189 1176/1274/1189
f 1166/1216/1190 1165/1212/1190 1228/1271/1190 1229/1275/1190
f 1140/1217/1191 1139/1213/1191 1202/1272/1191 1203/1276/1191
f 1114/1218/1192 1113/1215/1192 1176/1274/1192 1177/1277/1192
f 1167/1219/1193 1166/1216/1193 1229/1275/1193 1230/1278/1193
f 1141/1220/1194 1140/1217/1194 1203/1276/1194 1204/1279/1194
f 1115/1221/1195 1114/1218/1195 1177/1277/1195 1178/1280/1195
f 1168/1222/1196 1167/1219/1196 1230/1278/1196 1231/1281/1196
f 1142/1223/1197 1141/1220/1197 1204/1279/1197 1205/1282/1197
f 1116/1224/1198 1115/1221/1198 1178/1280/1198 1179/1283/1198
f 1169/1225/1199 1168/1222/1199 1231/1281/1199 1232/1284/1199
f 1143/1226/1200 1142/1223/1200 1205/1282/1200 1206/1285/1200
f 1117/1227/1201 1116/1224/1201 1179/1283/1201 1180/1286/1201
f 1170/1228/1202 1169/1225/1202 1232/1284/1202 1233/1287/1202
f 1144/1229/1203 1143/1226/1203 1206/1285/1203 1207/1288/1203
f 1118/1230/1204 1117/1227/1204 1180/1286/1204 1181/1289/1204
f 1171/1231/1205 1170/1228/1205 1233/1287/1205 1234/1290/1205
f 1145/1232/1206 1144/1229/1206 1207/1288/1206 1208/1291/1206
f 1119/1233/1207 1118/1230/1207 1181/1289/1207 1182/1292/1207
f 1172/1169/1208 1171/1231/1208 1234/1290/1208 1235/1293/1208
f 1146/1171/1209 1145/1232/1209 1208/1291/1209 1209/1294/1209
f 1120/1173/1210 1119/1233/1210 1182/1292/1210 1183/1295/1210
f 1173/1170/1211 1172/1169/1211 1235/1293/1211 1236/1296/1211
f 1147/1172/1212 1146/1171/1212 1209/1294/1212 1210/1297/1212
f 1121/1174/1213 1120/1173/1213 1183/1295/1213 1184/1298/1213
f 1174/1175/1214 1173/1170/1214 1236/1296/1214 1237/1234/1214
f 1148/1176/1215 1147/1172/1215 1210/1297/1215 1211/1236/1215
f 1122/1177/1216 1121/1174/1216 1184/1298/1216 1185/1238/1216
f 1214/1243/1217 1213/1241/1217 1276/1299/1217 1277/1300/1217
f 1188/1244/1218 1187/1242/1218 1250/1301/1218 1251/1302/1218
f 1215/1245/1219 1214/1243/1219 1277/1300/1219 1278/1303/1219
f 1189/1246/1220 1188/1244/1220 1251/1302/1220 1252/1304/1220
f 1216/1247/1221 1215/1245/1221 1278/1303/1221 1279/1305/1221
f 1190/1248/1222 1189/1246/1222 1252/1304/1222 1253/1306/1222
f 1217/1249/1223 1216/1247/1223 1279/1305/1223 1280/1307/1223
f 1191/1250/1224 1190/1248/1224 1253/1306/1224 1254/1308/1224
f 1218/1251/1225 1217/1249/1225 1280/1307/1225 1281/1309/1225
f 1192/1252/1226 1191/1250/1226 1254/1308/1226 1255/1310/1226
f 1219/1253/1227 1218/1251/1227 1281/1309/1227 1282/1311/1227
f 1193/1254/1228 1192/1252/1228 1255/1310/1228 1256/1312/1228
f 1220/1255/1229 1219/1253/1229 1282/1311/1229 1283/1313/1229
f 1194/1256/1230 1193/1254/1230 1256/1312/1230 1257/1314/1230
f 1221/1257/1231 1220/1255/1231 1283/1313/1231 1284/1315/1231
f 1195/1258/1232 1194/1256/1232 1257/1314/1232 1258/1316/1232
f 1222/1259/1233 1221/1257/1233 1284/1315/1233 1285/1317/1233
f 1196/1260/1234 1195/1258/1234 1258/1316/1234 1259/1318/1234
f 1223/1261/1235 1222/1259/1235 1285/1317/1235 1286/1319/1235
f 1197/1262/1236 1196/1260/1236 1259/1318/1236 1260/1320/1236
f 1224/1263/1237 1223/1261/1237 1286/1319/1237 1287/1321/1237
f 1198/1264/1238 1197/1262/1238 1260/1320/1238 1261/1322/1238
f 1225/1265/1239 1224/1263/1239 1287/1321/1239 1288/1323/1239
f 1199/1266/1240 1198/1264/1240 1261/1322/1240 1262/1324/1240
f 1226/1267/1241 1225/1265/1241 1288/1323/1241 1289/1325/1241
f 1200/1268/1242 1199/1266/1242 1262/1324/1242 1263/1326/1242
f 1227/1269/1243 1226/1267/1243 1289/1325/1243 1290/1327/1243
f 1201/1270/1244 1200/1268/1244 1263/1326/1244 1264/1328/1244
f 1228/1271/1245 1227/1269/1245 1290/1327/1245 1291/1329/1245
f 1202/1272/1246 1201/1270/1246 1264/1328/1246 1265/1330/1246
f 1176/1274/1247 2058/1331/1247 1239/1332/1247
f 1229/1275/1248 1228/1271/1248 1291/1329/1248 1292/1333/1248
f 1203/1276/1249 1202/1272/1249 1265/1330/1249 1266/1334/1249
f 1177/1277/1250 1176/1274/1250 1239/1332/1250 1240/1335/1250
f 1230/1278/1251 1229/1275/1251 1292/1333/1251 1293/1336/1251
f 1204/1279/1252 1203/1276/1252 1266/1334/1252 1267/1337/1252
f 1178/1280/1253 1177/1277/1253 1240/1335/1253 1241/1338/1253
f 1231/1281/1254 1230/1278/1254 1293/1336/1254 1294/1339/1254
f 1205/1282/1255 1204/1279/1255 1267/1337/1255 1268/1340/1255
f 1179/1283/1256 1178/1280/1256 1241/1338/1256 1242/1341/1256
f 1232/1284/1257 1231/1281/1257 1294/1339/1257 1295/1342/1257
f 1206/1285/1258 1205/1282/1258 1268/1340/1258 1269/1343/1258
f 1180/1286/1259 1179/1283/1259 1242/1341/1259 1243/1344/1259
f 1233/1287/1260 1232/1284/1260 1295/1342/1260 1296/1345/1260
f 1207/1288/1261 1206/1285/1261 1269/1343/1261 1270/1346/1261
f 1181/1289/1262 1180/1286/1262 1243/1344/1262 1244/1347/1262
f 1234/1290/1263 1233/1287/1263 1296/1345/1263 1297/1348/1263
f 1208/1291/1264 1207/1288/1264 1270/1346/1264 1271/1349/1264
f 1182/1292/1265 1181/1289/1265 1244/1347/1265 1245/1350/1265
f 1235/1293/1266 1234/1290/1266 1297/1348/1266 1298/1351/1266
f 1209/1294/1267 1208/1291/1267 1271/1349/1267 1272/1352/1267
f 1183/1295/1268 1182/1292/1268 1245/1350/1268 1246/1353/1268
f 1236/1296/1269 1235/1293/1269 1298/1351/1269 1299/1354/1269
f 1210/1297/1270 1209/1294/1270 1272/1352/1270 1273/1355/1270
f 1184/1298/1271 1183/1295/1271 1246/1353/1271 1247/1356/1271
f 1237/1234/1272 1236/1296/1272 1299/1354/1272 1300/1357/1272
f 1211/1236/1273 1210/1297/1273 1273/1355/1273 1274/1358/1273
f 1185/1238/1274 1184/1298/1274 1247/1356/1274 1248/1359/1274
f 1238/1235/1275 1237/1234/1275 1300/1357/1275 1301/1360/1275
f 1212/1237/1276 1211/1236/1276 1274/1358/1276 1275/1361/1276
f 1186/1239/1277 1185/1238/1277 1248/1359/1277 1249/1362/1277
f 2752/1363/1278 1238/1235/1278 1301/1360/1278
f 1213/1241/1279 1212/1237/1279 1275/1361/1279 1276/1299/1279
f 1187/1242/1280 1186/1239/1280 1249/1362/1280 1250/1301/1280
f 1279/1305/1281 1278/1303/1281 1341/1364/1281 1342/1365/1281
f 1253/1306/1282 1252/1304/1282 1315/1366/1282 1316/1367/1282
f 1280/1307/1283 1279/1305/1283 1342/1365/1283 1343/1368/1283
f 1254/1308/1284 1253/1306/1284 1316/1367/1284 1317/1369/1284
f 1281/1309/1285 1280/1307/1285 1343/1368/1285 1344/1370/1285
f 1255/1310/1286 1254/1308/1286 1317/1369/1286 1318/1371/1286
f 1282/1311/1287 1281/1309/1287 1344/1370/1287 1345/1372/1287
f 1256/1312/1288 1255/1310/1288 1318/1371/1288 1319/1373/1288
f 1283/1313/1289 1282/1311/1289 1345/1372/1289 1346/1374/1289
f 1257/1314/1290 1256/1312/1290 1319/1373/1290 1320/1375/1290
f 1284/1315/1291 1283/1313/1291 1346/1374/1291 1347/1376/1291
f 1258/1316/1292 1257/1314/1292 1320/1375/1292 1321/1377/1292
f 1285/1317/1293 1284/1315/1293 1347/1376/1293 1348/1378/1293
f 1259/1318/1294 1258/1316/1294 1321/1377/1294 1322/1379/1294
f 1286/1319/1295 1285/1317/1295 1348/1378/1295 1349/1380/1295
f 1260/1320/1296 1259/1318/1296 1322/1379/1296 1323/1381/1296
f 1287/1321/1297 1286/1319/1297 1349/1380/1297 1350/1382/1297
f 1261/1322/1298 1260/1320/1298 1323/1381/1298 1324/1383/1298
f 1288/1323/1299 1287/1321/1299 1350/1382/1299 1351/1384/1299
f 1262/1324/1300 1261/1322/1300 1324/1383/1300 1325/1385/1300
f 1289/1325/1301 1288/1323/1301 1351/1384/1301 1352/1386/1301
f 1263/1326/1302 1262/1324/1302 1325/1385/1302 1326/1387/1302
f 1290/1327/1303 1289/1325/1303 1352/1386/1303 1353/1388/1303
f 1264/1328/1304 1263/1326/1304 1326/1387/1304 1327/1389/1304
f 1291/1329/1305 1290/1327/1305 1353/1388/1305 1354/1390/1305
f 1265/1330/1306 1264/1328/1306 1327/1389/1306 1328/1391/1306
f 1239/1332/1307 2058/1392/1307 1302/1393/1307
f 1292/1333/1308 1291/1329/1308 1354/1390/1308 1355/1394/1308
f 1266/1334/1309 1265/1330/1309 1328/1391/1309 1329/1395/1309
f 1240/1335/1310 1239/1332/1310 1302/1393/1310 1303/1396/1310
f 1293/1336/1311 1292/1333/1311 1355/1394/1311 1356/1397/1311
f 1267/1337/1312 1266/1334/1312 1329/1395/1312 1330/1398/1312
f 1241/1338/1313 1240/1335/1313 1303/1396/1313 1304/1399/1313
f 1294/1339/1314 1293/1336/1314 1356/1397/1314 1357/1400/1314
f 1268/1340/1315 1267/1337/1315 1330/1398/1315 1331/1401/1315
f 1242/1341/1316 1241/1338/1316 1304/1399/1316 1305/1402/1316
f 1295/1342/1317 1294/1339/1317 1357/1400/1317 1358/1403/1317
f 1269/1343/1318 1268/1340/1318 1331/1401/1318 1332/1404/1318
f 1243/1344/1319 1242/1341/1319 1305/1402/1319 1306/1405/1319
f 1296/1345/1320 1295/1342/1320 1358/1403/1320 1359/1406/1320
f 1270/1346/1321 1269/1343/1321 1332/1404/1321 1333/1407/1321
f 1244/1347/1322 1243/1344/1322 1306/1405/1322 1307/1408/1322
f 1297/1348/1323 1296/1345/1323 1359/1406/1323 1360/1409/1323
f 1271/1349/1324 1270/1346/1324 1333/1407/1324 1334/1410/1324
f 1245/1350/1325 1244/1347/1325 1307/1408/1325 1308/1411/1325
f 1298/1351/1326 1297/1348/1326 1360/1409/1326 1361/1412/1326
f 1272/1352/1327 1271/1349/1327 1334/1410/1327 1335/1413/1327
f 1246/1353/1328 1245/1350/1328 1308/1411/1328 1309/1414/1328
f 1299/1354/1329 1298/1351/1329 1361/1412/1329 1362/1415/1329
f 1273/1355/1330 1272/1352/1330 1335/1413/1330 1336/1416/1330
f 1247/1356/1331 1246/1353/1331 1309/1414/1331 1310/1417/1331
f 1300/1357/1332 1299/1354/1332 1362/1415/1332 1363/1418/1332
f 1274/1358/1333 1273/1355/1333 1336/1416/1333 1337/1419/1333
f 1248/1359/1334 1247/1356/1334 1310/1417/1334 1311/1420/1334
f 1301/1360/1335 1300/1357/1335 1363/1418/1335 1364/1421/1335
f 1275/1361/1336 1274/1358/1336 1337/1419/1336 1338/1422/1336
f 1249/1362/1337 1248/1359/1337 1311/1420/1337 1312/1423/1337
f 2752/1424/1338 1301/1360/1338 1364/1421/1338
f 1276/1299/1339 1275/1361/1339 1338/1422/1339 1339/1425/1339
f 1250/1301/1340 1249/1362/1340 1312/1423/1340 1313/1426/1340
f 1277/1300/1341 1276/1299/1341 1339/1425/1341 1340/1427/1341
f 1251/1302/1342 1250/1301/1342 1313/1426/1342 1314/1428/1342
f 1278/1303/1343 1277/1300/1343 1340/1427/1343 1341/1364/1343
f 1252/1304/1344 1251/1302/1344 1314/1428/1344 1315/1366/1344
f 1344/1370/1345 1343/1368/1345 1406/1429/1345 1407/1430/1345
f 1318/1371/1346 1317/1369/1346 1380/1431/1346 1381/1432/1346
f 1345/1372/1347 1344/1370/1347 1407/1430/1347 1408/1433/1347
f 1319/1373/1348 1318/1371/1348 1381/1432/1348 1382/1434/1348
f 1346/1374/1349 1345/1372/1349 1408/1433/1349 1409/1435/1349
f 1320/1375/1350 1319/1373/1350 1382/1434/1350 1383/1436/1350
f 1347/1376/1351 1346/1374/1351 1409/1435/1351 1410/1437/1351
f 1321/1377/1352 1320/1375/1352 1383/1436/1352 1384/1438/1352
f 1348/1378/1353 1347/1376/1353 1410/1437/1353 1411/1439/1353
f 1322/1379/1354 1321/1377/1354 1384/1438/1354 1385/1440/1354
f 1349/1380/1355 1348/1378/1355 1411/1439/1355 1412/1441/1355
f 1323/1381/1356 1322/1379/1356 1385/1440/1356 1386/1442/1356
f 1350/1382/1357 1349/1380/1357 1412/1441/1357 1413/1443/1357
f 1324/1383/1358 1323/1381/1358 1386/1442/1358 1387/1444/1358
f 1351/1384/1359 1350/1382/1359 1413/1443/1359 1414/1445/1359
f 1325/1385/1360 1324/1383/1360 1387/1444/1360 1388/1446/1360
f 1352/1386/1361 1351/1384/1361 1414/1445/1361 1415/1447/1361
f 1326/1387/1362 1325/1385/1362 1388/1446/1362 1389/1448/1362
f 1353/1388/1363 1352/1386/1363 1415/1447/1363 1416/1449/1363
f 1327/1389/1364 1326/1387/1364 1389/1448/1364 1390/1450/1364
f 1354/1390/1365 1353/1388/1365 1416/1449/1365 1417/1451/1365
f 1328/1391/1366 1327/1389/1366 1390/1450/1366 1391/1452/1366
f 1302/1393/1367 2058/1453/1367 1365/1454/1367
f 1355/1394/1368 1354/1390/1368 1417/1451/1368 1418/1455/1368
f 1329/1395/1369 1328/1391/1369 1391/1452/1369 1392/1456/1369
f 1303/1396/1370 1302/1393/1370 1365/1454/1370 1366/1457/1370
f 1356/1397/1371 1355/1394/1371 1418/1455/1371 1419/1458/1371
f 1330/1398/1372 1329/1395/1372 1392/1456/1372 1393/1459/1372
f 1304/1399/1373 1303/1396/1373 1366/1457/1373 1367/1460/1373
f 1357/1400/1374 1356/1397/1374 1419/1458/1374 1420/1461/1374
f 1331/1401/1375 1330/1398/1375 1393/1459/1375 1394/1462/1375
f 1305/1402/1376 1304/1399/1376 1367/1460/1376 1368/1463/1376
f 1358/1403/1377 1357/1400/1377 1420/1461/1377 1421/1464/1377
f 1332/1404/1378 1331/1401/1378 1394/1462/1378 1395/1465/1378
f 1306/1405/1379 1305/1402/1379 1368/1463/1379 1369/1466/1379
f 1359/1406/1380 1358/1403/1380 1421/1464/1380 1422/1467/1380
f 1333/1407/1381 1332/1404/1381 1395/1465/1381 1396/1468/1381
f 1307/1408/1382 1306/1405/1382 1369/1466/1382 1370/1469/1382
f 1360/1409/1383 1359/1406/1383 1422/1467/1383 1423/1470/1383
f 1334/1410/1384 1333/1407/1384 1396/1468/1384 1397/1471/1384
f 1308/1411/1385 1307/1408/1385 1370/1469/1385 1371/1472/1385
f 1361/1412/1386 1360/1409/1386 1423/1470/1386 1424/1473/1386
f 1335/1413/1387 1334/1410/1387 1397/1471/1387 1398/1474/1387
f 1309/1414/1388 1308/1411/1388 1371/1472/1388 1372/1475/1388
f 1362/1415/1389 1361/1412/1389 1424/1473/1389 1425/1476/1389
f 1336/1416/1390 1335/1413/1390 1398/1474/1390 1399/1477/1390
f 1310/1417/1391 1309/1414/1391 1372/1475/1391 1373/1478/1391
f 1363/1418/1392 1362/1415/1392 1425/1476/1392 1426/1479/1392
f 1337/1419/1393 1336/1416/1393 1399/1477/1393 1400/1480/1393
f 1311/1420/1394 1310/1417/1394 1373/1478/1394 1374/1481/1394
f 1364/1421/1395 1363/1418/1395 1426/1479/1395 1427/1482/1395
f 1338/1422/1396 1337/1419/1396 1400/1480/1396 1401/1483/1396
f 1312/1423/1397 1311/1420/1397 1374/1481/1397 1375/1484/1397
f 2752/1485/1398 1364/1421/1398 1427/1482/1398
f 1339/1425/1399 1338/1422/1399 1401/1483/1399 1402/1486/1399
f 1313/1426/1400 1312/1423/1400 1375/1484/1400 1376/1487/1400
f 1340/1427/1401 1339/1425/1401 1402/1486/1401 1403/1488/1401
f 1314/1428/1402 1313/1426/1402 1376/1487/1402 1377/1489/1402
f 1341/1364/1403 1340/1427/1403 1403/1488/1403 1404/1490/1403
f 1315/1366/1404 1314/1428/1404 1377/1489/1404 1378/1491/1404
f 1342/1365/1405 1341/1364/1405 1404/1490/1405 1405/1492/1405
f 1316/1367/1406 1315/1366/1406 1378/1491/1406 1379/1493/1406
f 1343/1368/1407 1342/1365/1407 1405/1492/1407 1406/1429/1407
f 1317/1369/1408 1316/1367/1408 1379/1493/1408 1380/1431/1408
f 1409/1435/1409 1408/1433/1409 1471/1494/1409 1472/1495/1409
f 1383/1436/1410 1382/1434/1410 1445/1496/1410 1446/1497/1410
f 1410/1437/1411 1409/1435/1411 1472/1495/1411 1473/1498/1411
f 1384/1438/1412 1383/1436/1412 1446/1497/1412 1447/1499/1412
f 1411/1439/1413 1410/1437/1413 1473/1498/1413 1474/1500/1413
f 1385/1440/1414 1384/1438/1414 1447/1499/1414 1448/1501/1414
f 1412/1441/1415 1411/1439/1415 1474/1500/1415 1475/1502/1415
f 1386/1442/1416 1385/1440/1416 1448/1501/1416 1449/1503/1416
f 1413/1443/1417 1412/1441/1417 1475/1502/1417 1476/1504/1417
f 1387/1444/1418 1386/1442/1418 1449/1503/1418 1450/1505/1418
f 1414/1445/1419 1413/1443/1419 1476/1504/1419 1477/1506/1419
f 1388/1446/1420 1387/1444/1420 1450/1505/1420 1451/1507/1420
f 1415/1447/1421 1414/1445/1421 1477/1506/1421 1478/1508/1421
f 1389/1448/1422 1388/1446/1422 1451/1507/1422 1452/1509/1422
f 1416/1449/1423 1415/1447/1423 1478/1508/1423 1479/1510/1423
f 1390/1450/1424 1389/1448/1424 1452/1509/1424 1453/1511/1424
f 1417/1451/1425 1416/1449/1425 1479/1510/1425 1480/1512/1425
f 1391/1452/1426 1390/1450/1426 1453/1511/1426 1454/1513/1426
f 1365/1454/1427 2058/1514/1427 1428/1515/1427
f 1418/1455/1428 1417/1451/1428 1480/1512/1428 1481/1516/1428
f 1392/1456/1429 1391/1452/1429 1454/1513/1429 1455/1517/1429
f 1366/1457/1430 1365/1454/1430 1428/1515/1430 1429/1518/1430
f 1419/1458/1431 1418/1455/1431 1481/1516/1431 1482/1519/1431
f 1393/1459/1432 1392/1456/1432 1455/1517/1432 1456/1520/1432
f 1367/1460/1433 1366/1457/1433 1429/1518/1433 1430/1521/1433
f 1420/1461/1434 1419/1458/1434 1482/1519/1434 1483/1522/1434
f 1394/1462/1435 1393/1459/1435 1456/1520/1435 1457/1523/1435
f 1368/1463/1436 1367/1460/1436 1430/1521/1436 1431/1524/1436
f 1421/1464/1437 1420/1461/1437 1483/1522/1437 1484/1525/1437
f 1395/1465/1438 1394/1462/1438 1457/1523/1438 1458/1526/1438
f 1369/1466/1439 1368/1463/1439 1431/1524/1439 1432/1527/1439
f 1422/1467/1440 1421/1464/1440 1484/1525/1440 1485/1528/1440
f 1396/1468/1441 1395/1465/1441 1458/1526/1441 1459/1529/1441
f 1370/1469/1442 1369/1466/1442 1432/1527/1442 1433/1530/1442
f 1423/1470/1443 1422/1467/1443 1485/1528/1443 1486/1531/1443
f 1397/1471/1444 1396/1468/1444 1459/1529/1444 1460/1532/1444
f 1371/1472/1445 1370/1469/1445 1433/1530/1445 1434/1533/1445
f 1424/1473/1446 1423/1470/1446 1486/1531/1446 1487/1534/1446
f 1398/1474/1447 1397/1471/1447 1460/1532/1447 1461/1535/1447
f 1372/1475/1448 1371/1472/1448 1434/1533/1448 1435/1536/1448
f 1425/1476/1449 1424/1473/1449 1487/1534/1449 1488/1537/1449
f 1399/1477/1450 1398/1474/1450 1461/1535/1450 1462/1538/1450
f 1373/1478/1451 1372/1475/1451 1435/1536/1451 1436/1539/1451
f 1426/1479/1452 1425/1476/1452 1488/1537/1452 1489/1540/1452
f 1400/1480/1453 1399/1477/1453 1462/1538/1453 1463/1541/1453
f 1374/1481/1454 1373/1478/1454 1436/1539/1454 1437/1542/1454
f 1427/1482/1455 1426/1479/1455 1489/1540/1455 1490/1543/1455
f 1401/1483/1456 1400/1480/1456 1463/1541/1456 1464/1544/1456
f 1375/1484/1457 1374/1481/1457 1437/1542/1457 1438/1545/1457
f 2752/1546/1458 1427/1482/1458 1490/1543/1458
f 1402/1486/1459 1401/1483/1459 1464/1544/1459 1465/1547/1459
f 1376/1487/1460 1375/1484/1460 1438/1545/1460 1439/1548/1460
f 1403/1488/1461 1402/1486/1461 1465/1547/1461 1466/1549/1461
f 1377/1489/1462 1376/1487/1462 1439/1548/1462 1440/1550/1462
f 1404/1490/1463 1403/1488/1463 1466/1549/1463 1467/1551/1463
f 1378/1491/1464 1377/1489/1464 1440/1550/1464 1441/1552/1464
f 1405/1492/1465 1404/1490/1465 1467/1551/1465 1468/1553/1465
f 1379/1493/1466 1378/1491/1466 1441/1552/1466 1442/1554/1466
f 1406/1429/1467 1405/1492/1467 1468/1553/1467 1469/1555/1467
f 1380/1431/1468 1379/1493/1468 1442/1554/1468 1443/1556/1468
f 1407/1430/1469 1406/1429/1469 1469/1555/1469 1470/1557/1469
f 1381/1432/1470 1380/1431/1470 1443/1556/1470 1444/1558/1470
f 1408/1433/1471 1407/1430/1471 1470/1557/1471 1471/1494/1471
f 1382/1434/1472 1381/1432/1472 1444/1558/1472 1445/1496/1472
f 1474/1500/1473 1473/1498/1473 1536/1559/1473 1537/1560/1473
f 1448/1501/1474 1447/1499/1474 1510/1561/1474 1511/1562/1474
f 1475/1502/1475 1474/1500/1475 1537/1560/1475 1538/1563/1475
f 1449/1503/1476 1448/1501/1476 1511/1562/1476 1512/1564/1476
f 1476/1504/1477 1475/1502/1477 1538/1563/1477 1539/1565/1477
f 1450/1505/1478 1449/1503/1478 1512/1564/1478 1513/1566/1478
f 1477/1506/1479 1476/1504/1479 1539/1565/1479 1540/1567/1479
f 1451/1507/1480 1450/1505/1480 1513/1566/1480 1514/1568/1480
f 1478/1508/1481 1477/1506/1481 1540/1567/1481 1541/1569/1481
f 1452/1509/1482 1451/1507/1482 1514/1568/1482 1515/1570/1482
f 1479/1510/1483 1478/1508/1483 1541/1569/1483 1542/1571/1483
f 1453/1511/1484 1452/1509/1484 1515/1570/1484 1516/1572/1484
f 1480/1512/1485 1479/1510/1485 1542/1571/1485 1543/1573/1485
f 1454/1513/1486 1453/1511/1486 1516/1572/1486 1517/1574/1486
f 1428/1515/1487 2058/1575/1487 1491/1576/1487
f 1481/1516/1488 1480/1512/1488 1543/1573/1488 1544/1577/1488
f 1455/1517/1489 1454/1513/1489 1517/1574/1489 1518/1578/1489
f 1429/1518/1490 1428/1515/1490 1491/1576/1490 1492/1579/1490
f 1482/1519/1491 1481/1516/1491 1544/1577/1491 1545/1580/1491
f 1456/1520/1492 1455/1517/1492 1518/1578/1492 1519/1581/1492
f 1430/1521/1493 1429/1518/1493 1492/1579/1493 1493/1582/1493
f 1483/1522/1494 1482/1519/1494 1545/1580/1494 1546/1583/1494
f 1457/1523/1495 1456/1520/1495 1519/1581/1495 1520/1584/1495
f 1431/1524/1496 1430/1521/1496 1493/1582/1496 1494/1585/1496
f 1484/1525/1497 1483/1522/1497 1546/1583/1497 1547/1586/1497
f 1458/1526/1498 1457/1523/1498 1520/1584/1498 1521/1587/1498
f 1432/1527/1499 1431/1524/1499 1494/1585/1499 1495/1588/1499
f 1485/1528/1500 1484/1525/1500 1547/1586/1500 1548/1589/1500
f 1459/1529/1501 1458/1526/1501 1521/1587/1501 1522/1590/1501
f 1433/1530/1502 1432/1527/1502 1495/1588/1502 1496/1591/1502
f 1486/1531/1503 1485/1528/1503 1548/1589/1503 1549/1592/1503
f 1460/1532/1504 1459/1529/1504 1522/1590/1504 1523/1593/1504
f 1434/1533/1505 1433/1530/1505 1496/1591/1505 1497/1594/1505
f 1487/1534/1506 1486/1531/1506 1549/1592/1506 1550/1595/1506
f 1461/1535/1507 1460/1532/1507 1523/1593/1507 1524/1596/1507
f 1435/1536/1508 1434/1533/1508 1497/1594/1508 1498/1597/1508
f 1488/1537/1509 1487/1534/1509 1550/1595/1509 1551/1598/1509
f 1462/1538/1510 1461/1535/1510 1524/1596/1510 1525/1599/1510
f 1436/1539/1511 1435/1536/1511 1498/1597/1511 1499/1600/1511
f 1489/1540/1512 1488/1537/1512 1551/1598/1512 1552/1601/1512
f 1463/1541/1513 1462/1538/1513 1525/1599/1513 1526/1602/1513
f 1437/1542/1514 1436/1539/1514 1499/1600/1514 1500/1603/1514
f 1490/1543/1515 1489/1540/1515 1552/1601/1515 1553/1604/1515
f 1464/1544/1516 1463/1541/1516 1526/1602/1516 1527/1605/1516
f 1438/1545/1517 1437/1542/1517 1500/1603/1517 1501/1606/1517
f 2752/1607/1518 1490/1543/1518 1553/1604/1518
f 1465/1547/1519 1464/1544/1519 1527/1605/1519 1528/1608/1519
f 1439/1548/1520 1438/1545/1520 1501/1606/1520 1502/1609/1520
f 1466/1549/1521 1465/1547/1521 1528/1608/1521 1529/1610/1521
f 1440/1550/1522 1439/1548/1522 1502/1609/1522 1503/1611/1522
f 1467/1551/1523 1466/1549/1523 1529/1610/1523 1530/1612/1523
f 1441/1552/1524 1440/1550/1524 1503/1611/1524 1504/1613/1524
f 1468/1553/1525 1467/1551/1525 1530/1612/1525 1531/1614/1525
f 1442/1554/1526 1441/1552/1526 1504/1613/1526 1505/1615/1526
f 1469/1555/1527 1468/1553/1527 1531/1614/1527 1532/1616/1527
f 1443/1556/1528 1442/1554/1528 1505/1615/1528 1506/1617/1528
f 1470/1557/1529 1469/1555/1529 1532/1616/1529 1533/1618/1529
f 1444/1558/1530 1443/1556/1530 1506/1617/1530 1507/1619/1530
f 1471/1494/1531 1470/1557/1531 1533/1618/1531 1534/1620/1531
f 1445/1496/1532 1444/1558/1532 1507/1619/1532 1508/1621/1532
f 1472/1495/1533 1471/1494/1533 1534/1620/1533 1535/1622/1533
f 1446/1497/1534 1445/1496/1534 1508/1621/1534 1509/1623/1534
f 1473/1498/1535 1472/1495/1535 1535/1622/1535 1536/1559/1535
f 1447/1499/1536 1446/1497/1536 1509/1623/1536 1510/1561/1536
f 1539/1565/1537 1538/1563/1537 1601/1624/1537 1602/1625/1537
f 1513/1566/1538 1512/1564/1538 1575/1626/1538 1576/1627/1538
f 1540/1567/1539 1539/1565/1539 1602/1625/1539 1603/1628/1539
f 1514/1568/1540 1513/1566/1540 1576/1627/1540 1577/1629/1540
f 1541/1569/1541 1540/1567/1541 1603/1628/1541 1604/1630/1541
f 1515/1570/1542 1514/1568/1542 1577/1629/1542 1578/1631/1542
f 1542/1571/1543 1541/1569/1543 1604/1630/1543 1605/1632/1543
f 1516/1572/1544 1515/1570/1544 1578/1631/1544 1579/1633/1544
f 1543/1573/1545 1542/1571/1545 1605/1632/1545 1606/1634/1545
f 1517/1574/1546 1516/1572/1546 1579/1633/1546 1580/1635/1546
f 1491/1576/1547 2058/1636/1547 1554/1637/1547
f 1544/1577/1548 1543/1573/1548 1606/1634/1548 1607/1638/1548
f 1518/1578/1549 1517/1574/1549 1580/1635/1549 1581/1639/1549
f 1492/1579/1550 1491/1576/1550 1554/1637/1550 1555/1640/1550
f 1545/1580/1551 1544/1577/1551 1607/1638/1551 1608/1641/1551
f 1519/1581/1552 1518/1578/1552 1581/1639/1552 1582/1642/1552
f 1493/1582/1553 1492/1579/1553 1555/1640/1553 1556/1643/1553
f 1546/1583/1554 1545/1580/1554 1608/1641/1554 1609/1644/1554
f 1520/1584/1555 1519/1581/1555 1582/1642/1555 1583/1645/1555
f 1494/1585/1556 1493/1582/1556 1556/1643/1556 1557/1646/1556
f 1547/1586/1557 1546/1583/1557 1609/1644/1557 1610/1647/1557
f 1521/1587/1558 1520/1584/1558 1583/1645/1558 1584/1648/1558
f 1495/1588/1559 1494/1585/1559 1557/1646/1559 1558/1649/1559
f 1548/1589/1560 1547/1586/1560 1610/1647/1560 1611/1650/1560
f 1522/1590/1561 1521/1587/1561 1584/1648/1561 1585/1651/1561
f 1496/1591/1562 1495/1588/1562 1558/1649/1562 1559/1652/1562
f 1549/1592/1563 1548/1589/1563 1611/1650/1563 1612/1653/1563
f 1523/1593/1564 1522/1590/1564 1585/1651/1564 1586/1654/1564
f 1497/1594/1565 1496/1591/1565 1559/1652/1565 1560/1655/1565
f 1550/1595/1566 1549/1592/1566 1612/1653/1566 1613/1656/1566
f 1524/1596/1567 1523/1593/1567 1586/1654/1567 1587/1657/1567
f 1498/1597/1568 1497/1594/1568 1560/1655/1568 1561/1658/1568
f 1551/1598/1569 1550/1595/1569 1613/1656/1569 1614/1659/1569
f 1525/1599/1570 1524/1596/1570 1587/1657/1570 1588/1660/1570
f 1499/1600/1571 1498/1597/1571 1561/1658/1571 1562/1661/1571
f 1552/1601/1572 1551/1598/1572 1614/1659/1572 1615/1662/1572
f 1526/1602/1573 1525/1599/1573 1588/1660/1573 1589/1663/1573
f 1500/1603/1574 1499/1600/1574 1562/1661/1574 1563/1664/1574
f 1553/1604/1575 1552/1601/1575 1615/1662/1575 1616/1665/1575
f 1527/1605/1576 1526/1602/1576 1589/1663/1576 1590/1666/1576
f 1501/1606/1577 1500/1603/1577 1563/1664/1577 1564/1667/1577
f 2752/1668/1578 1553/1604/1578 1616/1665/1578
f 1528/1608/1579 1527/1605/1579 1590/1666/1579 1591/1669/1579
f 1502/1609/1580 1501/1606/1580 1564/1667/1580 1565/1670/1580
f 1529/1610/1581 1528/1608/1581 1591/1669/1581 1592/1671/1581
f 1503/1611/1582 1502/1609/1582 1565/1670/1582 1566/1672/1582
f 1530/1612/1583 1529/1610/1583 1592/1671/1583 1593/1673/1583
f 1504/1613/1584 1503/1611/1584 1566/1672/1584 1567/1674/1584
f 1531/1614/1585 1530/1612/1585 1593/1673/1585 1594/1675/1585
f 1505/1615/1586 1504/1613/1586 1567/1674/1586 1568/1676/1586
f 1532/1616/1587 1531/1614/1587 1594/1675/1587 1595/1677/1587
f 1506/1617/1588 1505/1615/1588 1568/1676/1588 1569/1678/1588
f 1533/1618/1589 1532/1616/1589 1595/1677/1589 1596/1679/1589
f 1507/1619/1590 1506/1617/1590 1569/1678/1590 1570/1680/1590
f 1534/1620/1591 1533/1618/1591 1596/1679/1591 1597/1681/1591
f 1508/1621/1592 1507/1619/1592 1570/1680/1592 1571/1682/1592
f 1535/1622/1593 1534/1620/1593 1597/1681/1593 1598/1683/1593
f 1509/1623/1594 1508/1621/1594 1571/1682/1594 1572/1684/1594
f 1536/1559/1595 1535/1622/1595 1598/1683/1595 1599/1685/1595
f 1510/1561/1596 1509/1623/1596 1572/1684/1596 1573/1686/1596
f 1537/1560/1597 1536/1559/1597 1599/1685/1597 1600/1687/1597
f 1511/1562/1598 1510/1561/1598 1573/1686/1598 1574/1688/1598
f 1538/1563/1599 1537/1560/1599 1600/1687/1599 1601/1624/1599
f 1512/1564/1600 1511/1562/1600 1574/1688/1600 1575/1626/1600
f 1604/1630/1601 1603/1628/1601 1666/1689/1601 1667/1690/1601
f 1578/1631/1602 1577/1629/1602 1640/1691/1602 1641/1692/1602
f 1605/1632/1603 1604/1630/1603 1667/1690/1603 1668/1693/1603
f 1579/1633/1604 1578/1631/1604 1641/1692/1604 1642/1694/1604
f 1606/1634/1605 1605/1632/1605 1668/1693/1605 1669/1695/1605
f 1580/1635/1606 1579/1633/1606 1642/1694/1606 1643/1696/1606
f 1554/1637/1607 2058/1697/1607 1617/1698/1607
f 1607/1638/1608 1606/1634/1608 1669/1695/1608 1670/1699/1608
f 1581/1639/1609 1580/1635/1609 1643/1696/1609 1644/1700/1609
f 1555/1640/1610 1554/1637/1610 1617/1698/1610 1618/1701/1610
f 1608/1641/1611 1607/1638/1611 1670/1699/1611 1671/1702/1611
f 1582/1642/1612 1581/1639/1612 1644/1700/1612 1645/1703/1612
f 1556/1643/1613 1555/1640/1613 1618/1701/1613 1619/1704/1613
f 1609/1644/1614 1608/1641/1614 1671/1702/1614 1672/1705/1614
f 1583/1645/1615 1582/1642/1615 1645/1703/1615 1646/1706/1615
f 1557/1646/1616 1556/1643/1616 1619/1704/1616 1620/1707/1616
f 1610/1647/1617 1609/1644/1617 1672/1705/1617 1673/1708/1617
f 1584/1648/1618 1583/1645/1618 1646/1706/1618 1647/1709/1618
f 1558/1649/1619 1557/1646/1619 1620/1707/1619 1621/1710/1619
f 1611/1650/1620 1610/1647/1620 1673/1708/1620 1674/1711/1620
f 1585/1651/1621 1584/1648/1621 1647/1709/1621 1648/1712/1621
f 1559/1652/1622 1558/1649/1622 1621/1710/1622 1622/1713/1622
f 1612/1653/1623 1611/1650/1623 1674/1711/1623 1675/1714/1623
f 1586/1654/1624 1585/1651/1624 1648/1712/1624 1649/1715/1624
f 1560/1655/1625 1559/1652/1625 1622/1713/1625 1623/1716/1625
f 1613/1656/1626 1612/1653/1626 1675/1714/1626 1676/1717/1626
f 1587/1657/1627 1586/1654/1627 1649/1715/1627 1650/1718/1627
f 1561/1658/1628 1560/1655/1628 1623/1716/1628 1624/1719/1628
f 1614/1659/1629 1613/1656/1629 1676/1717/1629 1677/1720/1629
f 1588/1660/1630 1587/1657/1630 1650/1718/1630 1651/1721/1630
f 1562/1661/1631 1561/1658/1631 1624/1719/1631 1625/1722/1631
f 1615/1662/1632 1614/1659/1632 1677/1720/1632 1678/1723/1632
f 1589/1663/1633 1588/1660/1633 1651/1721/1633 1652/1724/1633
f 1563/1664/1634 1562/1661/1634 1625/1722/1634 1626/1725/1634
f 1616/1665/1635 1615/1662/1635 1678/1723/1635 1679/1726/1635
f 1590/1666/1636 1589/1663/1636 1652/1724/1636 1653/1727/1636
f 1564/1667/1637 1563/1664/1637 1626/1725/1637 1627/1728/1637
f 2752/1729/1638 1616/1665/1638 1679/1726/1638
f 1591/1669/1639 1590/1666/1639 1653/1727/1639 1654/1730/1639
f 1565/1670/1640 1564/1667/1640 1627/1728/1640 1628/1731/1640
f 1592/1671/1641 1591/1669/1641 1654/1730/1641 1655/1732/1641
f 1566/1672/1642 1565/1670/1642 1628/1731/1642 1629/1733/1642
f 1593/1673/1643 1592/1671/1643 1655/1732/1643 1656/1734/1643
f 1567/1674/1644 1566/1672/1644 1629/1733/1644 1630/1735/1644
f 1594/1675/1645 1593/1673/1645 1656/1734/1645 1657/1736/1645
f 1568/1676/1646 1567/1674/1646 1630/1735/1646 1631/1737/1646
f 1595/1677/1647 1594/1675/1647 1657/1736/1647 1658/1738/1647
f 1569/1678/1648 1568/1676/1648 1631/1737/1648 1632/1739/1648
f 1596/1679/1649 1595/1677/1649 1658/1738/1649 1659/1740/1649
f 1570/1680/1650 1569/1678/1650 1632/1739/1650 1633/1741/1650
f 1597/1681/1651 1596/1679/1651 1659/1740/1651 1660/1742/1651
f 1571/1682/1652 1570/1680/1652 1633/1741/1652 1634/1743/1652
f 1598/1683/1653 1597/1681/1653 1660/1742/1653 1661/1744/1653
f 1572/1684/1654 1571/1682/1654 1634/1743/1654 1635/1745/1654
f 1599/1685/1655 1598/1683/1655 1661/1744/1655 1662/1746/1655
f 1573/1686/1656 1572/1684/1656 1635/1745/1656 1636/1747/1656
f 1600/1687/1657 1599/1685/1657 1662/1746/1657 1663/1748/1657
f 1574/1688/1658 1573/1686/1658 1636/1747/1658 1637/1749/1658
f 1601/1624/1659 1600/1687/1659 1663/1748/1659 1664/1750/1659
f 1575/1626/1660 1574/1688/1660 1637/1749/1660 1638/1751/1660
f 1602/1625/1661 1601/1624/1661 1664/1750/1661 1665/1752/1661
f 1576/1627/1662 1575/1626/1662 1638/1751/1662 1639/1753/1662
f 1603/1628/1663 1602/1625/1663 1665/1752/1663 1666/1689/1663
f 1577/1629/1664 1576/1627/1664 1639/1753/1664 1640/1691/1664
f 1660/1742/1665 1659/1740/1665 1722/1754/1665 1723/1755/1665
f 1634/1743/1666 1633/1741/1666 1696/1756/1666 1697/1757/1666
f 1661/1744/1667 1660/1742/1667 1723/1755/1667 1724/1758/1667
f 1635/1745/1668 1634/1743/1668 1697/1757/1668 1698/1759/1668
f 1662/1746/1669 1661/1744/1669 1724/1758/1669 1725/1760/1669
f 1636/1747/1670 1635/1745/1670 1698/1759/1670 1699/1761/1670
f 1663/1748/1671 1662/1746/1671 1725/1760/1671 1726/1762/1671
f 1637/1749/1672 1636/1747/1672 1699/1761/1672 1700/1763/1672
f 1664/1750/1673 1663/1748/1673 1726/1762/1673 1727/1764/1673
f 1638/1751/1674 1637/1749/1674 1700/1763/1674 1701/1765/1674
f 1665/1752/1675 1664/1750/1675 1727/1764/1675 1728/1766/1675
f 1639/1753/1676 1638/1751/1676 1701/1765/1676 1702/1767/1676
f 1666/1689/1677 1665/1752/1677 1728/1766/1677 1729/1768/1677
f 1640/1691/1678 1639/1753/1678 1702/1767/1678 1703/1769/1678
f 1667/1690/1679 1666/1689/1679 1729/1768/1679 1730/1770/1679
f 1641/1692/1680 1640/1691/1680 1703/1769/1680 1704/1771/1680
f 1668/1693/1681 1667/1690/1681 1730/1770/1681 1731/1772/1681
f 1642/1694/1682 1641/1692/1682 1704/1771/1682 1705/1773/1682
f 1669/1695/1683 1668/1693/1683 1731/1772/1683 1732/1774/1683
f 1643/1696/1684 1642/1694/1684 1705/1773/1684 1706/1775/1684
f 1617/1698/1685 2058/1776/1685 1680/1777/1685
f 1670/1699/1686 1669/1695/1686 1732/1774/1686 1733/1778/1686
f 1644/1700/1687 1643/1696/1687 1706/1775/1687 1707/1779/1687
f 1618/1701/1688 1617/1698/1688 1680/1777/1688 1681/1780/1688
f 1671/1702/1689 1670/1699/1689 1733/1778/1689 1734/1781/1689
f 1645/1703/1690 1644/1700/1690 1707/1779/1690 1708/1782/1690
f 1619/1704/1691 1618/1701/1691 1681/1780/1691 1682/1783/1691
f 1672/1705/1692 1671/1702/1692 1734/1781/1692 1735/1784/1692
f 1646/1706/1693 1645/1703/1693 1708/1782/1693 1709/1785/1693
f 1620/1707/1694 1619/1704/1694 1682/1783/1694 1683/1786/1694
f 1673/1708/1695 1672/1705/1695 1735/1784/1695 1736/1787/1695
f 1647/1709/1696 1646/1706/1696 1709/1785/1696 1710/1788/1696
f 1621/1710/1697 1620/1707/1697 1683/1786/1697 1684/1789/1697
f 1674/1711/1698 1673/1708/1698 1736/1787/1698 1737/1790/1698
f 1648/1712/1699 1647/1709/1699 1710/1788/1699 1711/1791/1699
f 1622/1713/1700 1621/1710/1700 1684/1789/1700 1685/1792/1700
f 1675/1714/1701 1674/1711/1701 1737/1790/1701 1738/1793/1701
f 1649/1715/1702 1648/1712/1702 1711/1791/1702 1712/1794/1702
f 1623/1716/1703 1622/1713/1703 1685/1792/1703 1686/1795/1703
f 1676/1717/1704 1675/1714/1704 1738/1793/1704 1739/1796/1704
f 1650/1718/1705 1649/1715/1705 1712/1794/1705 1713/1797/1705
f 1624/1719/1706 1623/1716/1706 1686/1795/1706 1687/1798/1706
f 1677/1720/1707 1676/1717/1707 1739/1796/1707 1740/1799/1707
f 1651/1721/1708 1650/1718/1708 1713/1797/1708 1714/1800/1708
f 1625/1722/1709 1624/1719/1709 1687/1798/1709 1688/1801/1709
f 1678/1723/1710 1677/1720/1710 1740/1799/1710 1741/1802/1710
f 1652/1724/1711 1651/1721/1711 1714/1800/1711 1715/1803/1711
f 1626/1725/1712 1625/1722/1712 1688/1801/1712 1689/1804/1712
f 1679/1726/1713 1678/1723/1713 1741/1802/1713 1742/1805/1713
f 1653/1727/1714 1652/1724/1714 1715/1803/1714 1716/1806/1714
f 1627/1728/1715 1626/1725/1715 1689/1804/1715 1690/1807/1715
f 2752/1808/1716 1679/1726/1716 1742/1805/1716
f 1654/1730/1717 1653/1727/1717 1716/1806/1717 1717/1809/1717
f 1628/1731/1718 1627/1728/1718 1690/1807/1718 1691/1810/1718
f 1655/1732/1719 1654/1730/1719 1717/1809/1719 1718/1811/1719
f 1629/1733/1720 1628/1731/1720 1691/1810/1720 1692/1812/1720
f 1656/1734/1721 1655/1732/1721 1718/1811/1721 1719/1813/1721
f 1630/1735/1722 1629/1733/1722 1692/1812/1722 1693/1814/1722
f 1657/1736/1723 1656/1734/1723 1719/1813/1723 1720/1815/1723
f 1631/1737/1724 1630/1735/1724 1693/1814/1724 1694/1816/1724
f 1658/1738/1725 1657/1736/1725 1720/1815/1725 1721/1817/1725
f 1632/1739/1726 1631/1737/1726 1694/1816/1726 1695/1818/1726
f 1659/1740/1727 1658/1738/1727 1721/1817/1727 1722/1754/1727
f 1633/1741/1728 1632/1739/1728 1695/1818/1728 1696/1756/1728
f 1725/1760/1729 1724/1758/1729 1787/1819/1729 1788/1820/1729
f 1699/1761/1730 1698/1759/1730 1761/1821/1730 1762/1822/1730
f 1726/1762/1731 1725/1760/1731 1788/1820/1731 1789/1823/1731
f 1700/1763/1732 1699/1761/1732 1762/1822/1732 1763/1824/1732
f 1727/1764/1733 1726/1762/1733 1789/1823/1733 1790/1825/1733
f 1701/1765/1734 1700/1763/1734 1763/1824/1734 1764/1826/1734
f 1728/1766/1735 1727/1764/1735 1790/1825/1735 1791/1827/1735
f 1702/1767/1736 1701/1765/1736 1764/1826/1736 1765/1828/1736
f 1729/1768/1737 1728/1766/1737 1791/1827/1737 1792/1829/1737
f 1703/1769/1738 1702/1767/1738 1765/1828/1738 1766/1830/1738
f 1730/1770/1739 1729/1768/1739 1792/1829/1739 1793/1831/1739
f 1704/1771/1740 1703/1769/1740 1766/1830/1740 1767/1832/1740
f 1731/1772/1741 1730/1770/1741 1793/1831/1741 1794/1833/1741
f 1705/1773/1742 1704/1771/1742 1767/1832/1742 1768/1834/1742
f 1732/1774/1743 1731/1772/1743 1794/1833/1743 1795/1835/1743
f 1706/1775/1744 1705/1773/1744 1768/1834/1744 1769/1836/1744
f 1680/1777/1745 2058/1837/1745 1743/1838/1745
f 1733/1778/1746 1732/1774/1746 1795/1835/1746 1796/1839/1746
f 1707/1779/1747 1706/1775/1747 1769/1836/1747 1770/1840/1747
f 1681/1780/1748 1680/1777/1748 1743/1838/1748 1744/1841/1748
f 1734/1781/1749 1733/1778/1749 1796/1839/1749 1797/1842/1749
f 1708/1782/1750 1707/1779/1750 1770/1840/1750 1771/1843/1750
f 1682/1783/1751 1681/1780/1751 1744/1841/1751 1745/1844/1751
f 1735/1784/1752 1734/1781/1752 1797/1842/1752 1798/1845/1752
f 1709/1785/1753 1708/1782/1753 1771/1843/1753 1772/1846/1753
f 1683/1786/1754 1682/1783/1754 1745/1844/1754 1746/1847/1754
f 1736/1787/1755 1735/1784/1755 1798/1845/1755 1799/1848/1755
f 1710/1788/1756 1709/1785/1756 1772/1846/1756 1773/1849/1756
f 1684/1789/1757 1683/1786/1757 1746/1847/1757 1747/1850/1757
f 1737/1790/1758 1736/1787/1758 1799/1848/1758 1800/1851/1758
f 1711/1791/1759 1710/1788/1759 1773/1849/1759 1774/1852/1759
f 1685/1792/1760 1684/1789/1760 1747/1850/1760 1748/1853/1760
f 1738/1793/1761 1737/1790/1761 1800/1851/1761 1801/1854/1761
f 1712/1794/1762 1711/1791/1762 1774/1852/1762 1775/1855/1762
f 1686/1795/1763 1685/1792/1763 1748/1853/1763 1749/1856/1763
f 1739/1796/1764 1738/1793/1764 1801/1854/1764 1802/1857/1764
f 1713/1797/1765 1712/1794/1765 1775/1855/1765 1776/1858/1765
f 1687/1798/1766 1686/1795/1766 1749/1856/1766 1750/1859/1766
f 1740/1799/1767 1739/1796/1767 1802/1857/1767 1803/1860/1767
f 1714/1800/1768 1713/1797/1768 1776/1858/1768 1777/1861/1768
f 1688/1801/1769 1687/1798/1769 1750/1859/1769 1751/1862/1769
f 1741/1802/1770 1740/1799/1770 1803/1860/1770 1804/1863/1770
f 1715/1803/1771 1714/1800/1771 1777/1861/1771 1778/1864/1771
f 1689/1804/1772 1688/1801/1772 1751/1862/1772 1752/1865/1772
f 1742/1805/1773 1741/1802/1773 1804/1863/1773 1805/1866/1773
f 1716/1806/1774 1715/1803/1774 1778/1864/1774 1779/1867/1774
f 1690/1807/1775 1689/1804/1775 1752/1865/1775 1753/1868/1775
f 2752/1869/1776 1742/1805/1776 1805/1866/1776
f 1717/1809/1777 1716/1806/1777 1779/1867/1777 1780/1870/1777
f 1691/1810/1778 1690/1807/1778 1753/1868/1778 1754/1871/1778
f 1718/1811/1779 1717/1809/1779 1780/1870/1779 1781/1872/1779
f 1692/1812/1780 1691/1810/1780 1754/1871/1780 1755/1873/1780
f 1719/1813/1781 1718/1811/1781 1781/1872/1781 1782/1874/1781
f 1693/1814/1782 1692/1812/1782 1755/1873/1782 1756/1875/1782
f 1720/1815/1783 1719/1813/1783 1782/1874/1783 1783/1876/1783
f 1694/1816/1784 1693/1814/1784 1756/1875/1784 1757/1877/1784
f 1721/1817/1785 1720/1815/1785 1783/1876/1785 1784/1878/1785
f 1695/1818/1786 1694/1816/1786 1757/1877/1786 1758/1879/1786
f 1722/1754/1787 1721/1817/1787 1784/1878/1787 1785/1880/1787
f 1696/1756/1788 1695/1818/1788 1758/1879/1788 1759/1881/1788
f 1723/1755/1789 1722/1754/1789 1785/1880/1789 1786/1882/1789
f 1697/1757/1790 1696/1756/1790 1759/1881/1790 1760/1883/1790
f 1724/1758/1791 1723/1755/1791 1786/1882/1791 1787/1819/1791
f 1698/1759/1792 1697/1757/1792 1760/1883/1792 1761/1821/1792
f 1790/1825/1793 1789/1823/1793 1852/1884/1793 1853/1885/1793
f 1764/1826/1794 1763/1824/1794 1826/1886/1794 1827/1887/1794
f 1791/1827/1795 1790/1825/1795 1853/1885/1795 1854/1888/1795
f 1765/1828/1796 1764/1826/1796 1827/1887/1796 1828/1889/1796
f 1792/1829/1797 1791/1827/1797 1854/1888/1797 1855/1890/1797
f 1766/1830/1798 1765/1828/1798 1828/1889/1798 1829/1891/1798
f 1793/1831/1799 1792/1829/1799 1855/1890/1799 1856/1892/1799
f 1767/1832/1800 1766/1830/1800 1829/1891/1800 1830/1893/1800
f 1794/1833/1801 1793/1831/1801 1856/1892/1801 1857/1894/1801
f 1768/1834/1802 1767/1832/1802 1830/1893/1802 1831/1895/1802
f 1795/1835/1803 1794/1833/1803 1857/1894/1803 1858/1896/1803
f 1769/1836/1804 1768/1834/1804 1831/1895/1804 1832/1897/1804
f 1743/1838/1805 2058/1898/1805 1806/1899/1805
f 1796/1839/1806 1795/1835/1806 1858/1896/1806 1859/1900/1806
f 1770/1840/1807 1769/1836/1807 1832/1897/1807 1833/1901/1807
f 1744/1841/1808 1743/1838/1808 1806/1899/1808 1807/1902/1808
f 1797/1842/1809 1796/1839/1809 1859/1900/1809 1860/1903/1809
f 1771/1843/1810 1770/1840/1810 1833/1901/1810 1834/1904/1810
f 1745/1844/1811 1744/1841/1811 1807/1902/1811 1808/1905/1811
f 1798/1845/1812 1797/1842/1812 1860/1903/1812 1861/1906/1812
f 1772/1846/1813 1771/1843/1813 1834/1904/1813 1835/1907/1813
f 1746/1847/1814 1745/1844/1814 1808/1905/1814 1809/1908/1814
f 1799/1848/1815 1798/1845/1815 1861/1906/1815 1862/1909/1815
f 1773/1849/1816 1772/1846/1816 1835/1907/1816 1836/1910/1816
f 1747/1850/1817 1746/1847/1817 1809/1908/1817 1810/1911/1817
f 1800/1851/1818 1799/1848/1818 1862/1909/1818 1863/1912/1818
f 1774/1852/1819 1773/1849/1819 1836/1910/1819 1837/1913/1819
f 1748/1853/1820 1747/1850/1820 1810/1911/1820 1811/1914/1820
f 1801/1854/1821 1800/1851/1821 1863/1912/1821 1864/1915/1821
f 1775/1855/1822 1774/1852/1822 1837/1913/1822 1838/1916/1822
f 1749/1856/1823 1748/1853/1823 1811/1914/1823 1812/1917/1823
f 1802/1857/1824 1801/1854/1824 1864/1915/1824 1865/1918/1824
f 1776/1858/1825 1775/1855/1825 1838/1916/1825 1839/1919/1825
f 1750/1859/1826 1749/1856/1826 1812/1917/1826 1813/1920/1826
f 1803/1860/1827 1802/1857/1827 1865/1918/1827 1866/1921/1827
f 1777/1861/1828 1776/1858/1828 1839/1919/1828 1840/1922/1828
f 1751/1862/1829 1750/1859/1829 1813/1920/1829 1814/1923/1829
f 1804/1863/1830 1803/1860/1830 1866/1921/1830 1867/1924/1830
f 1778/1864/1831 1777/1861/1831 1840/1922/1831 1841/1925/1831
f 1752/1865/1832 1751/1862/1832 1814/1923/1832 1815/1926/1832
f 1805/1866/1833 1804/1863/1833 1867/1924/1833 1868/1927/1833
f 1779/1867/1834 1778/1864/1834 1841/1925/1834 1842/1928/1834
f 1753/1868/1835 1752/1865/1835 1815/1926/1835 1816/1929/1835
f 2752/1930/1836 1805/1866/1836 1868/1927/1836
f 1780/1870/1837 1779/1867/1837 1842/1928/1837 1843/1931/1837
f 1754/1871/1838 1753/1868/1838 1816/1929/1838 1817/1932/1838
f 1781/1872/1839 1780/1870/1839 1843/1931/1839 1844/1933/1839
f 1755/1873/1840 1754/1871/1840 1817/1932/1840 1818/1934/1840
f 1782/1874/1841 1781/1872/1841 1844/1933/1841 1845/1935/1841
f 1756/1875/1842 1755/1873/1842 1818/1934/1842 1819/1936/1842
f 1783/1876/1843 1782/1874/1843 1845/1935/1843 1846/1937/1843
f 1757/1877/1844 1756/1875/1844 1819/1936/1844 1820/1938/1844
f 1784/1878/1845 1783/1876/1845 1846/1937/1845 1847/1939/1845
f 1758/1879/1846 1757/1877/1846 1820/1938/1846 1821/1940/1846
f 1785/1880/1847 1784/1878/1847 1847/1939/1847 1848/1941/1847
f 1759/1881/1848 1758/1879/1848 1821/1940/1848 1822/1942/1848
f 1786/1882/1849 1785/1880/1849 1848/1941/1849 1849/1943/1849
f 1760/1883/1850 1759/1881/1850 1822/1942/1850 1823/1944/1850
f 1787/1819/1851 1786/1882/1851 1849/1943/1851 1850/1945/1851
f 1761/1821/1852 1760/1883/1852 1823/1944/1852 1824/1946/1852
f 1788/1820/1853 1787/1819/1853 1850/1945/1853 1851/1947/1853
f 1762/1822/1854 1761/1821/1854 1824/1946/1854 1825/1948/1854
f 1789/1823/1855 1788/1820/1855 1851/1947/1855 1852/1884/1855
f 1763/1824/1856 1762/1822/1856 1825/1948/1856 1826/1886/1856
f 1855/1890/1857 1854/1888/1857 1917/1949/1857 1918/1950/1857
f 1829/1891/1858 1828/1889/1858 1891/1951/1858 1892/1952/1858
f 1856/1892/1859 1855/1890/1859 1918/1950/1859 1919/1953/1859
f 1830/1893/1860 1829/1891/1860 1892/1952/1860 1893/1954/1860
f 1857/1894/1861 1856/1892/1861 1919/1953/1861 1920/1955/1861
f 1831/1895/1862 1830/1893/1862 1893/1954/1862 1894/1956/1862
f 1858/1896/1863 1857/1894/1863 1920/1955/1863 1921/1957/1863
f 1832/1897/1864 1831/1895/1864 1894/1956/1864 1895/1958/1864
f 1806/1899/1865 2058/1959/1865 1869/1960/1865
f 1859/1900/1866 1858/1896/1866 1921/1957/1866 1922/1961/1866
f 1833/1901/1867 1832/1897/1867 1895/1958/1867 1896/1962/1867
f 1807/1902/1868 1806/1899/1868 1869/1960/1868 1870/1963/1868
f 1860/1903/1869 1859/1900/1869 1922/1961/1869 1923/1964/1869
f 1834/1904/1870 1833/1901/1870 1896/1962/1870 1897/1965/1870
f 1808/1905/1871 1807/1902/1871 1870/1963/1871 1871/1966/1871
f 1861/1906/1872 1860/1903/1872 1923/1964/1872 1924/1967/1872
f 1835/1907/1873 1834/1904/1873 1897/1965/1873 1898/1968/1873
f 1809/1908/1874 1808/1905/1874 1871/1966/1874 1872/1969/1874
f 1862/1909/1875 1861/1906/1875 1924/1967/1875 1925/1970/1875
f 1836/1910/1876 1835/1907/1876 1898/1968/1876 1899/1971/1876
f 1810/1911/1877 1809/1908/1877 1872/1969/1877 1873/1972/1877
f 1863/1912/1878 1862/1909/1878 1925/1970/1878 1926/1973/1878
f 1837/1913/1879 1836/1910/1879 1899/1971/1879 1900/1974/1879
f 1811/1914/1880 1810/1911/1880 1873/1972/1880 1874/1975/1880
f 1864/1915/1881 1863/1912/1881 1926/1973/1881 1927/1976/1881
f 1838/1916/1882 1837/1913/1882 1900/1974/1882 1901/1977/1882
f 1812/1917/1883 1811/1914/1883 1874/1975/1883 1875/1978/1883
f 1865/1918/1884 1864/1915/1884 1927/1976/1884 1928/1979/1884
f 1839/1919/1885 1838/1916/1885 1901/1977/1885 1902/1980/1885
f 1813/1920/1886 1812/1917/1886 1875/1978/1886 1876/1981/1886
f 1866/1921/1887 1865/1918/1887 1928/1979/1887 1929/1982/1887
f 1840/1922/1888 1839/1919/1888 1902/1980/1888 1903/1983/1888
f 1814/1923/1889 1813/1920/1889 1876/1981/1889 1877/1984/1889
f 1867/1924/1890 1866/1921/1890 1929/1982/1890 1930/1985/1890
f 1841/1925/1891 1840/1922/1891 1903/1983/1891 1904/1986/1891
f 1815/1926/1892 1814/1923/1892 1877/1984/1892 1878/1987/1892
f 1868/1927/1893 1867/1924/1893 1930/1985/1893 1931/1988/1893
f 1842/1928/1894 1841/1925/1894 1904/1986/1894 1905/1989/1894
f 1816/1929/1895 1815/1926/1895 1878/1987/1895 1879/1990/1895
f 2752/1991/1896 1868/1927/1896 1931/1988/1896
f 1843/1931/1897 1842/1928/1897 1905/1989/1897 1906/1992/1897
f 1817/1932/1898 1816/1929/1898 1879/1990/1898 1880/1993/1898
f 1844/1933/1899 1843/1931/1899 1906/1992/1899 1907/1994/1899
f 1818/1934/1900 1817/1932/1900 1880/1993/1900 1881/1995/1900
f 1845/1935/1901 1844/1933/1901 1907/1994/1901 1908/1996/1901
f 1819/1936/1902 1818/1934/1902 1881/1995/1902 1882/1997/1902
f 1846/1937/1903 1845/1935/1903 1908/1996/1903 1909/1998/1903
f 1820/1938/1904 1819/1936/1904 1882/1997/1904 1883/1999/1904
f 1847/1939/1905 1846/1937/1905 1909/1998/1905 1910/2000/1905
f 1821/1940/1906 1820/1938/1906 1883/1999/1906 1884/2001/1906
f 1848/1941/1907 1847/1939/1907 1910/2000/1907 1911/2002/1907
f 1822/1942/1908 1821/1940/1908 1884/2001/1908 1885/2003/1908
f 1849/1943/1909 1848/1941/1909 1911/2002/1909 1912/2004/1909
f 1823/1944/1910 1822/1942/1910 1885/2003/1910 1886/2005/1910
f 1850/1945/1911 1849/1943/1911 1912/2004/1911 1913/2006/1911
f 1824/1946/1912 1823/1944/1912 1886/2005/1912 1887/2007/1912
f 1851/1947/1913 1850/1945/1913 1913/2006/1913 1914/2008/1913
f 1825/1948/1914 1824/1946/1914 1887/2007/1914 1888/2009/1914
f 1852/1884/1915 1851/1947/1915 1914/2008/1915 1915/2010/1915
f 1826/1886/1916 1825/1948/1916 1888/2009/1916 1889/2011/1916
f 1853/1885/1917 1852/1884/1917 1915/2010/1917 1916/2012/1917
f 1827/1887/1918 1826/1886/1918 1889/2011/1918 1890/2013/1918
f 1854/1888/1919 1853/1885/1919 1916/2012/1919 1917/1949/1919
f 1828/1889/1920 1827/1887/1920 1890/2013/1920 1891/1951/1920
f 1920/1955/1921 1919/1953/1921 1982/2014/1921 1983/2015/1921
f 1894/1956/1922 1893/1954/1922 1956/2016/1922 1957/2017/1922
f 1921/1957/1923 1920/1955/1923 1983/2015/1923 1984/2018/1923
f 1895/1958/1924 1894/1956/1924 1957/2017/1924 1958/2019/1924
f 1869/1960/1925 2058/2020/1925 1932/2021/1925
f 1922/1961/1926 1921/1957/1926 1984/2018/1926 1985/2022/1926
f 1896/1962/1927 1895/1958/1927 1958/2019/1927 1959/2023/1927
f 1870/1963/1928 1869/1960/1928 1932/2021/1928 1933/2024/1928
f 1923/1964/1929 1922/1961/1929 1985/2022/1929 1986/2025/1929
f 1897/1965/1930 1896/1962/1930 1959/2023/1930 1960/2026/1930
f 1871/1966/1931 1870/1963/1931 1933/2024/1931 1934/2027/1931
f 1924/1967/1932 1923/1964/1932 1986/2025/1932 1987/2028/1932
f 1898/1968/1933 1897/1965/1933 1960/2026/1933 1961/2029/1933
f 1872/1969/1934 1871/1966/1934 1934/2027/1934 1935/2030/1934
f 1925/1970/1935 1924/1967/1935 1987/2028/1935 1988/2031/1935
f 1899/1971/1936 1898/1968/1936 1961/2029/1936 1962/2032/1936
f 1873/1972/1937 1872/1969/1937 1935/2030/1937 1936/2033/1937
f 1926/1973/1938 1925/1970/1938 1988/2031/1938 1989/2034/1938
f 1900/1974/1939 1899/1971/1939 1962/2032/1939 1963/2035/1939
f 1874/1975/1940 1873/1972/1940 1936/2033/1940 1937/2036/1940
f 1927/1976/1941 1926/1973/1941 1989/2034/1941 1990/2037/1941
f 1901/1977/1942 1900/1974/1942 1963/2035/1942 1964/2038/1942
f 1875/1978/1943 1874/1975/1943 1937/2036/1943 1938/2039/1943
f 1928/1979/1944 1927/1976/1944 1990/2037/1944 1991/2040/1944
f 1902/1980/1945 1901/1977/1945 1964/2038/1945 1965/2041/1945
f 1876/1981/1946 1875/1978/1946 1938/2039/1946 1939/2042/1946
f 1929/1982/1947 1928/1979/1947 1991/2040/1947 1992/2043/1947
f 1903/1983/1948 1902/1980/1948 1965/2041/1948 1966/2044/1948
f 1877/1984/1949 1876/1981/1949 1939/2042/1949 1940/2045/1949
f 1930/1985/1950 1929/1982/1950 1992/2043/1950 1993/2046/1950
f 1904/1986/1951 1903/1983/1951 1966/2044/1951 1967/2047/1951
f 1878/1987/1952 1877/1984/1952 1940/2045/1952 1941/2048/1952
f 1931/1988/1953 1930/1985/1953 1993/2046/1953 1994/2049/1953
f 1905/1989/1954 1904/1986/1954 1967/2047/1954 1968/2050/1954
f 1879/1990/1955 1878/1987/1955 1941/2048/1955 1942/2051/1955
f 2752/2052/1956 1931/1988/1956 1994/2049/1956
f 1906/1992/1957 1905/1989/1957 1968/2050/1957 1969/2053/1957
f 1880/1993/1958 1879/1990/1958 1942/2051/1958 1943/2054/1958
f 1907/1994/1959 1906/1992/1959 1969/2053/1959 1970/2055/1959
f 1881/1995/1960 1880/1993/1960 1943/2054/1960 1944/2056/1960
f 1908/1996/1961 1907/1994/1961 1970/2055/1961 1971/2057/1961
f 1882/1997/1962 1881/1995/1962 1944/2056/1962 1945/2058/1962
f 1909/1998/1963 1908/1996/1963 1971/2057/1963 1972/2059/1963
f 1883/1999/1964 1882/1997/1964 1945/2058/1964 1946/2060/1964
f 1910/2000/1965 1909/1998/1965 1972/2059/1965 1973/2061/1965
f 1884/2001/1966 1883/1999/1966 1946/2060/1966 1947/2062/1966
f 1911/2002/1967 1910/2000/1967 1973/2061/1967 1974/2063/1967
f 1885/2003/1968 1884/2001/1968 1947/2062/1968 1948/2064/1968
f 1912/2004/1969 1911/2002/1969 1974/2063/1969 1975/2065/1969
f 1886/2005/1970 1885/2003/1970 1948/2064/1970 1949/2066/1970
f 1913/2006/1971 1912/2004/1971 1975/2065/1971 1976/2067/1971
f 1887/2007/1972 1886/2005/1972 1949/2066/1972 1950/2068/1972
f 1914/2008/1973 1913/2006/1973 1976/2067/1973 1977/2069/1973
f 1888/2009/1974 1887/2007/1974 1950/2068/1974 1951/2070/1974
f 1915/2010/1975 1914/2008/1975 1977/2069/1975 1978/2071/1975
f 1889/2011/1976 1888/2009/1976 1951/2070/1976 1952/2072/1976
f 1916/2012/1977 1915/2010/1977 1978/2071/1977 1979/2073/1977
f 1890/2013/1978 1889/2011/1978 1952/2072/1978 1953/2074/1978
f 1917/1949/1979 1916/2012/1979 1979/2073/1979 1980/2075/1979
f 1891/1951/1980 1890/2013/1980 1953/2074/1980 1954/2076/1980
f 1918/1950/1981 1917/1949/1981 1980/2075/1981 1981/2077/1981
f 1892/1952/1982 1891/1951/1982 1954/2076/1982 1955/2078/1982
f 1919/1953/1983 1918/1950/1983 1981/2077/1983 1982/2014/1983
f 1893/1954/1984 1892/1952/1984 1955/2078/1984 1956/2016/1984
f 1985/2022/1985 1984/2018/1985 2047/2079/1985 2048/2080/1985
f 1959/2023/1986 1958/2019/1986 2021/2081/1986 2022/2082/1986
f 1933/2024/1987 1932/2021/1987 1995/2083/1987 1996/2084/1987
f 1986/2025/1988 1985/2022/1988 2048/2080/1988 2049/2085/1988
f 1960/2026/1989 1959/2023/1989 2022/2082/1989 2023/2086/1989
f 1934/2027/1990 1933/2024/1990 1996/2084/1990 1997/2087/1990
f 1987/2028/1991 1986/2025/1991 2049/2085/1991 2050/2088/1991
f 1961/2029/1992 1960/2026/1992 2023/2086/1992 2024/2089/1992
f 1935/2030/1993 1934/2027/1993 1997/2087/1993 1998/2090/1993
f 1988/2031/1994 1987/2028/1994 2050/2088/1994 2051/2091/1994
f 1962/2032/1995 1961/2029/1995 2024/2089/1995 2025/2092/1995
f 1936/2033/1996 1935/2030/1996 1998/2090/1996 1999/2093/1996
f 1989/2034/1997 1988/2031/1997 2051/2091/1997 2052/2094/1997
f 1963/2035/1998 1962/2032/1998 2025/2092/1998 2026/2095/1998
f 1937/2036/1999 1936/2033/1999 1999/2093/1999 2000/2096/1999
f 1990/2037/2000 1989/2034/2000 2052/2094/2000 2053/2097/2000
f 1964/2038/2001 1963/2035/2001 2026/2095/2001 2027/2098/2001
f 1938/2039/2002 1937/2036/2002 2000/2096/2002 2001/2099/2002
f 1991/2040/2003 1990/2037/2003 2053/2097/2003 2054/2100/2003
f 1965/2041/2004 1964/2038/2004 2027/2098/2004 2028/2101/2004
f 1939/2042/2005 1938/2039/2005 2001/2099/2005 2002/2102/2005
f 1992/2043/2006 1991/2040/2006 2054/2100/2006 2055/2103/2006
f 1966/2044/2007 1965/2041/2007 2028/2101/2007 2029/2104/2007
f 1940/2045/2008 1939/2042/2008 2002/2102/2008 2003/2105/2008
f 1993/2046/2009 1992/2043/2009 2055/2103/2009 2056/2106/2009
f 1967/2047/2010 1966/2044/2010 2029/2104/2010 2030/2107/2010
f 1941/2048/2011 1940/2045/2011 2003/2105/2011 2004/2108/2011
f 1994/2049/2012 1993/2046/2012 2056/2106/2012 2057/2109/2012
f 1968/2050/2013 1967/2047/2013 2030/2107/2013 2031/2110/2013
f 1942/2051/2014 1941/2048/2014 2004/2108/2014 2005/2111/2014
f 2752/2112/2015 1994/2049/2015 2057/2109/2015
f 1969/2053/2016 1968/2050/2016 2031/2110/2016 2032/2113/2016
f 1943/2054/2017 1942/2051/2017 2005/2111/2017 2006/2114/2017
f 1970/2055/2018 1969/2053/2018 2032/2113/2018 2033/2115/2018
f 1944/2056/2019 1943/2054/2019 2006/2114/2019 2007/2116/2019
f 1971/2057/2020 1970/2055/2020 2033/2115/2020 2034/2117/2020
f 1945/2058/2021 1944/2056/2021 2007/2116/2021 2008/2118/2021
f 1972/2059/2022 1971/2057/2022 2034/2117/2022 2035/2119/2022
f 1946/2060/2023 1945/2058/2023 2008/2118/2023 2009/2120/2023
f 1973/2061/2024 1972/2059/2024 2035/2119/2024 2036/2121/2024
f 1947/2062/2025 1946/2060/2025 2009/2120/2025 2010/2122/2025
f 1974/2063/2026 1973/2061/2026 2036/2121/2026 2037/2123/2026
f 1948/2064/2027 1947/2062/2027 2010/2122/2027 2011/2124/2027
f 1975/2065/2028 1974/2063/2028 2037/2123/2028 2038/2125/2028
f 1949/2066/2029 1948/2064/2029 2011/2124/2029 2012/2126/2029
f 1976/2067/2030 1975/2065/2030 2038/2125/2030 2039/2127/2030
f 1950/2068/2031 1949/2066/2031 2012/2126/2031 2013/2128/2031
f 1977/2069/2032 1976/2067/2032 2039/2127/2032 2040/2129/2032
f 1951/2070/2033 1950/2068/2033 2013/2128/2033 2014/2130/2033
f 1978/2071/2034 1977/2069/2034 2040/2129/2034 2041/2131/2034
f 1952/2072/2035 1951/2070/2035 2014/2130/2035 2015/2132/2035
f 1979/2073/2036 1978/2071/2036 2041/2131/2036 2042/2133/2036
f 1953/2074/2037 1952/2072/2037 2015/2132/2037 2016/2134/2037
f 1980/2075/2038 1979/2073/2038 2042/2133/2038 2043/2135/2038
f 1954/2076/2039 1953/2074/2039 2016/2134/2039 2017/2136/2039
f 1981/2077/2040 1980/2075/2040 2043/2135/2040 2044/2137/2040
f 1955/2078/2041 1954/2076/2041 2017/2136/2041 2018/2138/2041
f 1982/2014/2042 1981/2077/2042 2044/2137/2042 2045/2139/2042
f 1956/2016/2043 1955/2078/2043 2018/2138/2043 2019/2140/2043
f 1983/2015/2044 1982/2014/2044 2045/2139/2044 2046/2141/2044
f 1957/2017/2045 1956/2016/2045 2019/2140/2045 2020/2142/2045
f 1984/2018/2046 1983/2015/2046 2046/2141/2046 2047/2079/2046
f 1958/2019/2047 1957/2017/2047 2020/2142/2047 2021/2081/2047
f 1932/2021/2048 2058/2143/2048 1995/2083/2048
f 2050/2088/2049 2049/2085/2049 2113/2144/2049 2114/2145/2049
f 2024/2089/2050 2023/2086/2050 2087/2146/2050 2088/2147/2050
f 1998/2090/2051 1997/2087/2051 2061/2148/2051 2062/2149/2051
f 2051/2091/2052 2050/2088/2052 2114/2145/2052 2115/2150/2052
f 2025/2092/2053 2024/2089/2053 2088/2147/2053 2089/2151/2053
f 1999/2093/2054 1998/2090/2054 2062/2149/2054 2063/2152/2054
f 2052/2094/2055 2051/2091/2055 2115/2150/2055 2116/2153/2055
f 2026/2095/2056 2025/2092/2056 2089/2151/2056 2090/2154/2056
f 2000/2096/2057 1999/2093/2057 2063/2152/2057 2064/2155/2057
f 2053/2097/2058 2052/2094/2058 2116/2153/2058 2117/2156/2058
f 2027/2098/2059 2026/2095/2059 2090/2154/2059 2091/2157/2059
f 2001/2099/2060 2000/2096/2060 2064/2155/2060 2065/2158/2060
f 2054/2100/2061 2053/2097/2061 2117/2156/2061 2118/2159/2061
f 2028/2101/2062 2027/2098/2062 2091/2157/2062 2092/2160/2062
f 2002/2102/2063 2001/2099/2063 2065/2158/2063 2066/2161/2063
f 2055/2103/2064 2054/2100/2064 2118/2159/2064 2119/2162/2064
f 2029/2104/2065 2028/2101/2065 2092/2160/2065 2093/2163/2065
f 2003/2105/2066 2002/2102/2066 2066/2161/2066 2067/2164/2066
f 2056/2106/2067 2055/2103/2067 2119/2162/2067 2120/2165/2067
f 2030/2107/2068 2029/2104/2068 2093/2163/2068 2094/2166/2068
f 2004/2108/2069 2003/2105/2069 2067/2164/2069 2068/2167/2069
f 2057/2109/2070 2056/2106/2070 2120/2165/2070 2121/2168/2070
f 2031/2110/2071 2030/2107/2071 2094/2166/2071 2095/2169/2071
f 2005/2111/2072 2004/2108/2072 2068/2167/2072 2069/2170/2072
f 2752/2171/2073 2057/2109/2073 2121/2168/2073
f 2032/2113/2074 2031/2110/2074 2095/2169/2074 2096/2172/2074
f 2006/2114/2075 2005/2111/2075 2069/2170/2075 2070/2173/2075
f 2033/2115/2076 2032/2113/2076 2096/2172/2076 2097/2174/2076
f 2007/2116/2077 2006/2114/2077 2070/2173/2077 2071/2175/2077
f 2034/2117/2078 2033/2115/2078 2097/2174/2078 2098/2176/2078
f 2008/2118/2079 2007/2116/2079 2071/2175/2079 2072/2177/2079
f 2035/2119/2080 2034/2117/2080 2098/2176/2080 2099/2178/2080
f 2009/2120/2081 2008/2118/2081 2072/2177/2081 2073/2179/2081
f 2036/2121/2082 2035/2119/2082 2099/2178/2082 2100/2180/2082
f 2010/2122/2083 2009/2120/2083 2073/2179/2083 2074/2181/2083
f 2037/2123/2084 2036/2121/2084 2100/2180/2084 2101/2182/2084
f 2011/2124/2085 2010/2122/2085 2074/2181/2085 2075/2183/2085
f 2038/2125/2086 2037/2123/2086 2101/2182/2086 2102/2184/2086
f 2012/2126/2087 2011/2124/2087 2075/2183/2087 2076/2185/2087
f 2039/2127/2088 2038/2125/2088 2102/2184/2088 2103/2186/2088
f 2013/2128/2089 2012/2126/2089 2076/2185/2089 2077/2187/2089
f 2040/2129/2090 2039/2127/2090 2103/2186/2090 2104/2188/2090
f 2014/2130/2091 2013/2128/2091 2077/2187/2091 2078/2189/2091
f 2041/2131/2092 2040/2129/2092 2104/2188/2092 2105/2190/2092
f 2015/2132/2093 2014/2130/2093 2078/2189/2093 2079/2191/2093
f 2042/2133/2094 2041/2131/2094 2105/2190/2094 2106/2192/2094
f 2016/2134/2095 2015/2132/2095 2079/2191/2095 2080/2193/2095
f 2043/2135/2096 2042/2133/2096 2106/2192/2096 2107/2194/2096
f 2017/2136/2097 2016/2134/2097 2080/2193/2097 2081/2195/2097
f 2044/2137/2098 2043/2135/2098 2107/2194/2098 2108/2196/2098
f 2018/2138/2099 2017/2136/2099 2081/2195/2099 2082/2197/2099
f 2045/2139/2100 2044/2137/2100 2108/2196/2100 2109/2198/2100
f 2019/2140/2101 2018/2138/2101 2082/2197/2101 2083/2199/2101
f 2046/2141/2102 2045/2139/2102 2109/2198/2102 2110/2200/2102
f 2020/2142/2103 2019/2140/2103 2083/2199/2103 2084/2201/2103
f 2047/2079/2104 2046/2141/2104 2110/2200/2104 2111/2202/2104
f 2021/2081/2105 2020/2142/2105 2084/2201/2105 2085/2203/2105
f 1995/2083/2106 2058/2204/2106 2059/2205/2106
f 2048/2080/2107 2047/2079/2107 2111/2202/2107 2112/2206/2107
f 2022/2082/2108 2021/2081/2108 2085/2203/2108 2086/2207/2108
f 1996/2084/2109 1995/2083/2109 2059/2205/2109 2060/2208/2109
f 2049/2085/2110 2048/2080/2110 2112/2206/2110 2113/2144/2110
f 2023/2086/2111 2022/2082/2111 2086/2207/2111 2087/2146/2111
f 1997/2087/2112 1996/2084/2112 2060/2208/2112 2061/2148/2112
f 2116/2153/2113 2115/2150/2113 2178/2209/2113 2179/2210/2113
f 2090/2154/2114 2089/2151/2114 2152/2211/2114 2153/2212/2114
f 2064/2155/2115 2063/2152/2115 2126/2213/2115 2127/2214/2115
f 2117/2156/2116 2116/2153/2116 2179/2210/2116 2180/2215/2116
f 2091/2157/2117 2090/2154/2117 2153/2212/2117 2154/2216/2117
f 2065/2158/2118 2064/2155/2118 2127/2214/2118 2128/2217/2118
f 2118/2159/2119 2117/2156/2119 2180/2215/2119 2181/2218/2119
f 2092/2160/2120 2091/2157/2120 2154/2216/2120 2155/2219/2120
f 2066/2161/2121 2065/2158/2121 2128/2217/2121 2129/2220/2121
f 2119/2162/2122 2118/2159/2122 2181/2218/2122 2182/2221/2122
f 2093/2163/2123 2092/2160/2123 2155/2219/2123 2156/2222/2123
f 2067/2164/2124 2066/2161/2124 2129/2220/2124 2130/2223/2124
f 2120/2165/2125 2119/2162/2125 2182/2221/2125 2183/2224/2125
f 2094/2166/2126 2093/2163/2126 2156/2222/2126 2157/2225/2126
f 2068/2167/2127 2067/2164/2127 2130/2223/2127 2131/2226/2127
f 2121/2168/2128 2120/2165/2128 2183/2224/2128 2184/2227/2128
f 2095/2169/2129 2094/2166/2129 2157/2225/2129 2158/2228/2129
f 2069/2170/2130 2068/2167/2130 2131/2226/2130 2132/2229/2130
f 2752/2230/2131 2121/2168/2131 2184/2227/2131
f 2096/2172/2132 2095/2169/2132 2158/2228/2132 2159/2231/2132
f 2070/2173/2133 2069/2170/2133 2132/2229/2133 2133/2232/2133
f 2097/2174/2134 2096/2172/2134 2159/2231/2134 2160/2233/2134
f 2071/2175/2135 2070/2173/2135 2133/2232/2135 2134/2234/2135
f 2098/2176/2136 2097/2174/2136 2160/2233/2136 2161/2235/2136
f 2072/2177/2137 2071/2175/2137 2134/2234/2137 2135/2236/2137
f 2099/2178/2138 2098/2176/2138 2161/2235/2138 2162/2237/2138
f 2073/2179/2139 2072/2177/2139 2135/2236/2139 2136/2238/2139
f 2100/2180/2140 2099/2178/2140 2162/2237/2140 2163/2239/2140
f 2074/2181/2141 2073/2179/2141 2136/2238/2141 2137/2240/2141
f 2101/2182/2142 2100/2180/2142 2163/2239/2142 2164/2241/2142
f 2075/2183/2143 2074/2181/2143 2137/2240/2143 2138/2242/2143
f 2102/2184/2144 2101/2182/2144 2164/2241/2144 2165/2243/2144
f 2076/2185/2145 2075/2183/2145 2138/2242/2145 2139/2244/2145
f 2103/2186/2146 2102/2184/2146 2165/2243/2146 2166/2245/2146
f 2077/2187/2147 2076/2185/2147 2139/2244/2147 2140/2246/2147
f 2104/2188/2148 2103/2186/2148 2166/2245/2148 2167/2247/2148
f 2078/2189/2149 2077/2187/2149 2140/2246/2149 2141/2248/2149
f 2105/2190/2150 2104/2188/2150 2167/2247/2150 2168/2249/2150
f 2079/2191/2151 2078/2189/2151 2141/2248/2151 2142/2250/2151
f 2106/2192/2152 2105/2190/2152 2168/2249/2152 2169/2251/2152
f 2080/2193/2153 2079/2191/2153 2142/2250/2153 2143/2252/2153
f 2107/2194/2154 2106/2192/2154 2169/2251/2154 2170/2253/2154
f 2081/2195/2155 2080/2193/2155 2143/2252/2155 2144/2254/2155
f 2108/2196/2156 2107/2194/2156 2170/2253/2156 2171/2255/2156
f 2082/2197/2157 2081/2195/2157 2144/2254/2157 2145/2256/2157
f 2109/2198/2158 2108/2196/2158 2171/2255/2158 2172/2257/2158
f 2083/2199/2159 2082/2197/2159 2145/2256/2159 2146/2258/2159
f 2110/2200/2160 2109/2198/2160 2172/2257/2160 2173/2259/2160
f 2084/2201/2161 2083/2199/2161 2146/2258/2161 2147/2260/2161
f 2111/2202/2162 2110/2200/2162 2173/2259/2162 2174/2261/2162
f 2085/2203/2163 2084/2201/2163 2147/2260/2163 2148/2262/2163
f 2059/2205/2164 2058/2263/2164 2122/2264/2164
f 2112/2206/2165 2111/2202/2165 2174/2261/2165 2175/2265/2165
f 2086/2207/2166 2085/2203/2166 2148/2262/2166 2149/2266/2166
f 2060/2208/2167 2059/2205/2167 2122/2264/2167 2123/2267/2167
f 2113/2144/2168 2112/2206/2168 2175/2265/2168 2176/2268/2168
f 2087/2146/2169 2086/2207/2169 2149/2266/2169 2150/2269/2169
f 2061/2148/2170 2060/2208/2170 2123/2267/2170 2124/2270/2170
f 2114/2145/2171 2113/2144/2171 2176/2268/2171 2177/2271/2171
f 2088/2147/2172 2087/2146/2172 2150/2269/2172 2151/2272/2172
f 2062/2149/2173 2061/2148/2173 2124/2270/2173 2125/2273/2173
f 2115/2150/2174 2114/2145/2174 2177/2271/2174 2178/2209/2174
f 2089/2151/2175 2088/2147/2175 2151/2272/2175 2152/2211/2175
f 2063/2152/2176 2062/2149/2176 2125/2273/2176 2126/2213/2176
f 2181/2218/2177 2180/2215/2177 2243/2274/2177 2244/2275/2177
f 2155/2219/2178 2154/2216/2178 2217/2276/2178 2218/2277/2178
f 2129/2220/2179 2128/2217/2179 2191/2278/2179 2192/2279/2179
f 2182/2221/2180 2181/2218/2180 2244/2275/2180 2245/2280/2180
f 2156/2222/2181 2155/2219/2181 2218/2277/2181 2219/2281/2181
f 2130/2223/2182 2129/2220/2182 2192/2279/2182 2193/2282/2182
f 2183/2224/2183 2182/2221/2183 2245/2280/2183 2246/2283/2183
f 2157/2225/2184 2156/2222/2184 2219/2281/2184 2220/2284/2184
f 2131/2226/2185 2130/2223/2185 2193/2282/2185 2194/2285/2185
f 2184/2227/2186 2183/2224/2186 2246/2283/2186 2247/2286/2186
f 2158/2228/2187 2157/2225/2187 2220/2284/2187 2221/2287/2187
f 2132/2229/2188 2131/2226/2188 2194/2285/2188 2195/2288/2188
f 2752/2289/2189 2184/2227/2189 2247/2286/2189
f 2159/2231/2190 2158/2228/2190 2221/2287/2190 2222/2290/2190
f 2133/2232/2191 2132/2229/2191 2195/2288/2191 2196/2291/2191
f 2160/2233/2192 2159/2231/2192 2222/2290/2192 2223/2292/2192
f 2134/2234/2193 2133/2232/2193 2196/2291/2193 2197/2293/2193
f 2161/2235/2194 2160/2233/2194 2223/2292/2194 2224/2294/2194
f 2135/2236/2195 2134/2234/2195 2197/2293/2195 2198/2295/2195
f 2162/2237/2196 2161/2235/2196 2224/2294/2196 2225/2296/2196
f 2136/2238/2197 2135/2236/2197 2198/2295/2197 2199/2297/2197
f 2163/2239/2198 2162/2237/2198 2225/2296/2198 2226/2298/2198
f 2137/2240/2199 2136/2238/2199 2199/2297/2199 2200/2299/2199
f 2164/2241/2200 2163/2239/2200 2226/2298/2200 2227/2300/2200
f 2138/2242/2201 2137/2240/2201 2200/2299/2201 2201/2301/2201
f 2165/2243/2202 2164/2241/2202 2227/2300/2202 2228/2302/2202
f 2139/2244/2203 2138/2242/2203 2201/2301/2203 2202/2303/2203
f 2166/2245/2204 2165/2243/2204 2228/2302/2204 2229/2304/2204
f 2140/2246/2205 2139/2244/2205 2202/2303/2205 2203/2305/2205
f 2167/2247/2206 2166/2245/2206 2229/2304/2206 2230/2306/2206
f 2141/2248/2207 2140/2246/2207 2203/2305/2207 2204/2307/2207
f 2168/2249/2208 2167/2247/2208 2230/2306/2208 2231/2308/2208
f 2142/2250/2209 2141/2248/2209 2204/2307/2209 2205/2309/2209
f 2169/2251/2210 2168/2249/2210 2231/2308/2210 2232/2310/2210
f 2143/2252/2211 2142/2250/2211 2205/2309/2211 2206/2311/2211
f 2170/2253/2212 2169/2251/2212 2232/2310/2212 2233/2312/2212
f 2144/2254/2213 2143/2252/2213 2206/2311/2213 2207/2313/2213
f 2171/2255/2214 2170/2253/2214 2233/2312/2214 2234/2314/2214
f 2145/2256/2215 2144/2254/2215 2207/2313/2215 2208/2315/2215
f 2172/2257/2216 2171/2255/2216 2234/2314/2216 2235/2316/2216
f 2146/2258/2217 2145/2256/2217 2208/2315/2217 2209/2317/2217
f 2173/2259/2218 2172/2257/2218 2235/2316/2218 2236/2318/2218
f 2147/2260/2219 2146/2258/2219 2209/2317/2219 2210/2319/2219
f 2174/2261/2220 2173/2259/2220 2236/2318/2220 2237/2320/2220
f 2148/2262/2221 2147/2260/2221 2210/2319/2221 2211/2321/2221
f 2122/2264/2222 2058/2322/2222 2185/2323/2222
f 2175/2265/2223 2174/2261/2223 2237/2320/2223 2238/2324/2223
f 2149/2266/2224 2148/2262/2224 2211/2321/2224 2212/2325/2224
f 2123/2267/2225 2122/2264/2225 2185/2323/2225 2186/2326/2225
f 2176/2268/2226 2175/2265/2226 2238/2324/2226 2239/2327/2226
f 2150/2269/2227 2149/2266/2227 2212/2325/2227 2213/2328/2227
f 2124/2270/2228 2123/2267/2228 2186/2326/2228 2187/2329/2228
f 2177/2271/2229 2176/2268/2229 2239/2327/2229 2240/2330/2229
f 2151/2272/2230 2150/2269/2230 2213/2328/2230 2214/2331/2230
f 2125/2273/2231 2124/2270/2231 2187/2329/2231 2188/2332/2231
f 2178/2209/2232 2177/2271/2232 2240/2330/2232 2241/2333/2232
f 2152/2211/2233 2151/2272/2233 2214/2331/2233 2215/2334/2233
f 2126/2213/2234 2125/2273/2234 2188/2332/2234 2189/2335/2234
f 2179/2210/2235 2178/2209/2235 2241/2333/2235 2242/2336/2235
f 2153/2212/2236 2152/2211/2236 2215/2334/2236 2216/2337/2236
f 2127/2214/2237 2126/2213/2237 2189/2335/2237 2190/2338/2237
f 2180/2215/2238 2179/2210/2238 2242/2336/2238 2243/2274/2238
f 2154/2216/2239 2153/2212/2239 2216/2337/2239 2217/2276/2239
f 2128/2217/2240 2127/2214/2240 2190/2338/2240 2191/2278/2240
f 2246/2283/2241 2245/2280/2241 2308/2339/2241 2309/2340/2241
f 2220/2284/2242 2219/2281/2242 2282/2341/2242 2283/2342/2242
f 2194/2285/2243 2193/2282/2243 2256/2343/2243 2257/2344/2243
f 2247/2286/2244 2246/2283/2244 2309/2340/2244 2310/2345/2244
f 2221/2287/2245 2220/2284/2245 2283/2342/2245 2284/2346/2245
f 2195/2288/2246 2194/2285/2246 2257/2344/2246 2258/2347/2246
f 2752/2348/2247 2247/2286/2247 2310/2345/2247
f 2222/2290/2248 2221/2287/2248 2284/2346/2248 2285/2349/2248
f 2196/2291/2249 2195/2288/2249 2258/2347/2249 2259/2350/2249
f 2223/2292/2250 2222/2290/2250 2285/2349/2250 2286/2351/2250
f 2197/2293/2251 2196/2291/2251 2259/2350/2251 2260/2352/2251
f 2224/2294/2252 2223/2292/2252 2286/2351/2252 2287/2353/2252
f 2198/2295/2253 2197/2293/2253 2260/2352/2253 2261/2354/2253
f 2225/2296/2254 2224/2294/2254 2287/2353/2254 2288/2355/2254
f 2199/2297/2255 2198/2295/2255 2261/2354/2255 2262/2356/2255
f 2226/2298/2256 2225/2296/2256 2288/2355/2256 2289/2357/2256
f 2200/2299/2257 2199/2297/2257 2262/2356/2257 2263/2358/2257
f 2227/2300/2258 2226/2298/2258 2289/2357/2258 2290/2359/2258
f 2201/2301/2259 2200/2299/2259 2263/2358/2259 2264/2360/2259
f 2228/2302/2260 2227/2300/2260 2290/2359/2260 2291/2361/2260
f 2202/2303/2261 2201/2301/2261 2264/2360/2261 2265/2362/2261
f 2229/2304/2262 2228/2302/2262 2291/2361/2262 2292/2363/2262
f 2203/2305/2263 2202/2303/2263 2265/2362/2263 2266/2364/2263
f 2230/2306/2264 2229/2304/2264 2292/2363/2264 2293/2365/2264
f 2204/2307/2265 2203/2305/2265 2266/2364/2265 2267/2366/2265
f 2231/2308/2266 2230/2306/2266 2293/2365/2266 2294/2367/2266
f 2205/2309/2267 2204/2307/2267 2267/2366/2267 2268/2368/2267
f 2232/2310/2268 2231/2308/2268 2294/2367/2268 2295/2369/2268
f 2206/2311/2269 2205/2309/2269 2268/2368/2269 2269/2370/2269
f 2233/2312/2270 2232/2310/2270 2295/2369/2270 2296/2371/2270
f 2207/2313/2271 2206/2311/2271 2269/2370/2271 2270/2372/2271
f 2234/2314/2272 2233/2312/2272 2296/2371/2272 2297/2373/2272
f 2208/2315/2273 2207/2313/2273 2270/2372/2273 2271/2374/2273
f 2235/2316/2274 2234/2314/2274 2297/2373/2274 2298/2375/2274
f 2209/2317/2275 2208/2315/2275 2271/2374/2275 2272/2376/2275
f 2236/2318/2276 2235/2316/2276 2298/2375/2276 2299/2377/2276
f 2210/2319/2277 2209/2317/2277 2272/2376/2277 2273/2378/2277
f 2237/2320/2278 2236/2318/2278 2299/2377/2278 2300/2379/2278
f 2211/2321/2279 2210/2319/2279 2273/2378/2279 2274/2380/2279
f 2185/2323/2280 2058/2381/2280 2248/2382/2280
f 2238/2324/2281 2237/2320/2281 2300/2379/2281 2301/2383/2281
f 2212/2325/2282 2211/2321/2282 2274/2380/2282 2275/2384/2282
f 2186/2326/2283 2185/2323/2283 2248/2382/2283 2249/2385/2283
f 2239/2327/2284 2238/2324/2284 2301/2383/2284 2302/2386/2284
f 2213/2328/2285 2212/2325/2285 2275/2384/2285 2276/2387/2285
f 2187/2329/2286 2186/2326/2286 2249/2385/2286 2250/2388/2286
f 2240/2330/2287 2239/2327/2287 2302/2386/2287 2303/2389/2287
f 2214/2331/2288 2213/2328/2288 2276/2387/2288 2277/2390/2288
f 2188/2332/2289 2187/2329/2289 2250/2388/2289 2251/2391/2289
f 2241/2333/2290 2240/2330/2290 2303/2389/2290 2304/2392/2290
f 2215/2334/2291 2214/2331/2291 2277/2390/2291 2278/2393/2291
f 2189/2335/2292 2188/2332/2292 2251/2391/2292 2252/2394/2292
f 2242/2336/2293 2241/2333/2293 2304/2392/2293 2305/2395/2293
f 2216/2337/2294 2215/2334/2294 2278/2393/2294 2279/2396/2294
f 2190/2338/2295 2189/2335/2295 2252/2394/2295 2253/2397/2295
f 2243/2274/2296 2242/2336/2296 2305/2395/2296 2306/2398/2296
f 2217/2276/2297 2216/2337/2297 2279/2396/2297 2280/2399/2297
f 2191/2278/2298 2190/2338/2298 2253/2397/2298 2254/2400/2298
f 2244/2275/2299 2243/2274/2299 2306/2398/2299 2307/2401/2299
f 2218/2277/2300 2217/2276/2300 2280/2399/2300 2281/2402/2300
f 2192/2279/2301 2191/2278/2301 2254/2400/2301 2255/2403/2301
f 2245/2280/2302 2244/2275/2302 2307/2401/2302 2308/2339/2302
f 2219/2281/2303 2218/2277/2303 2281/2402/2303 2282/2341/2303
f 2193/2282/2304 2192/2279/2304 2255/2403/2304 2256/2343/2304
f 2752/2404/2305 2310/2345/2305 2373/2405/2305
f 2285/2349/2306 2284/2346/2306 2347/2406/2306 2348/2407/2306
f 2259/2350/2307 2258/2347/2307 2321/2408/2307 2322/2409/2307
f 2286/2351/2308 2285/2349/2308 2348/2407/2308 2349/2410/2308
f 2260/2352/2309 2259/2350/2309 2322/2409/2309 2323/2411/2309
f 2287/2353/2310 2286/2351/2310 2349/2410/2310 2350/2412/2310
f 2261/2354/2311 2260/2352/2311 2323/2411/2311 2324/2413/2311
f 2288/2355/2312 2287/2353/2312 2350/2412/2312 2351/2414/2312
f 2262/2356/2313 2261/2354/2313 2324/2413/2313 2325/2415/2313
f 2289/2357/2314 2288/2355/2314 2351/2414/2314 2352/2416/2314
f 2263/2358/2315 2262/2356/2315 2325/2415/2315 2326/2417/2315
f 2290/2359/2316 2289/2357/2316 2352/2416/2316 2353/2418/2316
f 2264/2360/2317 2263/2358/2317 2326/2417/2317 2327/2419/2317
f 2291/2361/2318 2290/2359/2318 2353/2418/2318 2354/2420/2318
f 2265/2362/2319 2264/2360/2319 2327/2419/2319 2328/2421/2319
f 2292/2363/2320 2291/2361/2320 2354/2420/2320 2355/2422/2320
f 2266/2364/2321 2265/2362/2321 2328/2421/2321 2329/2423/2321
f 2293/2365/2322 2292/2363/2322 2355/2422/2322 2356/2424/2322
f 2267/2366/2323 2266/2364/2323 2329/2423/2323 2330/2425/2323
f 2294/2367/2324 2293/2365/2324 2356/2424/2324 2357/2426/2324
f 2268/2368/2325 2267/2366/2325 2330/2425/2325 2331/2427/2325
f 2295/2369/2326 2294/2367/2326 2357/2426/2326 2358/2428/2326
f 2269/2370/2327 2268/2368/2327 2331/2427/2327 2332/2429/2327
f 2296/2371/2328 2295/2369/2328 2358/2428/2328 2359/2430/2328
f 2270/2372/2329 2269/2370/2329 2332/2429/2329 2333/2431/2329
f 2297/2373/2330 2296/2371/2330 2359/2430/2330 2360/2432/2330
f 2271/2374/2331 2270/2372/2331 2333/2431/2331 2334/2433/2331
f 2298/2375/2332 2297/2373/2332 2360/2432/2332 2361/2434/2332
f 2272/2376/2333 2271/2374/2333 2334/2433/2333 2335/2435/2333
f 2299/2377/2334 2298/2375/2334 2361/2434/2334 2362/2436/2334
f 2273/2378/2335 2272/2376/2335 2335/2435/2335 2336/2437/2335
f 2300/2379/2336 2299/2377/2336 2362/2436/2336 2363/2438/2336
f 2274/2380/2337 2273/2378/2337 2336/2437/2337 2337/2439/2337
f 2248/2382/2338 2058/2440/2338 2311/2441/2338
f 2301/2383/2339 2300/2379/2339 2363/2438/2339 2364/2442/2339
f 2275/2384/2340 2274/2380/2340 2337/2439/2340 2338/2443/2340
f 2249/2385/2341 2248/2382/2341 2311/2441/2341 2312/2444/2341
f 2302/2386/2342 2301/2383/2342 2364/2442/2342 2365/2445/2342
f 2276/2387/2343 2275/2384/2343 2338/2443/2343 2339/2446/2343
f 2250/2388/2344 2249/2385/2344 2312/2444/2344 2313/2447/2344
f 2303/2389/2345 2302/2386/2345 2365/2445/2345 2366/2448/2345
f 2277/2390/2346 2276/2387/2346 2339/2446/2346 2340/2449/2346
f 2251/2391/2347 2250/2388/2347 2313/2447/2347 2314/2450/2347
f 2304/2392/2348 2303/2389/2348 2366/2448/2348 2367/2451/2348
f 2278/2393/2349 2277/2390/2349 2340/2449/2349 2341/2452/2349
f 2252/2394/2350 2251/2391/2350 2314/2450/2350 2315/2453/2350
f 2305/2395/2351 2304/2392/2351 2367/2451/2351 2368/2454/2351
f 2279/2396/2352 2278/2393/2352 2341/2452/2352 2342/2455/2352
f 2253/2397/2353 2252/2394/2353 2315/2453/2353 2316/2456/2353
f 2306/2398/2354 2305/2395/2354 2368/2454/2354 2369/2457/2354
f 2280/2399/2355 2279/2396/2355 2342/2455/2355 2343/2458/2355
f 2254/2400/2356 2253/2397/2356 2316/2456/2356 2317/2459/2356
f 2307/2401/2357 2306/2398/2357 2369/2457/2357 2370/2460/2357
f 2281/2402/2358 2280/2399/2358 2343/2458/2358 2344/2461/2358
f 2255/2403/2359 2254/2400/2359 2317/2459/2359 2318/2462/2359
f 2308/2339/2360 2307/2401/2360 2370/2460/2360 2371/2463/2360
f 2282/2341/2361 2281/2402/2361 2344/2461/2361 2345/2464/2361
f 2256/2343/2362 2255/2403/2362 2318/2462/2362 2319/2465/2362
f 2309/2340/2363 2308/2339/2363 2371/2463/2363 2372/2466/2363
f 2283/2342/2364 2282/2341/2364 2345/2464/2364 2346/2467/2364
f 2257/2344/2365 2256/2343/2365 2319/2465/2365 2320/2468/2365
f 2310/2345/2366 2309/2340/2366 2372/2466/2366 2373/2405/2366
f 2284/2346/2367 2283/2342/2367 2346/2467/2367 2347/2406/2367
f 2258/2347/2368 2257/2344/2368 2320/2468/2368 2321/2408/2368
f 2350/2412/2369 2349/2410/2369 2412/2469/2369 2413/2470/2369
f 2324/2413/2370 2323/2411/2370 2386/2471/2370 2387/2472/2370
f 2351/2414/2371 2350/2412/2371 2413/2470/2371 2414/2473/2371
f 2325/2415/2372 2324/2413/2372 2387/2472/2372 2388/2474/2372
f 2352/2416/2373 2351/2414/2373 2414/2473/2373 2415/2475/2373
f 2326/2417/2374 2325/2415/2374 2388/2474/2374 2389/2476/2374
f 2353/2418/2375 2352/2416/2375 2415/2475/2375 2416/2477/2375
f 2327/2419/2376 2326/2417/2376 2389/2476/2376 2390/2478/2376
f 2354/2420/2377 2353/2418/2377 2416/2477/2377 2417/2479/2377
f 2328/2421/2378 2327/2419/2378 2390/2478/2378 2391/2480/2378
f 2355/2422/2379 2354/2420/2379 2417/2479/2379 2418/2481/2379
f 2329/2423/2380 2328/2421/2380 2391/2480/2380 2392/2482/2380
f 2356/2424/2381 2355/2422/2381 2418/2481/2381 2419/2483/2381
f 2330/2425/2382 2329/2423/2382 2392/2482/2382 2393/2484/2382
f 2357/2426/2383 2356/2424/2383 2419/2483/2383 2420/2485/2383
f 2331/2427/2384 2330/2425/2384 2393/2484/2384 2394/2486/2384
f 2358/2428/2385 2357/2426/2385 2420/2485/2385 2421/2487/2385
f 2332/2429/2386 2331/2427/2386 2394/2486/2386 2395/2488/2386
f 2359/2430/2387 2358/2428/2387 2421/2487/2387 2422/2489/2387
f 2333/2431/2388 2332/2429/2388 2395/2488/2388 2396/2490/2388
f 2360/2432/2389 2359/2430/2389 2422/2489/2389 2423/2491/2389
f 2334/2433/2390 2333/2431/2390 2396/2490/2390 2397/2492/2390
f 2361/2434/2391 2360/2432/2391 2423/2491/2391 2424/2493/2391
f 2335/2435/2392 2334/2433/2392 2397/2492/2392 2398/2494/2392
f 2362/2436/2393 2361/2434/2393 2424/2493/2393 2425/2495/2393
f 2336/2437/2394 2335/2435/2394 2398/2494/2394 2399/2496/2394
f 2363/2438/2395 2362/2436/2395 2425/2495/2395 2426/2497/2395
f 2337/2439/2396 2336/2437/2396 2399/2496/2396 2400/2498/2396
f 2311/2441/2397 2058/2499/2397 2374/2500/2397
f 2364/2442/2398 2363/2438/2398 2426/2497/2398 2427/2501/2398
f 2338/2443/2399 2337/2439/2399 2400/2498/2399 2401/2502/2399
f 2312/2444/2400 2311/2441/2400 2374/2500/2400 2375/2503/2400
f 2365/2445/2401 2364/2442/2401 2427/2501/2401 2428/2504/2401
f 2339/2446/2402 2338/2443/2402 2401/2502/2402 2402/2505/2402
f 2313/2447/2403 2312/2444/2403 2375/2503/2403 2376/2506/2403
f 2366/2448/2404 2365/2445/2404 2428/2504/2404 2429/2507/2404
f 2340/2449/2405 2339/2446/2405 2402/2505/2405 2403/2508/2405
f 2314/2450/2406 2313/2447/2406 2376/2506/2406 2377/2509/2406
f 2367/2451/2407 2366/2448/2407 2429/2507/2407 2430/2510/2407
f 2341/2452/2408 2340/2449/2408 2403/2508/2408 2404/2511/2408
f 2315/2453/2409 2314/2450/2409 2377/2509/2409 2378/2512/2409
f 2368/2454/2410 2367/2451/2410 2430/2510/2410 2431/2513/2410
f 2342/2455/2411 2341/2452/2411 2404/2511/2411 2405/2514/2411
f 2316/2456/2412 2315/2453/2412 2378/2512/2412 2379/2515/2412
f 2369/2457/2413 2368/2454/2413 2431/2513/2413 2432/2516/2413
f 2343/2458/2414 2342/2455/2414 2405/2514/2414 2406/2517/2414
f 2317/2459/2415 2316/2456/2415 2379/2515/2415 2380/2518/2415
f 2370/2460/2416 2369/2457/2416 2432/2516/2416 2433/2519/2416
f 2344/2461/2417 2343/2458/2417 2406/2517/2417 2407/2520/2417
f 2318/2462/2418 2317/2459/2418 2380/2518/2418 2381/2521/2418
f 2371/2463/2419 2370/2460/2419 2433/2519/2419 2434/2522/2419
f 2345/2464/2420 2344/2461/2420 2407/2520/2420 2408/2523/2420
f 2319/2465/2421 2318/2462/2421 2381/2521/2421 2382/2524/2421
f 2372/2466/2422 2371/2463/2422 2434/2522/2422 2435/2525/2422
f 2346/2467/2423 2345/2464/2423 2408/2523/2423 2409/2526/2423
f 2320/2468/2424 2319/2465/2424 2382/2524/2424 2383/2527/2424
f 2373/2405/2425 2372/2466/2425 2435/2525/2425 2436/2528/2425
f 2347/2406/2426 2346/2467/2426 2409/2526/2426 2410/2529/2426
f 2321/2408/2427 2320/2468/2427 2383/2527/2427 2384/2530/2427
f 2752/2531/2428 2373/2405/2428 2436/2528/2428
f 2348/2407/2429 2347/2406/2429 2410/2529/2429 2411/2532/2429
f 2322/2409/2430 2321/2408/2430 2384/2530/2430 2385/2533/2430
f 2349/2410/2431 2348/2407/2431 2411/2532/2431 2412/2469/2431
f 2323/2411/2432 2322/2409/2432 2385/2533/2432 2386/2471/2432
f 2415/2475/2433 2414/2473/2433 2477/2534/2433 2478/2535/2433
f 2389/2476/2434 2388/2474/2434 2451/2536/2434 2452/2537/2434
f 2416/2477/2435 2415/2475/2435 2478/2535/2435 2479/2538/2435
f 2390/2478/2436 2389/2476/2436 2452/2537/2436 2453/2539/2436
f 2417/2479/2437 2416/2477/2437 2479/2538/2437 2480/2540/2437
f 2391/2480/2438 2390/2478/2438 2453/2539/2438 2454/2541/2438
f 2418/2481/2439 2417/2479/2439 2480/2540/2439 2481/2542/2439
f 2392/2482/2440 2391/2480/2440 2454/2541/2440 2455/2543/2440
f 2419/2483/2441 2418/2481/2441 2481/2542/2441 2482/2544/2441
f 2393/2484/2442 2392/2482/2442 2455/2543/2442 2456/2545/2442
f 2420/2485/2443 2419/2483/2443 2482/2544/2443 2483/2546/2443
f 2394/2486/2444 2393/2484/2444 2456/2545/2444 2457/2547/2444
f 2421/2487/2445 2420/2485/2445 2483/2546/2445 2484/2548/2445
f 2395/2488/2446 2394/2486/2446 2457/2547/2446 2458/2549/2446
f 2422/2489/2447 2421/2487/2447 2484/2548/2447 2485/2550/2447
f 2396/2490/2448 2395/2488/2448 2458/2549/2448 2459/2551/2448
f 2423/2491/2449 2422/2489/2449 2485/2550/2449 2486/2552/2449
f 2397/2492/2450 2396/2490/2450 2459/2551/2450 2460/2553/2450
f 2424/2493/2451 2423/2491/2451 2486/2552/2451 2487/2554/2451
f 2398/2494/2452 2397/2492/2452 2460/2553/2452 2461/2555/2452
f 2425/2495/2453 2424/2493/2453 2487/2554/2453 2488/2556/2453
f 2399/2496/2454 2398/2494/2454 2461/2555/2454 2462/2557/2454
f 2426/2497/2455 2425/2495/2455 2488/2556/2455 2489/2558/2455
f 2400/2498/2456 2399/2496/2456 2462/2557/2456 2463/2559/2456
f 2374/2500/2457 2058/2560/2457 2437/2561/2457
f 2427/2501/2458 2426/2497/2458 2489/2558/2458 2490/2562/2458
f 2401/2502/2459 2400/2498/2459 2463/2559/2459 2464/2563/2459
f 2375/2503/2460 2374/2500/2460 2437/2561/2460 2438/2564/2460
f 2428/2504/2461 2427/2501/2461 2490/2562/2461 2491/2565/2461
f 2402/2505/2462 2401/2502/2462 2464/2563/2462 2465/2566/2462
f 2376/2506/2463 2375/2503/2463 2438/2564/2463 2439/2567/2463
f 2429/2507/2464 2428/2504/2464 2491/2565/2464 2492/2568/2464
f 2403/2508/2465 2402/2505/2465 2465/2566/2465 2466/2569/2465
f 2377/2509/2466 2376/2506/2466 2439/2567/2466 2440/2570/2466
f 2430/2510/2467 2429/2507/2467 2492/2568/2467 2493/2571/2467
f 2404/2511/2468 2403/2508/2468 2466/2569/2468 2467/2572/2468
f 2378/2512/2469 2377/2509/2469 2440/2570/2469 2441/2573/2469
f 2431/2513/2470 2430/2510/2470 2493/2571/2470 2494/2574/2470
f 2405/2514/2471 2404/2511/2471 2467/2572/2471 2468/2575/2471
f 2379/2515/2472 2378/2512/2472 2441/2573/2472 2442/2576/2472
f 2432/2516/2473 2431/2513/2473 2494/2574/2473 2495/2577/2473
f 2406/2517/2474 2405/2514/2474 2468/2575/2474 2469/2578/2474
f 2380/2518/2475 2379/2515/2475 2442/2576/2475 2443/2579/2475
f 2433/2519/2476 2432/2516/2476 2495/2577/2476 2496/2580/2476
f 2407/2520/2477 2406/2517/2477 2469/2578/2477 2470/2581/2477
f 2381/2521/2478 2380/2518/2478 2443/2579/2478 2444/2582/2478
f 2434/2522/2479 2433/2519/2479 2496/2580/2479 2497/2583/2479
f 2408/2523/2480 2407/2520/2480 2470/2581/2480 2471/2584/2480
f 2382/2524/2481 2381/2521/2481 2444/2582/2481 2445/2585/2481
f 2435/2525/2482 2434/2522/2482 2497/2583/2482 2498/2586/2482
f 2409/2526/2483 2408/2523/2483 2471/2584/2483 2472/2587/2483
f 2383/2527/2484 2382/2524/2484 2445/2585/2484 2446/2588/2484
f 2436/2528/2485 2435/2525/2485 2498/2586/2485 2499/2589/2485
f 2410/2529/2486 2409/2526/2486 2472/2587/2486 2473/2590/2486
f 2384/2530/2487 2383/2527/2487 2446/2588/2487 2447/2591/2487
f 2752/2592/2488 2436/2528/2488 2499/2589/2488
f 2411/2532/2489 2410/2529/2489 2473/2590/2489 2474/2593/2489
f 2385/2533/2490 2384/2530/2490 2447/2591/2490 2448/2594/2490
f 2412/2469/2491 2411/2532/2491 2474/2593/2491 2475/2595/2491
f 2386/2471/2492 2385/2533/2492 2448/2594/2492 2449/2596/2492
f 2413/2470/2493 2412/2469/2493 2475/2595/2493 2476/2597/2493
f 2387/2472/2494 2386/2471/2494 2449/2596/2494 2450/2598/2494
f 2414/2473/2495 2413/2470/2495 2476/2597/2495 2477/2534/2495
f 2388/2474/2496 2387/2472/2496 2450/2598/2496 2451/2536/2496
f 2475/2595/2497 2474/2593/2497 2537/2599/2497 2538/2600/2497
f 2449/2596/2498 2448/2594/2498 2511/2601/2498 2512/2602/2498
f 2476/2597/2499 2475/2595/2499 2538/2600/2499 2539/2603/2499
f 2450/2598/2500 2449/2596/2500 2512/2602/2500 2513/2604/2500
f 2477/2534/2501 2476/2597/2501 2539/2603/2501 2540/2605/2501
f 2451/2536/2502 2450/2598/2502 2513/2604/2502 2514/2606/2502
f 2478/2535/2503 2477/2534/2503 2540/2605/2503 2541/2607/2503
f 2452/2537/2504 2451/2536/2504 2514/2606/2504 2515/2608/2504
f 2479/2538/2505 2478/2535/2505 2541/2607/2505 2542/2609/2505
f 2453/2539/2506 2452/2537/2506 2515/2608/2506 2516/2610/2506
f 2480/2540/2507 2479/2538/2507 2542/2609/2507 2543/2611/2507
f 2454/2541/2508 2453/2539/2508 2516/2610/2508 2517/2612/2508
f 2481/2542/2509 2480/2540/2509 2543/2611/2509 2544/2613/2509
f 2455/2543/2510 2454/2541/2510 2517/2612/2510 2518/2614/2510
f 2482/2544/2511 2481/2542/2511 2544/2613/2511 2545/2615/2511
f 2456/2545/2512 2455/2543/2512 2518/2614/2512 2519/2616/2512
f 2483/2546/2513 2482/2544/2513 2545/2615/2513 2546/2617/2513
f 2457/2547/2514 2456/2545/2514 2519/2616/2514 2520/2618/2514
f 2484/2548/2515 2483/2546/2515 2546/2617/2515 2547/2619/2515
f 2458/2549/2516 2457/2547/2516 2520/2618/2516 2521/2620/2516
f 2485/2550/2517 2484/2548/2517 2547/2619/2517 2548/2621/2517
f 2459/2551/2518 2458/2549/2518 2521/2620/2518 2522/2622/2518
f 2486/2552/2519 2485/2550/2519 2548/2621/2519 2549/2623/2519
f 2460/2553/2520 2459/2551/2520 2522/2622/2520 2523/2624/2520
f 2487/2554/2521 2486/2552/2521 2549/2623/2521 2550/2625/2521
f 2461/2555/2522 2460/2553/2522 2523/2624/2522 2524/2626/2522
f 2488/2556/2523 2487/2554/2523 2550/2625/2523 2551/2627/2523
f 2462/2557/2524 2461/2555/2524 2524/2626/2524 2525/2628/2524
f 2489/2558/2525 2488/2556/2525 2551/2627/2525 2552/2629/2525
f 2463/2559/2526 2462/2557/2526 2525/2628/2526 2526/2630/2526
f 2437/2561/2527 2058/2631/2527 2500/2632/2527
f 2490/2562/2528 2489/2558/2528 2552/2629/2528 2553/2633/2528
f 2464/2563/2529 2463/2559/2529 2526/2630/2529 2527/2634/2529
f 2438/2564/2530 2437/2561/2530 2500/2632/2530 2501/2635/2530
f 2491/2565/2531 2490/2562/2531 2553/2633/2531 2554/2636/2531
f 2465/2566/2532 2464/2563/2532 2527/2634/2532 2528/2637/2532
f 2439/2567/2533 2438/2564/2533 2501/2635/2533 2502/2638/2533
f 2492/2568/2534 2491/2565/2534 2554/2636/2534 2555/2639/2534
f 2466/2569/2535 2465/2566/2535 2528/2637/2535 2529/2640/2535
f 2440/2570/2536 2439/2567/2536 2502/2638/2536 2503/2641/2536
f 2493/2571/2537 2492/2568/2537 2555/2639/2537 2556/2642/2537
f 2467/2572/2538 2466/2569/2538 2529/2640/2538 2530/2643/2538
f 2441/2573/2539 2440/2570/2539 2503/2641/2539 2504/2644/2539
f 2494/2574/2540 2493/2571/2540 2556/2642/2540 2557/2645/2540
f 2468/2575/2541 2467/2572/2541 2530/2643/2541 2531/2646/2541
f 2442/2576/2542 2441/2573/2542 2504/2644/2542 2505/2647/2542
f 2495/2577/2543 2494/2574/2543 2557/2645/2543 2558/2648/2543
f 2469/2578/2544 2468/2575/2544 2531/2646/2544 2532/2649/2544
f 2443/2579/2545 2442/2576/2545 2505/2647/2545 2506/2650/2545
f 2496/2580/2546 2495/2577/2546 2558/2648/2546 2559/2651/2546
f 2470/2581/2547 2469/2578/2547 2532/2649/2547 2533/2652/2547
f 2444/2582/2548 2443/2579/2548 2506/2650/2548 2507/2653/2548
f 2497/2583/2549 2496/2580/2549 2559/2651/2549 2560/2654/2549
f 2471/2584/2550 2470/2581/2550 2533/2652/2550 2534/2655/2550
f 2445/2585/2551 2444/2582/2551 2507/2653/2551 2508/2656/2551
f 2498/2586/2552 2497/2583/2552 2560/2654/2552 2561/2657/2552
f 2472/2587/2553 2471/2584/2553 2534/2655/2553 2535/2658/2553
f 2446/2588/2554 2445/2585/2554 2508/2656/2554 2509/2659/2554
f 2499/2589/2555 2498/2586/2555 2561/2657/2555 2562/2660/2555
f 2473/2590/2556 2472/2587/2556 2535/2658/2556 2536/2661/2556
f 2447/2591/2557 2446/2588/2557 2509/2659/2557 2510/2662/2557
f 2752/2663/2558 2499/2589/2558 2562/2660/2558
f 2474/2593/2559 2473/2590/2559 2536/2661/2559 2537/2599/2559
f 2448/2594/2560 2447/2591/2560 2510/2662/2560 2511/2601/2560
f 2540/2605/2561 2539/2603/2561 2602/2664/2561 2603/2665/2561
f 2514/2606/2562 2513/2604/2562 2576/2666/2562 2577/2667/2562
f 2541/2607/2563 2540/2605/2563 2603/2665/2563 2604/2668/2563
f 2515/2608/2564 2514/2606/2564 2577/2667/2564 2578/2669/2564
f 2542/2609/2565 2541/2607/2565 2604/2668/2565 2605/2670/2565
f 2516/2610/2566 2515/2608/2566 2578/2669/2566 2579/2671/2566
f 2543/2611/2567 2542/2609/2567 2605/2670/2567 2606/2672/2567
f 2517/2612/2568 2516/2610/2568 2579/2671/2568 2580/2673/2568
f 2544/2613/2569 2543/2611/2569 2606/2672/2569 2607/2674/2569
f 2518/2614/2570 2517/2612/2570 2580/2673/2570 2581/2675/2570
f 2545/2615/2571 2544/2613/2571 2607/2674/2571 2608/2676/2571
f 2519/2616/2572 2518/2614/2572 2581/2675/2572 2582/2677/2572
f 2546/2617/2573 2545/2615/2573 2608/2676/2573 2609/2678/2573
f 2520/2618/2574 2519/2616/2574 2582/2677/2574 2583/2679/2574
f 2547/2619/2575 2546/2617/2575 2609/2678/2575 2610/2680/2575
f 2521/2620/2576 2520/2618/2576 2583/2679/2576 2584/2681/2576
f 2548/2621/2577 2547/2619/2577 2610/2680/2577 2611/2682/2577
f 2522/2622/2578 2521/2620/2578 2584/2681/2578 2585/2683/2578
f 2549/2623/2579 2548/2621/2579 2611/2682/2579 2612/2684/2579
f 2523/2624/2580 2522/2622/2580 2585/2683/2580 2586/2685/2580
f 2550/2625/2581 2549/2623/2581 2612/2684/2581 2613/2686/2581
f 2524/2626/2582 2523/2624/2582 2586/2685/2582 2587/2687/2582
f 2551/2627/2583 2550/2625/2583 2613/2686/2583 2614/2688/2583
f 2525/2628/2584 2524/2626/2584 2587/2687/2584 2588/2689/2584
f 2552/2629/2585 2551/2627/2585 2614/2688/2585 2615/2690/2585
f 2526/2630/2586 2525/2628/2586 2588/2689/2586 2589/2691/2586
f 2500/2632/2587 2058/2692/2587 2563/2693/2587
f 2553/2633/2588 2552/2629/2588 2615/2690/2588 2616/2694/2588
f 2527/2634/2589 2526/2630/2589 2589/2691/2589 2590/2695/2589
f 2501/2635/2590 2500/2632/2590 2563/2693/2590 2564/2696/2590
f 2554/2636/2591 2553/2633/2591 2616/2694/2591 2617/2697/2591
f 2528/2637/2592 2527/2634/2592 2590/2695/2592 2591/2698/2592
f 2502/2638/2593 2501/2635/2593 2564/2696/2593 2565/2699/2593
f 2555/2639/2594 2554/2636/2594 2617/2697/2594 2618/2700/2594
f 2529/2640/2595 2528/2637/2595 2591/2698/2595 2592/2701/2595
f 2503/2641/2596 2502/2638/2596 2565/2699/2596 2566/2702/2596
f 2556/2642/2597 2555/2639/2597 2618/2700/2597 2619/2703/2597
f 2530/2643/2598 2529/2640/2598 2592/2701/2598 2593/2704/2598
f 2504/2644/2599 2503/2641/2599 2566/2702/2599 2567/2705/2599
f 2557/2645/2600 2556/2642/2600 2619/2703/2600 2620/2706/2600
f 2531/2646/2601 2530/2643/2601 2593/2704/2601 2594/2707/2601
f 2505/2647/2602 2504/2644/2602 2567/2705/2602 2568/2708/2602
f 2558/2648/2603 2557/2645/2603 2620/2706/2603 2621/2709/2603
f 2532/2649/2604 2531/2646/2604 2594/2707/2604 2595/2710/2604
f 2506/2650/2605 2505/2647/2605 2568/2708/2605 2569/2711/2605
f 2559/2651/2606 2558/2648/2606 2621/2709/2606 2622/2712/2606
f 2533/2652/2607 2532/2649/2607 2595/2710/2607 2596/2713/2607
f 2507/2653/2608 2506/2650/2608 2569/2711/2608 2570/2714/2608
f 2560/2654/2609 2559/2651/2609 2622/2712/2609 2623/2715/2609
f 2534/2655/2610 2533/2652/2610 2596/2713/2610 2597/2716/2610
f 2508/2656/2611 2507/2653/2611 2570/2714/2611 2571/2717/2611
f 2561/2657/2612 2560/2654/2612 2623/2715/2612 2624/2718/2612
f 2535/2658/2613 2534/2655/2613 2597/2716/2613 2598/2719/2613
f 2509/2659/2614 2508/2656/2614 2571/2717/2614 2572/2720/2614
f 2562/2660/2615 2561/2657/2615 2624/2718/2615 2625/2721/2615
f 2536/2661/2616 2535/2658/2616 2598/2719/2616 2599/2722/2616
f 2510/2662/2617 2509/2659/2617 2572/2720/2617 2573/2723/2617
f 2752/2724/2618 2562/2660/2618 2625/2721/2618
f 2537/2599/2619 2536/2661/2619 2599/2722/2619 2600/2725/2619
f 2511/2601/2620 2510/2662/2620 2573/2723/2620 2574/2726/2620
f 2538/2600/2621 2537/2599/2621 2600/2725/2621 2601/2727/2621
f 2512/2602/2622 2511/2601/2622 2574/2726/2622 2575/2728/2622
f 2539/2603/2623 2538/2600/2623 2601/2727/2623 2602/2664/2623
f 2513/2604/2624 2512/2602/2624 2575/2728/2624 2576/2666/2624
f 2605/2670/2625 2604/2668/2625 2667/2729/2625 2668/2730/2625
f 2579/2671/2626 2578/2669/2626 2641/2731/2626 2642/2732/2626
f 2606/2672/2627 2605/2670/2627 2668/2730/2627 2669/2733/2627
f 2580/2673/2628 2579/2671/2628 2642/2732/2628 2643/2734/2628
f 2607/2674/2629 2606/2672/2629 2669/2733/2629 2670/2735/2629
f 2581/2675/2630 2580/2673/2630 2643/2734/2630 2644/2736/2630
f 2608/2676/2631 2607/2674/2631 2670/2735/2631 2671/2737/2631
f 2582/2677/2632 2581/2675/2632 2644/2736/2632 2645/2738/2632
f 2609/2678/2633 2608/2676/2633 2671/2737/2633 2672/2739/2633
f 2583/2679/2634 2582/2677/2634 2645/2738/2634 2646/2740/2634
f 2610/2680/2635 2609/2678/2635 2672/2739/2635 2673/2741/2635
f 2584/2681/2636 2583/2679/2636 2646/2740/2636 2647/2742/2636
f 2611/2682/2637 2610/2680/2637 2673/2741/2637 2674/2743/2637
f 2585/2683/2638 2584/2681/2638 2647/2742/2638 2648/2744/2638
f 2612/2684/2639 2611/2682/2639 2674/2743/2639 2675/2745/2639
f 2586/2685/2640 2585/2683/2640 2648/2744/2640 2649/2746/2640
f 2613/2686/2641 2612/2684/2641 2675/2745/2641 2676/2747/2641
f 2587/2687/2642 2586/2685/2642 2649/2746/2642 2650/2748/2642
f 2614/2688/2643 2613/2686/2643 2676/2747/2643 2677/2749/2643
f 2588/2689/2644 2587/2687/2644 2650/2748/2644 2651/2750/2644
f 2615/2690/2645 2614/2688/2645 2677/2749/2645 2678/2751/2645
f 2589/2691/2646 2588/2689/2646 2651/2750/2646 2652/2752/2646
f 2563/2693/2647 2058/2753/2647 2626/2754/2647
f 2616/2694/2648 2615/2690/2648 2678/2751/2648 2679/2755/2648
f 2590/2695/2649 2589/2691/2649 2652/2752/2649 2653/2756/2649
f 2564/2696/2650 2563/2693/2650 2626/2754/2650 2627/2757/2650
f 2617/2697/2651 2616/2694/2651 2679/2755/2651 2680/2758/2651
f 2591/2698/2652 2590/2695/2652 2653/2756/2652 2654/2759/2652
f 2565/2699/2653 2564/2696/2653 2627/2757/2653 2628/2760/2653
f 2618/2700/2654 2617/2697/2654 2680/2758/2654 2681/2761/2654
f 2592/2701/2655 2591/2698/2655 2654/2759/2655 2655/2762/2655
f 2566/2702/2656 2565/2699/2656 2628/2760/2656 2629/2763/2656
f 2619/2703/2657 2618/2700/2657 2681/2761/2657 2682/2764/2657
f 2593/2704/2658 2592/2701/2658 2655/2762/2658 2656/2765/2658
f 2567/2705/2659 2566/2702/2659 2629/2763/2659 2630/2766/2659
f 2620/2706/2660 2619/2703/2660 2682/2764/2660 2683/2767/2660
f 2594/2707/2661 2593/2704/2661 2656/2765/2661 2657/2768/2661
f 2568/2708/2662 2567/2705/2662 2630/2766/2662 2631/2769/2662
f 2621/2709/2663 2620/2706/2663 2683/2767/2663 2684/2770/2663
f 2595/2710/2664 2594/2707/2664 2657/2768/2664 2658/2771/2664
f 2569/2711/2665 2568/2708/2665 2631/2769/2665 2632/2772/2665
f 2622/2712/2666 2621/2709/2666 2684/2770/2666 2685/2773/2666
f 2596/2713/2667 2595/2710/2667 2658/2771/2667 2659/2774/2667
f 2570/2714/2668 2569/2711/2668 2632/2772/2668 2633/2775/2668
f 2623/2715/2669 2622/2712/2669 2685/2773/2669 2686/2776/2669
f 2597/2716/2670 2596/2713/2670 2659/2774/2670 2660/2777/2670
f 2571/2717/2671 2570/2714/2671 2633/2775/2671 2634/2778/2671
f 2624/2718/2672 2623/2715/2672 2686/2776/2672 2687/2779/2672
f 2598/2719/2673 2597/2716/2673 2660/2777/2673 2661/2780/2673
f 2572/2720/2674 2571/2717/2674 2634/2778/2674 2635/2781/2674
f 2625/2721/2675 2624/2718/2675 2687/2779/2675 2688/2782/2675
f 2599/2722/2676 2598/2719/2676 2661/2780/2676 2662/2783/2676
f 2573/2723/2677 2572/2720/2677 2635/2781/2677 2636/2784/2677
f 2752/2785/2678 2625/2721/2678 2688/2782/2678
f 2600/2725/2679 2599/2722/2679 2662/2783/2679 2663/2786/2679
f 2574/2726/2680 2573/2723/2680 2636/2784/2680 2637/2787/2680
f 2601/2727/2681 2600/2725/2681 2663/2786/2681 2664/2788/2681
f 2575/2728/2682 2574/2726/2682 2637/2787/2682 2638/2789/2682
f 2602/2664/2683 2601/2727/2683 2664/2788/2683 2665/2790/2683
f 2576/2666/2684 2575/2728/2684 2638/2789/2684 2639/2791/2684
f 2603/2665/2685 2602/2664/2685 2665/2790/2685 2666/2792/2685
f 2577/2667/2686 2576/2666/2686 2639/2791/2686 2640/2793/2686
f 2604/2668/2687 2603/2665/2687 2666/2792/2687 2667/2729/2687
f 2578/2669/2688 2577/2667/2688 2640/2793/2688 2641/2731/2688
f 2670/2735/2689 2669/2733/2689 2732/2794/2689 2733/2795/2689
f 2644/2736/2690 2643/2734/2690 2706/2796/2690 2707/2797/2690
f 2671/2737/2691 2670/2735/2691 2733/2795/2691 2734/2798/2691
f 2645/2738/2692 2644/2736/2692 2707/2797/2692 2708/2799/2692
f 2672/2739/2693 2671/2737/2693 2734/2798/2693 2735/2800/2693
f 2646/2740/2694 2645/2738/2694 2708/2799/2694 2709/2801/2694
f 2673/2741/2695 2672/2739/2695 2735/2800/2695 2736/2802/2695
f 2647/2742/2696 2646/2740/2696 2709/2801/2696 2710/2803/2696
f 2674/2743/2697 2673/2741/2697 2736/2802/2697 2737/2804/2697
f 2648/2744/2698 2647/2742/2698 2710/2803/2698 2711/2805/2698
f 2675/2745/2699 2674/2743/2699 2737/2804/2699 2738/2806/2699
f 2649/2746/2700 2648/2744/2700 2711/2805/2700 2712/2807/2700
f 2676/2747/2701 2675/2745/2701 2738/2806/2701 2739/2808/2701
f 2650/2748/2702 2649/2746/2702 2712/2807/2702 2713/2809/2702
f 2677/2749/2703 2676/2747/2703 2739/2808/2703 2740/2810/2703
f 2651/2750/2704 2650/2748/2704 2713/2809/2704 2714/2811/2704
f 2678/2751/2705 2677/2749/2705 2740/2810/2705 2741/2812/2705
f 2652/2752/2706 2651/2750/2706 2714/2811/2706 2715/2813/2706
f 2626/2754/2707 2058/2814/2707 2689/2815/2707
f 2679/2755/2708 2678/2751/2708 2741/2812/2708 2742/2816/2708
f 2653/2756/2709 2652/2752/2709 2715/2813/2709 2716/2817/2709
f 2627/2757/2710 2626/2754/2710 2689/2815/2710 2690/2818/2710
f 2680/2758/2711 2679/2755/2711 2742/2816/2711 2743/2819/2711
f 2654/2759/2712 2653/2756/2712 2716/2817/2712 2717/2820/2712
f 2628/2760/2713 2627/2757/2713 2690/2818/2713 2691/2821/2713
f 2681/2761/2714 2680/2758/2714 2743/2819/2714 2744/2822/2714
f 2655/2762/2715 2654/2759/2715 2717/2820/2715 2718/2823/2715
f 2629/2763/2716 2628/2760/2716 2691/2821/2716 2692/2824/2716
f 2682/2764/2717 2681/2761/2717 2744/2822/2717 2745/2825/2717
f 2656/2765/2718 2655/2762/2718 2718/2823/2718 2719/2826/2718
f 2630/2766/2719 2629/2763/2719 2692/2824/2719 2693/2827/2719
f 2683/2767/2720 2682/2764/2720 2745/2825/2720 2746/2828/2720
f 2657/2768/2721 2656/2765/2721 2719/2826/2721 2720/2829/2721
f 2631/2769/2722 2630/2766/2722 2693/2827/2722 2694/2830/2722
f 2684/2770/2723 2683/2767/2723 2746/2828/2723 2747/2831/2723
f 2658/2771/2724 2657/2768/2724 2720/2829/2724 2721/2832/2724
f 2632/2772/2725 2631/2769/2725 2694/2830/2725 2695/2833/2725
f 2685/2773/2726 2684/2770/2726 2747/2831/2726 2748/2834/2726
f 2659/2774/2727 2658/2771/2727 2721/2832/2727 2722/2835/2727
f 2633/2775/2728 2632/2772/2728 2695/2833/2728 2696/2836/2728
f 2686/2776/2729 2685/2773/2729 2748/2834/2729 2749/2837/2729
f 2660/2777/2730 2659/2774/2730 2722/2835/2730 2723/2838/2730
f 2634/2778/2731 2633/2775/2731 2696/2836/2731 2697/2839/2731
f 2687/2779/2732 2686/2776/2732 2749/2837/2732 2750/2840/2732
f 2661/2780/2733 2660/2777/2733 2723/2838/2733 2724/2841/2733
f 2635/2781/2734 2634/2778/2734 2697/2839/2734 2698/2842/2734
f 2688/2782/2735 2687/2779/2735 2750/2840/2735 2751/2843/2735
f 2662/2783/2736 2661/2780/2736 2724/2841/2736 2725/2844/2736
f 2636/2784/2737 2635/2781/2737 2698/2842/2737 2699/2845/2737
f 2752/2846/2738 2688/2782/2738 2751/2843/2738
f 2663/2786/2739 2662/2783/2739 2725/2844/2739 2726/2847/2739
f 2637/2787/2740 2636/2784/2740 2699/2845/2740 2700/2848/2740
f 2664/2788/2741 2663/2786/2741 2726/2847/2741 2727/2849/2741
f 2638/2789/2742 2637/2787/2742 2700/2848/2742 2701/2850/2742
f 2665/2790/2743 2664/2788/2743 2727/2849/2743 2728/2851/2743
f 2639/2791/2744 2638/2789/2744 2701/2850/2744 2702/2852/2744
f 2666/2792/2745 2665/2790/2745 2728/2851/2745 2729/2853/2745
f 2640/2793/2746 2639/2791/2746 2702/2852/2746 2703/2854/2746
f 2667/2729/2747 2666/2792/2747 2729/2853/2747 2730/2855/2747
f 2641/2731/2748 2640/2793/2748 2703/2854/2748 2704/2856/2748
f 2668/2730/2749 2667/2729/2749 2730/2855/2749 2731/2857/2749
f 2642/2732/2750 2641/2731/2750 2704/2856/2750 2705/2858/2750
f 2669/2733/2751 2668/2730/2751 2731/2857/2751 2732/2794/2751
f 2643/2734/2752 2642/2732/2752 2705/2858/2752 2706/2796/2752
f 2735/2800/2753 2734/2798/2753 2798/2859/2753 2799/2860/2753
f 2709/2801/2754 2708/2799/2754 2772/2861/2754 2773/2862/2754
f 2736/2802/2755 2735/2800/2755 2799/2860/2755 2800/2863/2755
f 2710/2803/2756 2709/2801/2756 2773/2862/2756 2774/2864/2756
f 2737/2804/2757 2736/2802/2757 2800/2863/2757 2801/2865/2757
f 2711/2805/2758 2710/2803/2758 2774/2864/2758 2775/2866/2758
f 2738/2806/2759 2737/2804/2759 2801/2865/2759 2802/2867/2759
f 2712/2807/2760 2711/2805/2760 2775/2866/2760 2776/2868/2760
f 2739/2808/2761 2738/2806/2761 2802/2867/2761 2803/2869/2761
f 2713/2809/2762 2712/2807/2762 2776/2868/2762 2777/2870/2762
f 2740/2810/2763 2739/2808/2763 2803/2869/2763 2804/2871/2763
f 2714/2811/2764 2713/2809/2764 2777/2870/2764 2778/2872/2764
f 2741/2812/2765 2740/2810/2765 2804/2871/2765 2805/2873/2765
f 2715/2813/2766 2714/2811/2766 2778/2872/2766 2779/2874/2766
f 2689/2815/2767 2058/2875/2767 2753/2876/2767
f 2742/2816/2768 2741/2812/2768 2805/2873/2768 2806/2877/2768
f 2716/2817/2769 2715/2813/2769 2779/2874/2769 2780/2878/2769
f 2690/2818/2770 2689/2815/2770 2753/2876/2770 2754/2879/2770
f 2743/2819/2771 2742/2816/2771 2806/2877/2771 2807/2880/2771
f 2717/2820/2772 2716/2817/2772 2780/2878/2772 2781/2881/2772
f 2691/2821/2773 2690/2818/2773 2754/2879/2773 2755/2882/2773
f 2744/2822/2774 2743/2819/2774 2807/2880/2774 2808/2883/2774
f 2718/2823/2775 2717/2820/2775 2781/2881/2775 2782/2884/2775
f 2692/2824/2776 2691/2821/2776 2755/2882/2776 2756/2885/2776
f 2745/2825/2777 2744/2822/2777 2808/2883/2777 2809/2886/2777
f 2719/2826/2778 2718/2823/2778 2782/2884/2778 2783/2887/2778
f 2693/2827/2779 2692/2824/2779 2756/2885/2779 2757/2888/2779
f 2746/2828/2780 2745/2825/2780 2809/2886/2780 2810/2889/2780
f 2720/2829/2781 2719/2826/2781 2783/2887/2781 2784/2890/2781
f 2694/2830/2782 2693/2827/2782 2757/2888/2782 2758/2891/2782
f 2747/2831/2783 2746/2828/2783 2810/2889/2783 2811/2892/2783
f 2721/2832/2784 2720/2829/2784 2784/2890/2784 2785/2893/2784
f 2695/2833/2785 2694/2830/2785 2758/2891/2785 2759/2894/2785
f 2748/2834/2786 2747/2831/2786 2811/2892/2786 2812/2895/2786
f 2722/2835/2787 2721/2832/2787 2785/2893/2787 2786/2896/2787
f 2696/2836/2788 2695/2833/2788 2759/2894/2788 2760/2897/2788
f 2749/2837/2789 2748/2834/2789 2812/2895/2789 2813/2898/2789
f 2723/2838/2790 2722/2835/2790 2786/2896/2790 2787/2899/2790
f 2697/2839/2791 2696/2836/2791 2760/2897/2791 2761/2900/2791
f 2750/2840/2792 2749/2837/2792 2813/2898/2792 2814/2901/2792
f 2724/2841/2793 2723/2838/2793 2787/2899/2793 2788/2902/2793
f 2698/2842/2794 2697/2839/2794 2761/2900/2794 2762/2903/2794
f 2751/2843/2795 2750/2840/2795 2814/2901/2795 2815/2904/2795
f 2725/2844/2796 2724/2841/2796 2788/2902/2796 2789/2905/2796
f 2699/2845/2797 2698/2842/2797 2762/2903/2797 2763/2906/2797
f 2752/2907/2798 2751/2843/2798 2815/2904/2798
f 2726/2847/2799 2725/2844/2799 2789/2905/2799 2790/2908/2799
f 2700/2848/2800 2699/2845/2800 2763/2906/2800 2764/2909/2800
f 2727/2849/2801 2726/2847/2801 2790/2908/2801 2791/2910/2801
f 2701/2850/2802 2700/2848/2802 2764/2909/2802 2765/2911/2802
f 2728/2851/2803 2727/2849/2803 2791/2910/2803 2792/2912/2803
f 2702/2852/2804 2701/2850/2804 2765/2911/2804 2766/2913/2804
f 2729/2853/2805 2728/2851/2805 2792/2912/2805 2793/2914/2805
f 2703/2854/2806 2702/2852/2806 2766/2913/2806 2767/2915/2806
f 2730/2855/2807 2729/2853/2807 2793/2914/2807 2794/2916/2807
f 2704/2856/2808 2703/2854/2808 2767/2915/2808 2768/2917/2808
f 2731/2857/2809 2730/2855/2809 2794/2916/2809 2795/2918/2809
f 2705/2858/2810 2704/2856/2810 2768/2917/2810 2769/2919/2810
f 2732/2794/2811 2731/2857/2811 2795/2918/2811 2796/2920/2811
f 2706/2796/2812 2705/2858/2812 2769/2919/2812 2770/2921/2812
f 2733/2795/2813 2732/2794/2813 2796/2920/2813 2797/2922/2813
f 2707/2797/2814 2706/2796/2814 2770/2921/2814 2771/2923/2814
f 2734/2798/2815 2733/2795/2815 2797/2922/2815 2798/2859/2815
f 2708/2799/2816 2707/2797/2816 2771/2923/2816 2772/2861/2816
f 2801/2865/2817 2800/2863/2817 2863/2924/2817 2864/2925/2817
f 2775/2866/2818 2774/2864/2818 2837/2926/2818 2838/2927/2818
f 2802/2867/2819 2801/2865/2819 2864/2925/2819 2865/2928/2819
f 2776/2868/2820 2775/2866/2820 2838/2927/2820 2839/2929/2820
f 2803/2869/2821 2802/2867/2821 2865/2928/2821 2866/2930/2821
f 2777/2870/2822 2776/2868/2822 2839/2929/2822 2840/2931/2822
f 2804/2871/2823 2803/2869/2823 2866/2930/2823 2867/2932/2823
f 2778/2872/2824 2777/2870/2824 2840/2931/2824 2841/2933/2824
f 2805/2873/2825 2804/2871/2825 2867/2932/2825 2868/2934/2825
f 2779/2874/2826 2778/2872/2826 2841/2933/2826 2842/2935/2826
f 2753/2876/2827 2058/2936/2827 2816/2937/2827
f 2806/2877/2828 2805/2873/2828 2868/2934/2828 2869/2938/2828
f 2780/2878/2829 2779/2874/2829 2842/2935/2829 2843/2939/2829
f 2754/2879/2830 2753/2876/2830 2816/2937/2830 2817/2940/2830
f 2807/2880/2831 2806/2877/2831 2869/2938/2831 2870/2941/2831
f 2781/2881/2832 2780/2878/2832 2843/2939/2832 2844/2942/2832
f 2755/2882/2833 2754/2879/2833 2817/2940/2833 2818/2943/2833
f 2808/2883/2834 2807/2880/2834 2870/2941/2834 2871/2944/2834
f 2782/2884/2835 2781/2881/2835 2844/2942/2835 2845/2945/2835
f 2756/2885/2836 2755/2882/2836 2818/2943/2836 2819/2946/2836
f 2809/2886/2837 2808/2883/2837 2871/2944/2837 2872/2947/2837
f 2783/2887/2838 2782/2884/2838 2845/2945/2838 2846/2948/2838
f 2757/2888/2839 2756/2885/2839 2819/2946/2839 2820/2949/2839
f 2810/2889/2840 2809/2886/2840 2872/2947/2840 2873/2950/2840
f 2784/2890/2841 2783/2887/2841 2846/2948/2841 2847/2951/2841
f 2758/2891/2842 2757/2888/2842 2820/2949/2842 2821/2952/2842
f 2811/2892/2843 2810/2889/2843 2873/2950/2843 2874/2953/2843
f 2785/2893/2844 2784/2890/2844 2847/2951/2844 2848/2954/2844
f 2759/2894/2845 2758/2891/2845 2821/2952/2845 2822/2955/2845
f 2812/2895/2846 2811/2892/2846 2874/2953/2846 2875/2956/2846
f 2786/2896/2847 2785/2893/2847 2848/2954/2847 2849/2957/2847
f 2760/2897/2848 2759/2894/2848 2822/2955/2848 2823/2958/2848
f 2813/2898/2849 2812/2895/2849 2875/2956/2849 2876/2959/2849
f 2787/2899/2850 2786/2896/2850 2849/2957/2850 2850/2960/2850
f 2761/2900/2851 2760/2897/2851 2823/2958/2851 2824/2961/2851
f 2814/2901/2852 2813/2898/2852 2876/2959/2852 2877/2962/2852
f 2788/2902/2853 2787/2899/2853 2850/2960/2853 2851/2963/2853
f 2762/2903/2854 2761/2900/2854 2824/2961/2854 2825/2964/2854
f 2815/2904/2855 2814/2901/2855 2877/2962/2855 2878/2965/2855
f 2789/2905/2856 2788/2902/2856 2851/2963/2856 2852/2966/2856
f 2763/2906/2857 2762/2903/2857 2825/2964/2857 2826/2967/2857
f 2752/2968/2858 2815/2904/2858 2878/2965/2858
f 2790/2908/2859 2789/2905/2859 2852/2966/2859 2853/2969/2859
f 2764/2909/2860 2763/2906/2860 2826/2967/2860 2827/2970/2860
f 2791/2910/2861 2790/2908/2861 2853/2969/2861 2854/2971/2861
f 2765/2911/2862 2764/2909/2862 2827/2970/2862 2828/2972/2862
f 2792/2912/2863 2791/2910/2863 2854/2971/2863 2855/2973/2863
f 2766/2913/2864 2765/2911/2864 2828/2972/2864 2829/2974/2864
f 2793/2914/2865 2792/2912/2865 2855/2973/2865 2856/2975/2865
f 2767/2915/2866 2766/2913/2866 2829/2974/2866 2830/2976/2866
f 2794/2916/2867 2793/2914/2867 2856/2975/2867 2857/2977/2867
f 2768/2917/2868 2767/2915/2868 2830/2976/2868 2831/2978/2868
f 2795/2918/2869 2794/2916/2869 2857/2977/2869 2858/2979/2869
f 2769/2919/2870 2768/2917/2870 2831/2978/2870 2832/2980/2870
f 2796/2920/2871 2795/2918/2871 2858/2979/2871 2859/2981/2871
f 2770/2921/2872 2769/2919/2872 2832/2980/2872 2833/2982/2872
f 2797/2922/2873 2796/2920/2873 2859/2981/2873 2860/2983/2873
f 2771/2923/2874 2770/2921/2874 2833/2982/2874 2834/2984/2874
f 2798/2859/2875 2797/2922/2875 2860/2983/2875 2861/2985/2875
f 2772/2861/2876 2771/2923/2876 2834/2984/2876 2835/2986/2876
f 2799/2860/2877 2798/2859/2877 2861/2985/2877 2862/2987/2877
f 2773/2862/2878 2772/2861/2878 2835/2986/2878 2836/2988/2878
f 2800/2863/2879 2799/2860/2879 2862/2987/2879 2863/2924/2879
f 2774/2864/2880 2773/2862/2880 2836/2988/2880 2837/2926/2880
f 2866/2930/2881 2865/2928/2881 2928/2989/2881 2929/2990/2881
f 2840/2931/2882 2839/2929/2882 2902/2991/2882 2903/2992/2882
f 2867/2932/2883 2866/2930/2883 2929/2990/2883 2930/2993/2883
f 2841/2933/2884 2840/2931/2884 2903/2992/2884 2904/2994/2884
f 2868/2934/2885 2867/2932/2885 2930/2993/2885 2931/2995/2885
f 2842/2935/2886 2841/2933/2886 2904/2994/2886 2905/2996/2886
f 2816/2937/2887 2058/2997/2887 2879/2998/2887
f 2869/2938/2888 2868/2934/2888 2931/2995/2888 2932/2999/2888
f 2843/2939/2889 2842/2935/2889 2905/2996/2889 2906/3000/2889
f 2817/2940/2890 2816/2937/2890 2879/2998/2890 2880/3001/2890
f 2870/2941/2891 2869/2938/2891 2932/2999/2891 2933/3002/2891
f 2844/2942/2892 2843/2939/2892 2906/3000/2892 2907/3003/2892
f 2818/2943/2893 2817/2940/2893 2880/3001/2893 2881/3004/2893
f 2871/2944/2894 2870/2941/2894 2933/3002/2894 2934/3005/2894
f 2845/2945/2895 2844/2942/2895 2907/3003/2895 2908/3006/2895
f 2819/2946/2896 2818/2943/2896 2881/3004/2896 2882/3007/2896
f 2872/2947/2897 2871/2944/2897 2934/3005/2897 2935/3008/2897
f 2846/2948/2898 2845/2945/2898 2908/3006/2898 2909/3009/2898
f 2820/2949/2899 2819/2946/2899 2882/3007/2899 2883/3010/2899
f 2873/2950/2900 2872/2947/2900 2935/3008/2900 2936/3011/2900
f 2847/2951/2901 2846/2948/2901 2909/3009/2901 2910/3012/2901
f 2821/2952/2902 2820/2949/2902 2883/3010/2902 2884/3013/2902
f 2874/2953/2903 2873/2950/2903 2936/3011/2903 2937/3014/2903
f 2848/2954/2904 2847/2951/2904 2910/3012/2904 2911/3015/2904
f 2822/2955/2905 2821/2952/2905 2884/3013/2905 2885/3016/2905
f 2875/2956/2906 2874/2953/2906 2937/3014/2906 2938/3017/2906
f 2849/2957/2907 2848/2954/2907 2911/3015/2907 2912/3018/2907
f 2823/2958/2908 2822/2955/2908 2885/3016/2908 2886/3019/2908
f 2876/2959/2909 2875/2956/2909 2938/3017/2909 2939/3020/2909
f 2850/2960/2910 2849/2957/2910 2912/3018/2910 2913/3021/2910
f 2824/2961/2911 2823/2958/2911 2886/3019/2911 2887/3022/2911
f 2877/2962/2912 2876/2959/2912 2939/3020/2912 2940/3023/2912
f 2851/2963/2913 2850/2960/2913 2913/3021/2913 2914/3024/2913
f 2825/2964/2914 2824/2961/2914 2887/3022/2914 2888/3025/2914
f 2878/2965/2915 2877/2962/2915 2940/3023/2915 2941/3026/2915
f 2852/2966/2916 2851/2963/2916 2914/3024/2916 2915/3027/2916
f 2826/2967/2917 2825/2964/2917 2888/3025/2917 2889/3028/2917
f 2752/3029/2918 2878/2965/2918 2941/3026/2918
f 2853/2969/2919 2852/2966/2919 2915/3027/2919 2916/3030/2919
f 2827/2970/2920 2826/2967/2920 2889/3028/2920 2890/3031/2920
f 2854/2971/2921 2853/2969/2921 2916/3030/2921 2917/3032/2921
f 2828/2972/2922 2827/2970/2922 2890/3031/2922 2891/3033/2922
f 2855/2973/2923 2854/2971/2923 2917/3032/2923 2918/3034/2923
f 2829/2974/2924 2828/2972/2924 2891/3033/2924 2892/3035/2924
f 2856/2975/2925 2855/2973/2925 2918/3034/2925 2919/3036/2925
f 2830/2976/2926 2829/2974/2926 2892/3035/2926 2893/3037/2926
f 2857/2977/2927 2856/2975/2927 2919/3036/2927 2920/3038/2927
f 2831/2978/2928 2830/2976/2928 2893/3037/2928 2894/3039/2928
f 2858/2979/2929 2857/2977/2929 2920/3038/2929 2921/3040/2929
f 2832/2980/2930 2831/2978/2930 2894/3039/2930 2895/3041/2930
f 2859/2981/2931 2858/2979/2931 2921/3040/2931 2922/3042/2931
f 2833/2982/2932 2832/2980/2932 2895/3041/2932 2896/3043/2932
f 2860/2983/2933 2859/2981/2933 2922/3042/2933 2923/3044/2933
f 2834/2984/2934 2833/2982/2934 2896/3043/2934 2897/3045/2934
f 2861/2985/2935 2860/2983/2935 2923/3044/2935 2924/3046/2935
f 2835/2986/2936 2834/2984/2936 2897/3045/2936 2898/3047/2936
f 2862/2987/2937 2861/2985/2937 2924/3046/2937 2925/3048/2937
f 2836/2988/2938 2835/2986/2938 2898/3047/2938 2899/3049/2938
f 2863/2924/2939 2862/2987/2939 2925/3048/2939 2926/3050/2939
f 2837/2926/2940 2836/2988/2940 2899/3049/2940 2900/3051/2940
f 2864/2925/2941 2863/2924/2941 2926/3050/2941 2927/3052/2941
f 2838/2927/2942 2837/2926/2942 2900/3051/2942 2901/3053/2942
f 2865/2928/2943 2864/2925/2943 2927/3052/2943 2928/2989/2943
f 2839/2929/2944 2838/2927/2944 2901/3053/2944 2902/2991/2944
f 2931/2995/2945 2930/2993/2945 2993/3054/2945 2994/3055/2945
f 2905/2996/2946 2904/2994/2946 2967/3056/2946 2968/3057/2946
f 2879/2998/2947 2058/3058/2947 2942/3059/2947
f 2932/2999/2948 2931/2995/2948 2994/3055/2948 2995/3060/2948
f 2906/3000/2949 2905/2996/2949 2968/3057/2949 2969/3061/2949
f 2880/3001/2950 2879/2998/2950 2942/3059/2950 2943/3062/2950
f 2933/3002/2951 2932/2999/2951 2995/3060/2951 2996/3063/2951
f 2907/3003/2952 2906/3000/2952 2969/3061/2952 2970/3064/2952
f 2881/3004/2953 2880/3001/2953 2943/3062/2953 2944/3065/2953
f 2934/3005/2954 2933/3002/2954 2996/3063/2954 2997/3066/2954
f 2908/3006/2955 2907/3003/2955 2970/3064/2955 2971/3067/2955
f 2882/3007/2956 2881/3004/2956 2944/3065/2956 2945/3068/2956
f 2935/3008/2957 2934/3005/2957 2997/3066/2957 2998/3069/2957
f 2909/3009/2958 2908/3006/2958 2971/3067/2958 2972/3070/2958
f 2883/3010/2959 2882/3007/2959 2945/3068/2959 2946/3071/2959
f 2936/3011/2960 2935/3008/2960 2998/3069/2960 2999/3072/2960
f 2910/3012/2961 2909/3009/2961 2972/3070/2961 2973/3073/2961
f 2884/3013/2962 2883/3010/2962 2946/3071/2962 2947/3074/2962
f 2937/3014/2963 2936/3011/2963 2999/3072/2963 3000/3075/2963
f 2911/3015/2964 2910/3012/2964 2973/3073/2964 2974/3076/2964
f 2885/3016/2965 2884/3013/2965 2947/3074/2965 2948/3077/2965
f 2938/3017/2966 2937/3014/2966 3000/3075/2966 3001/3078/2966
f 2912/3018/2967 2911/3015/2967 2974/3076/2967 2975/3079/2967
f 2886/3019/2968 2885/3016/2968 2948/3077/2968 2949/3080/2968
f 2939/3020/2969 2938/3017/2969 3001/3078/2969 3002/3081/2969
f 2913/3021/2970 2912/3018/2970 2975/3079/2970 2976/3082/2970
f 2887/3022/2971 2886/3019/2971 2949/3080/2971 2950/3083/2971
f 2940/3023/2972 2939/3020/2972 3002/3081/2972 3003/3084/2972
f 2914/3024/2973 2913/3021/2973 2976/3082/2973 2977/3085/2973
f 2888/3025/2974 2887/3022/2974 2950/3083/2974 2951/3086/2974
f 2941/3026/2975 2940/3023/2975 3003/3084/2975 3004/3087/2975
f 2915/3027/2976 2914/3024/2976 2977/3085/2976 2978/3088/2976
f 2889/3028/2977 2888/3025/2977 2951/3086/2977 2952/3089/2977
f 2752/3090/2978 2941/3026/2978 3004/3087/2978
f 2916/3030/2979 2915/3027/2979 2978/3088/2979 2979/3091/2979
f 2890/3031/2980 2889/3028/2980 2952/3089/2980 2953/3092/2980
f 2917/3032/2981 2916/3030/2981 2979/3091/2981 2980/3093/2981
f 2891/3033/2982 2890/3031/2982 2953/3092/2982 2954/3094/2982
f 2918/3034/2983 2917/3032/2983 2980/3093/2983 2981/3095/2983
f 2892/3035/2984 2891/3033/2984 2954/3094/2984 2955/3096/2984
f 2919/3036/2985 2918/3034/2985 2981/3095/2985 2982/3097/2985
f 2893/3037/2986 2892/3035/2986 2955/3096/2986 2956/3098/2986
f 2920/3038/2987 2919/3036/2987 2982/3097/2987 2983/3099/2987
f 2894/3039/2988 2893/3037/2988 2956/3098/2988 2957/3100/2988
f 2921/3040/2989 2920/3038/2989 2983/3099/2989 2984/3101/2989
f 2895/3041/2990 2894/3039/2990 2957/3100/2990 2958/3102/2990
f 2922/3042/2991 2921/3040/2991 2984/3101/2991 2985/3103/2991
f 2896/3043/2992 2895/3041/2992 2958/3102/2992 2959/3104/2992
f 2923/3044/2993 2922/3042/2993 2985/3103/2993 2986/3105/2993
f 2897/3045/2994 2896/3043/2994 2959/3104/2994 2960/3106/2994
f 2924/3046/2995 2923/3044/2995 2986/3105/2995 2987/3107/2995
f 2898/3047/2996 2897/3045/2996 2960/3106/2996 2961/3108/2996
f 2925/3048/2997 2924/3046/2997 2987/3107/2997 2988/3109/2997
f 2899/3049/2998 2898/3047/2998 2961/3108/2998 2962/3110/2998
f 2926/3050/2999 2925/3048/2999 2988/3109/2999 2989/3111/2999
f 2900/3051/3000 2899/3049/3000 2962/3110/3000 2963/3112/3000
f 2927/3052/3001 2926/3050/3001 2989/3111/3001 2990/3113/3001
f 2901/3053/3002 2900/3051/3002 2963/3112/3002 2964/3114/3002
f 2928/2989/3003 2927/3052/3003 2990/3113/3003 2991/3115/3003
f 2902/2991/3004 2901/3053/3004 2964/3114/3004 2965/3116/3004
f 2929/2990/3005 2928/2989/3005 2991/3115/3005 2992/3117/3005
f 2903/2992/3006 2902/2991/3006 2965/3116/3006 2966/3118/3006
f 2930/2993/3007 2929/2990/3007 2992/3117/3007 2993/3054/3007
f 2904/2994/3008 2903/2992/3008 2966/3118/3008 2967/3056/3008
f 2996/3063/3009 2995/3060/3009 3058/3119/3009 3059/3120/3009
f 2970/3064/3010 2969/3061/3010 3032/3121/3010 3033/3122/3010
f 2944/3065/3011 2943/3062/3011 3006/3123/3011 3007/3124/3011
f 2997/3066/3012 2996/3063/3012 3059/3120/3012 3060/3125/3012
f 2971/3067/3013 2970/3064/3013 3033/3122/3013 3034/3126/3013
f 2945/3068/3014 2944/3065/3014 3007/3124/3014 3008/3127/3014
f 2998/3069/3015 2997/3066/3015 3060/3125/3015 3061/3128/3015
f 2972/3070/3016 2971/3067/3016 3034/3126/3016 3035/3129/3016
f 2946/3071/3017 2945/3068/3017 3008/3127/3017 3009/3130/3017
f 2999/3072/3018 2998/3069/3018 3061/3128/3018 3062/3131/3018
f 2973/3073/3019 2972/3070/3019 3035/3129/3019 3036/3132/3019
f 2947/3074/3020 2946/3071/3020 3009/3130/3020 3010/3133/3020
f 3000/3075/3021 2999/3072/3021 3062/3131/3021 3063/3134/3021
f 2974/3076/3022 2973/3073/3022 3036/3132/3022 3037/3135/3022
f 2948/3077/3023 2947/3074/3023 3010/3133/3023 3011/3136/3023
f 3001/3078/3024 3000/3075/3024 3063/3134/3024 3064/3137/3024
f 2975/3079/3025 2974/3076/3025 3037/3135/3025 3038/3138/3025
f 2949/3080/3026 2948/3077/3026 3011/3136/3026 3012/3139/3026
f 3002/3081/3027 3001/3078/3027 3064/3137/3027 3065/3140/3027
f 2976/3082/3028 2975/3079/3028 3038/3138/3028 3039/3141/3028
f 2950/3083/3029 2949/3080/3029 3012/3139/3029 3013/3142/3029
f 3003/3084/3030 3002/3081/3030 3065/3140/3030 3066/3143/3030
f 2977/3085/3031 2976/3082/3031 3039/3141/3031 3040/3144/3031
f 2951/3086/3032 2950/3083/3032 3013/3142/3032 3014/3145/3032
f 3004/3087/3033 3003/3084/3033 3066/3143/3033 3067/3146/3033
f 2978/3088/3034 2977/3085/3034 3040/3144/3034 3041/3147/3034
f 2952/3089/3035 2951/3086/3035 3014/3145/3035 3015/3148/3035
f 2752/3149/3036 3004/3087/3036 3067/3146/3036
f 2979/3091/3037 2978/3088/3037 3041/3147/3037 3042/3150/3037
f 2953/3092/3038 2952/3089/3038 3015/3148/3038 3016/3151/3038
f 2980/3093/3039 2979/3091/3039 3042/3150/3039 3043/3152/3039
f 2954/3094/3040 2953/3092/3040 3016/3151/3040 3017/3153/3040
f 2981/3095/3041 2980/3093/3041 3043/3152/3041 3044/3154/3041
f 2955/3096/3042 2954/3094/3042 3017/3153/3042 3018/3155/3042
f 2982/3097/3043 2981/3095/3043 3044/3154/3043 3045/3156/3043
f 2956/3098/3044 2955/3096/3044 3018/3155/3044 3019/3157/3044
f 2983/3099/3045 2982/3097/3045 3045/3156/3045 3046/3158/3045
f 2957/3100/3046 2956/3098/3046 3019/3157/3046 3020/3159/3046
f 2984/3101/3047 2983/3099/3047 3046/3158/3047 3047/3160/3047
f 2958/3102/3048 2957/3100/3048 3020/3159/3048 3021/3161/3048
f 2985/3103/3049 2984/3101/3049 3047/3160/3049 3048/3162/3049
f 2959/3104/3050 2958/3102/3050 3021/3161/3050 3022/3163/3050
f 2986/3105/3051 2985/3103/3051 3048/3162/3051 3049/3164/3051
f 2960/3106/3052 2959/3104/3052 3022/3163/3052 3023/3165/3052
f 2987/3107/3053 2986/3105/3053 3049/3164/3053 3050/3166/3053
f 2961/3108/3054 2960/3106/3054 3023/3165/3054 3024/3167/3054
f 2988/3109/3055 2987/3107/3055 3050/3166/3055 3051/3168/3055
f 2962/3110/3056 2961/3108/3056 3024/3167/3056 3025/3169/3056
f 2989/3111/3057 2988/3109/3057 3051/3168/3057 3052/3170/3057
f 2963/3112/3058 2962/3110/3058 3025/3169/3058 3026/3171/3058
f 2990/3113/3059 2989/3111/3059 3052/3170/3059 3053/3172/3059
f 2964/3114/3060 2963/3112/3060 3026/3171/3060 3027/3173/3060
f 2991/3115/3061 2990/3113/3061 3053/3172/3061 3054/3174/3061
f 2965/3116/3062 2964/3114/3062 3027/3173/3062 3028/3175/3062
f 2992/3117/3063 2991/3115/3063 3054/3174/3063 3055/3176/3063
f 2966/3118/3064 2965/3116/3064 3028/3175/3064 3029/3177/3064
f 2993/3054/3065 2992/3117/3065 3055/3176/3065 3056/3178/3065
f 2967/3056/3066 2966/3118/3066 3029/3177/3066 3030/3179/3066
f 2994/3055/3067 2993/3054/3067 3056/3178/3067 3057/3180/3067
f 2968/3057/3068 2967/3056/3068 3030/3179/3068 3031/3181/3068
f 2942/3059/3069 2058/3182/3069 3005/3183/3069
f 2995/3060/3070 2994/3055/3070 3057/3180/3070 3058/3119/3070
f 2969/3061/3071 2968/3057/3071 3031/3181/3071 3032/3121/3071
f 2943/3062/3072 2942/3059/3072 3005/3183/3072 3006/3123/3072
f 3061/3184/3073 3060/3185/3073 3123/3186/3073 3124/3187/3073
f 3035/3188/3074 3034/3189/3074 3097/3190/3074 3098/3191/3074
f 3009/3192/3075 3008/3193/3075 3071/3194/3075 3072/3195/3075
f 3062/3196/3076 3061/3184/3076 3124/3187/3076 3125/3197/3076
f 3036/3198/3077 3035/3188/3077 3098/3191/3077 3099/3199/3077
f 3010/3200/3078 3009/3192/3078 3072/3195/3078 3073/3201/3078
f 3063/3202/3079 3062/3196/3079 3125/3197/3079 3126/3203/3079
f 3037/3204/3080 3036/3198/3080 3099/3199/3080 3100/3205/3080
f 3011/3206/3081 3010/3200/3081 3073/3201/3081 3074/3207/3081
f 3064/3208/3082 3063/3202/3082 3126/3203/3082 3127/3209/3082
f 3038/3210/3083 3037/3204/3083 3100/3205/3083 3101/3211/3083
f 3012/3212/3084 3011/3206/3084 3074/3207/3084 3075/3213/3084
f 3065/3214/3085 3064/3208/3085 3127/3209/3085 3128/3215/3085
f 3039/3216/3086 3038/3210/3086 3101/3211/3086 3102/3217/3086
f 3013/3218/3087 3012/3212/3087 3075/3213/3087 3076/3219/3087
f 3066/3220/3088 3065/3214/3088 3128/3215/3088 3129/3221/3088
f 3040/3222/3089 3039/3216/3089 3102/3217/3089 3103/3223/3089
f 3014/3224/3090 3013/3218/3090 3076/3219/3090 3077/3225/3090
f 3067/3226/3091 3066/3220/3091 3129/3221/3091 3130/3227/3091
f 3041/3228/3092 3040/3222/3092 3103/3223/3092 3104/3229/3092
f 3015/3230/3093 3014/3224/3093 3077/3225/3093 3078/3231/3093
f 2752/3232/3094 3067/3226/3094 3130/3227/3094
f 3042/3233/3095 3041/3228/3095 3104/3229/3095 3105/3234/3095
f 3016/3235/3096 3015/3230/3096 3078/3231/3096 3079/3236/3096
f 3043/3237/3097 3042/3233/3097 3105/3234/3097 3106/3238/3097
f 3017/3239/3098 3016/3235/3098 3079/3236/3098 3080/3240/3098
f 3044/3241/3099 3043/3237/3099 3106/3238/3099 3107/3242/3099
f 3018/3243/3100 3017/3239/3100 3080/3240/3100 3081/3244/3100
f 3045/3245/3101 3044/3241/3101 3107/3242/3101 3108/3246/3101
f 3019/3247/3102 3018/3243/3102 3081/3244/3102 3082/3248/3102
f 3046/3249/3103 3045/3245/3103 3108/3246/3103 3109/3250/3103
f 3020/3251/3104 3019/3247/3104 3082/3248/3104 3083/3252/3104
f 3047/3253/3105 3046/3249/3105 3109/3250/3105 3110/3254/3105
f 3021/3255/3106 3020/3251/3106 3083/3252/3106 3084/3256/3106
f 3048/3257/3107 3047/3253/3107 3110/3254/3107 3111/3258/3107
f 3022/3259/3108 3021/3255/3108 3084/3256/3108 3085/3260/3108
f 3049/3261/3109 3048/3257/3109 3111/3258/3109 3112/3262/3109
f 3023/3263/3110 3022/3259/3110 3085/3260/3110 3086/3264/3110
f 3050/3265/3111 3049/3261/3111 3112/3262/3111 3113/3266/3111
f 3024/3267/3112 3023/3263/3112 3086/3264/3112 3087/3268/3112
f 3051/3269/3113 3050/3265/3113 3113/3266/3113 3114/3270/3113
f 3025/3271/3114 3024/3267/3114 3087/3268/3114 3088/3272/3114
f 3052/3273/3115 3051/3269/3115 3114/3270/3115 3115/3274/3115
f 3026/3275/3116 3025/3271/3116 3088/3272/3116 3089/3276/3116
f 3053/3277/3117 3052/3273/3117 3115/3274/3117 3116/3278/3117
f 3027/3279/3118 3026/3275/3118 3089/3276/3118 3090/3280/3118
f 3054/3281/3119 3053/3277/3119 3116/3278/3119 3117/3282/3119
f 3028/3283/3120 3027/3279/3120 3090/3280/3120 3091/3284/3120
f 3055/3285/3121 3054/3281/3121 3117/3282/3121 3118/3286/3121
f 3029/3287/3122 3028/3283/3122 3091/3284/3122 3092/3288/3122
f 3056/3289/3123 3055/3285/3123 3118/3286/3123 3119/3290/3123
f 3030/3291/3124 3029/3287/3124 3092/3288/3124 3093/3292/3124
f 3057/3293/3125 3056/3289/3125 3119/3290/3125 3120/3294/3125
f 3031/3295/3126 3030/3291/3126 3093/3292/3126 3094/3296/3126
f 3005/3297/3127 2058/3298/3127 3068/3299/3127
f 3058/3300/3128 3057/3293/3128 3120/3294/3128 3121/3301/3128
f 3032/3302/3129 3031/3295/3129 3094/3296/3129 3095/3303/3129
f 3006/3304/3130 3005/3297/3130 3068/3299/3130 3069/3305/3130
f 3059/3306/3131 3058/3300/3131 3121/3301/3131 3122/3307/3131
f 3033/3308/3132 3032/3302/3132 3095/3303/3132 3096/3309/3132
f 3007/3310/3133 3006/3304/3133 3069/3305/3133 3070/3311/3133
f 3060/3185/3134 3059/3306/3134 3122/3307/3134 3123/3186/3134
f 3034/3189/3135 3033/3308/3135 3096/3309/3135 3097/3190/3135
f 3008/3193/3136 3007/3310/3136 3070/3311/3136 3071/3194/3136
f 3126/3203/3137 3125/3197/3137 3188/3312/3137 3189/3313/3137
f 3100/3205/3138 3099/3199/3138 3162/3314/3138 3163/3315/3138
f 3074/3207/3139 3073/3201/3139 3136/3316/3139 3137/3317/3139
f 3127/3209/3140 3126/3203/3140 3189/3313/3140 3190/3318/3140
f 3101/3211/3141 3100/3205/3141 3163/3315/3141 3164/3319/3141
f 3075/3213/3142 3074/3207/3142 3137/3317/3142 3138/3320/3142
f 3128/3215/3143 3127/3209/3143 3190/3318/3143 3191/3321/3143
f 3102/3217/3144 3101/3211/3144 3164/3319/3144 3165/3322/3144
f 3076/3219/3145 3075/3213/3145 3138/3320/3145 3139/3323/3145
f 3129/3221/3146 3128/3215/3146 3191/3321/3146 3192/3324/3146
f 3103/3223/3147 3102/3217/3147 3165/3322/3147 3166/3325/3147
f 3077/3225/3148 3076/3219/3148 3139/3323/3148 3140/3326/3148
f 3130/3227/3149 3129/3221/3149 3192/3324/3149 3193/3327/3149
f 3104/3229/3150 3103/3223/3150 3166/3325/3150 3167/3328/3150
f 3078/3231/3151 3077/3225/3151 3140/3326/3151 3141/3329/3151
f 2752/3330/3152 3130/3227/3152 3193/3327/3152
f 3105/3234/3153 3104/3229/3153 3167/3328/3153 3168/3331/3153
f 3079/3236/3154 3078/3231/3154 3141/3329/3154 3142/3332/3154
f 3106/3238/3155 3105/3234/3155 3168/3331/3155 3169/3333/3155
f 3080/3240/3156 3079/3236/3156 3142/3332/3156 3143/3334/3156
f 3107/3242/3157 3106/3238/3157 3169/3333/3157 3170/3335/3157
f 3081/3244/3158 3080/3240/3158 3143/3334/3158 3144/3336/3158
f 3108/3246/3159 3107/3242/3159 3170/3335/3159 3171/3337/3159
f 3082/3248/3160 3081/3244/3160 3144/3336/3160 3145/3338/3160
f 3109/3250/3161 3108/3246/3161 3171/3337/3161 3172/3339/3161
f 3083/3252/3162 3082/3248/3162 3145/3338/3162 3146/3340/3162
f 3110/3254/3163 3109/3250/3163 3172/3339/3163 3173/3341/3163
f 3084/3256/3164 3083/3252/3164 3146/3340/3164 3147/3342/3164
f 3111/3258/3165 3110/3254/3165 3173/3341/3165 3174/3343/3165
f 3085/3260/3166 3084/3256/3166 3147/3342/3166 3148/3344/3166
f 3112/3262/3167 3111/3258/3167 3174/3343/3167 3175/3345/3167
f 3086/3264/3168 3085/3260/3168 3148/3344/3168 3149/3346/3168
f 3113/3266/3169 3112/3262/3169 3175/3345/3169 3176/3347/3169
f 3087/3268/3170 3086/3264/3170 3149/3346/3170 3150/3348/3170
f 3114/3270/3171 3113/3266/3171 3176/3347/3171 3177/3349/3171
f 3088/3272/3172 3087/3268/3172 3150/3348/3172 3151/3350/3172
f 3115/3274/3173 3114/3270/3173 3177/3349/3173 3178/3351/3173
f 3089/3276/3174 3088/3272/3174 3151/3350/3174 3152/3352/3174
f 3116/3278/3175 3115/3274/3175 3178/3351/3175 3179/3353/3175
f 3090/3280/3176 3089/3276/3176 3152/3352/3176 3153/3354/3176
f 3117/3282/3177 3116/3278/3177 3179/3353/3177 3180/3355/3177
f 3091/3284/3178 3090/3280/3178 3153/3354/3178 3154/3356/3178
f 3118/3286/3179 3117/3282/3179 3180/3355/3179 3181/3357/3179
f 3092/3288/3180 3091/3284/3180 3154/3356/3180 3155/3358/3180
f 3119/3290/3181 3118/3286/3181 3181/3357/3181 3182/3359/3181
f 3093/3292/3182 3092/3288/3182 3155/3358/3182 3156/3360/3182
f 3120/3294/3183 3119/3290/3183 3182/3359/3183 3183/3361/3183
f 3094/3296/3184 3093/3292/3184 3156/3360/3184 3157/3362/3184
f 3068/3299/3185 2058/3363/3185 3131/3364/3185
f 3121/3301/3186 3120/3294/3186 3183/3361/3186 3184/3365/3186
f 3095/3303/3187 3094/3296/3187 3157/3362/3187 3158/3366/3187
f 3069/3305/3188 3068/3299/3188 3131/3364/3188 3132/3367/3188
f 3122/3307/3189 3121/3301/3189 3184/3365/3189 3185/3368/3189
f 3096/3309/3190 3095/3303/3190 3158/3366/3190 3159/3369/3190
f 3070/3311/3191 3069/3305/3191 3132/3367/3191 3133/3370/3191
f 3123/3186/3192 3122/3307/3192 3185/3368/3192 3186/3371/3192
f 3097/3190/3193 3096/3309/3193 3159/3369/3193 3160/3372/3193
f 3071/3194/3194 3070/3311/3194 3133/3370/3194 3134/3373/3194
f 3124/3187/3195 3123/3186/3195 3186/3371/3195 3187/3374/3195
f 3098/3191/3196 3097/3190/3196 3160/3372/3196 3161/3375/3196
f 3072/3195/3197 3071/3194/3197 3134/3373/3197 3135/3376/3197
f 3125/3197/3198 3124/3187/3198 3187/3374/3198 3188/3312/3198
f 3099/3199/3199 3098/3191/3199 3161/3375/3199 3162/3314/3199
f 3073/3201/3200 3072/3195/3200 3135/3376/3200 3136/3316/3200
f 3191/3321/3201 3190/3318/3201 3253/3377/3201 3254/3378/3201
f 3165/3322/3202 3164/3319/3202 3227/3379/3202 3228/3380/3202
f 3139/3323/3203 3138/3320/3203 3201/3381/3203 3202/3382/3203
f 3192/3324/3204 3191/3321/3204 3254/3378/3204 3255/3383/3204
f 3166/3325/3205 3165/3322/3205 3228/3380/3205 3229/3384/3205
f 3140/3326/3206 3139/3323/3206 3202/3382/3206 3203/3385/3206
f 3193/3327/3207 3192/3324/3207 3255/3383/3207 3256/3386/3207
f 3167/3328/3208 3166/3325/3208 3229/3384/3208 3230/3387/3208
f 3141/3329/3209 3140/3326/3209 3203/3385/3209 3204/3388/3209
f 2752/3389/3210 3193/3327/3210 3256/3386/3210
f 3168/3331/3211 3167/3328/3211 3230/3387/3211 3231/3390/3211
f 3142/3332/3212 3141/3329/3212 3204/3388/3212 3205/3391/3212
f 3169/3333/3213 3168/3331/3213 3231/3390/3213 3232/3392/3213
f 3143/3334/3214 3142/3332/3214 3205/3391/3214 3206/3393/3214
f 3170/3335/3215 3169/3333/3215 3232/3392/3215 3233/3394/3215
f 3144/3336/3216 3143/3334/3216 3206/3393/3216 3207/3395/3216
f 3171/3337/3217 3170/3335/3217 3233/3394/3217 3234/3396/3217
f 3145/3338/3218 3144/3336/3218 3207/3395/3218 3208/3397/3218
f 3172/3339/3219 3171/3337/3219 3234/3396/3219 3235/3398/3219
f 3146/3340/3220 3145/3338/3220 3208/3397/3220 3209/3399/3220
f 3173/3341/3221 3172/3339/3221 3235/3398/3221 3236/3400/3221
f 3147/3342/3222 3146/3340/3222 3209/3399/3222 3210/3401/3222
f 3174/3343/3223 3173/3341/3223 3236/3400/3223 3237/3402/3223
f 3148/3344/3224 3147/3342/3224 3210/3401/3224 3211/3403/3224
f 3175/3345/3225 3174/3343/3225 3237/3402/3225 3238/3404/3225
f 3149/3346/3226 3148/3344/3226 3211/3403/3226 3212/3405/3226
f 3176/3347/3227 3175/3345/3227 3238/3404/3227 3239/3406/3227
f 3150/3348/3228 3149/3346/3228 3212/3405/3228 3213/3407/3228
f 3177/3349/3229 3176/3347/3229 3239/3406/3229 3240/3408/3229
f 3151/3350/3230 3150/3348/3230 3213/3407/3230 3214/3409/3230
f 3178/3351/3231 3177/3349/3231 3240/3408/3231 3241/3410/3231
f 3152/3352/3232 3151/3350/3232 3214/3409/3232 3215/3411/3232
f 3179/3353/3233 3178/3351/3233 3241/3410/3233 3242/3412/3233
f 3153/3354/3234 3152/3352/3234 3215/3411/3234 3216/3413/3234
f 3180/3355/3235 3179/3353/3235 3242/3412/3235 3243/3414/3235
f 3154/3356/3236 3153/3354/3236 3216/3413/3236 3217/3415/3236
f 3181/3357/3237 3180/3355/3237 3243/3414/3237 3244/3416/3237
f 3155/3358/3238 3154/3356/3238 3217/3415/3238 3218/3417/3238
f 3182/3359/3239 3181/3357/3239 3244/3416/3239 3245/3418/3239
f 3156/3360/3240 3155/3358/3240 3218/3417/3240 3219/3419/3240
f 3183/3361/3241 3182/3359/3241 3245/3418/3241 3246/3420/3241
f 3157/3362/3242 3156/3360/3242 3219/3419/3242 3220/3421/3242
f 3131/3364/3243 2058/3422/3243 3194/3423/3243
f 3184/3365/3244 3183/3361/3244 3246/3420/3244 3247/3424/3244
f 3158/3366/3245 3157/3362/3245 3220/3421/3245 3221/3425/3245
f 3132/3367/3246 3131/3364/3246 3194/3423/3246 3195/3426/3246
f 3185/3368/3247 3184/3365/3247 3247/3424/3247 3248/3427/3247
f 3159/3369/3248 3158/3366/3248 3221/3425/3248 3222/3428/3248
f 3133/3370/3249 3132/3367/3249 3195/3426/3249 3196/3429/3249
f 3186/3371/3250 3185/3368/3250 3248/3427/3250 3249/3430/3250
f 3160/3372/3251 3159/3369/3251 3222/3428/3251 3223/3431/3251
f 3134/3373/3252 3133/3370/3252 3196/3429/3252 3197/3432/3252
f 3187/3374/3253 3186/3371/3253 3249/3430/3253 3250/3433/3253
f 3161/3375/3254 3160/3372/3254 3223/3431/3254 3224/3434/3254
f 3135/3376/3255 3134/3373/3255 3197/3432/3255 3198/3435/3255
f 3188/3312/3256 3187/3374/3256 3250/3433/3256 3251/3436/3256
f 3162/3314/3257 3161/3375/3257 3224/3434/3257 3225/3437/3257
f 3136/3316/3258 3135/3376/3258 3198/3435/3258 3199/3438/3258
f 3189/3313/3259 3188/3312/3259 3251/3436/3259 3252/3439/3259
f 3163/3315/3260 3162/3314/3260 3225/3437/3260 3226/3440/3260
f 3137/3317/3261 3136/3316/3261 3199/3438/3261 3200/3441/3261
f 3190/3318/3262 3189/3313/3262 3252/3439/3262 3253/3377/3262
f 3164/3319/3263 3163/3315/3263 3226/3440/3263 3227/3379/3263
f 3138/3320/3264 3137/3317/3264 3200/3441/3264 3201/3381/3264
f 3245/3418/3265 3244/3416/3265 3307/3442/3265 3308/3443/3265
f 3230/3387/3266 3229/3384/3266 3292/3444/3266 3293/3445/3266
f 3204/3388/3267 3203/3385/3267 3266/3446/3267 3267/3447/3267
f 3246/3420/3268 3245/3418/3268 3308/3443/3268 3309/3448/3268
f 3231/3390/3269 3230/3387/3269 3293/3445/3269 3294/3449/3269
f 3205/3391/3270 3204/3388/3270 3267/3447/3270 3268/3450/3270
f 3247/3424/3271 3246/3420/3271 3309/3448/3271 3310/3451/3271
f 3206/3393/3272 3205/3391/3272 3268/3450/3272 3269/3452/3272
f 3248/3427/3273 3247/3424/3273 3310/3451/3273 3311/3453/3273
f 3207/3395/3274 3206/3393/3274 3269/3452/3274 3270/3454/3274
f 3249/3430/3275 3248/3427/3275 3311/3453/3275 3312/3455/3275
f 3208/3397/3276 3207/3395/3276 3270/3454/3276 3271/3456/3276
f 3250/3433/3277 3249/3430/3277 3312/3455/3277 3313/3457/3277
f 3209/3399/3278 3208/3397/3278 3271/3456/3278 3272/3458/3278
f 3251/3436/3279 3250/3433/3279 3313/3457/3279 3314/3459/3279
f 3210/3401/3280 3209/3399/3280 3272/3458/3280 3273/3460/3280
f 3252/3439/3281 3251/3436/3281 3314/3459/3281 3315/3461/3281
f 3211/3403/3282 3210/3401/3282 3273/3460/3282 3274/3462/3282
f 3253/3377/3283 3252/3439/3283 3315/3461/3283 3316/3463/3283
f 3212/3405/3284 3211/3403/3284 3274/3462/3284 3275/3464/3284
f 3254/3378/3285 3253/3377/3285 3316/3463/3285 3317/3465/3285
f 3213/3407/3286 3212/3405/3286 3275/3464/3286 3276/3466/3286
f 3255/3383/3287 3254/3378/3287 3317/3465/3287 3318/3467/3287
f 3214/3409/3288 3213/3407/3288 3276/3466/3288 3277/3468/3288
f 3256/3386/3289 3255/3383/3289 3318/3467/3289 3319/3469/3289
f 3215/3411/3290 3214/3409/3290 3277/3468/3290 3278/3470/3290
f 2752/3471/3291 3256/3386/3291 3319/3469/3291
f 3216/3413/3292 3215/3411/3292 3278/3470/3292 3279/3472/3292
f 3232/3392/3293 3231/3390/3293 3294/3449/3293 3295/3473/3293
f 3217/3415/3294 3216/3413/3294 3279/3472/3294 3280/3474/3294
f 3233/3394/3295 3232/3392/3295 3295/3473/3295 3296/3475/3295
f 3218/3417/3296 3217/3415/3296 3280/3474/3296 3281/3476/3296
f 3234/3396/3297 3233/3394/3297 3296/3475/3297 3297/3477/3297
f 3219/3419/3298 3218/3417/3298 3281/3476/3298 3282/3478/3298
f 3235/3398/3299 3234/3396/3299 3297/3477/3299 3298/3479/3299
f 3220/3421/3300 3219/3419/3300 3282/3478/3300 3283/3480/3300
f 3194/3423/3301 2058/3481/3301 3257/3482/3301
f 3236/3400/3302 3235/3398/3302 3298/3479/3302 3299/3483/3302
f 3221/3425/3303 3220/3421/3303 3283/3480/3303 3284/3484/3303
f 3195/3426/3304 3194/3423/3304 3257/3482/3304 3258/3485/3304
f 3237/3402/3305 3236/3400/3305 3299/3483/3305 3300/3486/3305
f 3222/3428/3306 3221/3425/3306 3284/3484/3306 3285/3487/3306
f 3196/3429/3307 3195/3426/3307 3258/3485/3307 3259/3488/3307
f 3238/3404/3308 3237/3402/3308 3300/3486/3308 3301/3489/3308
f 3223/3431/3309 3222/3428/3309 3285/3487/3309 3286/3490/3309
f 3197/3432/3310 3196/3429/3310 3259/3488/3310 3260/3491/3310
f 3239/3406/3311 3238/3404/3311 3301/3489/3311 3302/3492/3311
f 3224/3434/3312 3223/3431/3312 3286/3490/3312 3287/3493/3312
f 3198/3435/3313 3197/3432/3313 3260/3491/3313 3261/3494/3313
f 3240/3408/3314 3239/3406/3314 3302/3492/3314 3303/3495/3314
f 3225/3437/3315 3224/3434/3315 3287/3493/3315 3288/3496/3315
f 3199/3438/3316 3198/3435/3316 3261/3494/3316 3262/3497/3316
f 3241/3410/3317 3240/3408/3317 3303/3495/3317 3304/3498/3317
f 3226/3440/3318 3225/3437/3318 3288/3496/3318 3289/3499/3318
f 3200/3441/3319 3199/3438/3319 3262/3497/3319 3263/3500/3319
f 3242/3412/3320 3241/3410/3320 3304/3498/3320 3305/3501/3320
f 3227/3379/3321 3226/3440/3321 3289/3499/3321 3290/3502/3321
f 3201/3381/3322 3200/3441/3322 3263/3500/3322 3264/3503/3322
f 3243/3414/3323 3242/3412/3323 3305/3501/3323 3306/3504/3323
f 3228/3380/3324 3227/3379/3324 3290/3502/3324 3291/3505/3324
f 3202/3382/3325 3201/3381/3325 3264/3503/3325 3265/3506/3325
f 3244/3416/3326 3243/3414/3326 3306/3504/3326 3307/3442/3326
f 3229/3384/3327 3228/3380/3327 3291/3505/3327 3292/3444/3327
f 3203/3385/3328 3202/3382/3328 3265/3506/3328 3266/3446/3328
f 3310/3451/3329 3309/3448/3329 3372/3507/3329 3373/3508/3329
f 3284/3484/3330 3283/3480/3330 3346/3509/3330 3347/3510/3330
f 3258/3485/3331 3257/3482/3331 3320/3511/3331 3321/3512/3331
f 3311/3453/3332 3310/3451/3332 3373/3508/3332 3374/3513/3332
f 3285/3487/3333 3284/3484/3333 3347/3510/3333 3348/3514/3333
f 3259/3488/3334 3258/3485/3334 3321/3512/3334 3322/3515/3334
f 3312/3455/3335 3311/3453/3335 3374/3513/3335 3375/3516/3335
f 3286/3490/3336 3285/3487/3336 3348/3514/3336 3349/3517/3336
f 3260/3491/3337 3259/3488/3337 3322/3515/3337 3323/3518/3337
f 3313/3457/3338 3312/3455/3338 3375/3516/3338 3376/3519/3338
f 3287/3493/3339 3286/3490/3339 3349/3517/3339 3350/3520/3339
f 3261/3494/3340 3260/3491/3340 3323/3518/3340 3324/3521/3340
f 3314/3459/3341 3313/3457/3341 3376/3519/3341 3377/3522/3341
f 3288/3496/3342 3287/3493/3342 3350/3520/3342 3351/3523/3342
f 3262/3497/3343 3261/3494/3343 3324/3521/3343 3325/3524/3343
f 3315/3461/3344 3314/3459/3344 3377/3522/3344 3378/3525/3344
f 3289/3499/3345 3288/3496/3345 3351/3523/3345 3352/3526/3345
f 3263/3500/3346 3262/3497/3346 3325/3524/3346 3326/3527/3346
f 3316/3463/3347 3315/3461/3347 3378/3525/3347 3379/3528/3347
f 3290/3502/3348 3289/3499/3348 3352/3526/3348 3353/3529/3348
f 3264/3503/3349 3263/3500/3349 3326/3527/3349 3327/3530/3349
f 3317/3465/3350 3316/3463/3350 3379/3528/3350 3380/3531/3350
f 3291/3505/3351 3290/3502/3351 3353/3529/3351 3354/3532/3351
f 3265/3506/3352 3264/3503/3352 3327/3530/3352 3328/3533/3352
f 3318/3467/3353 3317/3465/3353 3380/3531/3353 3381/3534/3353
f 3292/3444/3354 3291/3505/3354 3354/3532/3354 3355/3535/3354
f 3266/3446/3355 3265/3506/3355 3328/3533/3355 3329/3536/3355
f 3319/3469/3356 3318/3467/3356 3381/3534/3356 3382/3537/3356
f 3293/3445/3357 3292/3444/3357 3355/3535/3357 3356/3538/3357
f 3267/3447/3358 3266/3446/3358 3329/3536/3358 3330/3539/3358
f 2752/3540/3359 3319/3469/3359 3382/3537/3359
f 3294/3449/3360 3293/3445/3360 3356/3538/3360 3357/3541/3360
f 3268/3450/3361 3267/3447/3361 3330/3539/3361 3331/3542/3361
f 3295/3473/3362 3294/3449/3362 3357/3541/3362 3358/3543/3362
f 3269/3452/3363 3268/3450/3363 3331/3542/3363 3332/3544/3363
f 3296/3475/3364 3295/3473/3364 3358/3543/3364 3359/3545/3364
f 3270/3454/3365 3269/3452/3365 3332/3544/3365 3333/3546/3365
f 3297/3477/3366 3296/3475/3366 3359/3545/3366 3360/3547/3366
f 3271/3456/3367 3270/3454/3367 3333/3546/3367 3334/3548/3367
f 3298/3479/3368 3297/3477/3368 3360/3547/3368 3361/3549/3368
f 3272/3458/3369 3271/3456/3369 3334/3548/3369 3335/3550/3369
f 3299/3483/3370 3298/3479/3370 3361/3549/3370 3362/3551/3370
f 3273/3460/3371 3272/3458/3371 3335/3550/3371 3336/3552/3371
f 3300/3486/3372 3299/3483/3372 3362/3551/3372 3363/3553/3372
f 3274/3462/3373 3273/3460/3373 3336/3552/3373 3337/3554/3373
f 3301/3489/3374 3300/3486/3374 3363/3553/3374 3364/3555/3374
f 3275/3464/3375 3274/3462/3375 3337/3554/3375 3338/3556/3375
f 3302/3492/3376 3301/3489/3376 3364/3555/3376 3365/3557/3376
f 3276/3466/3377 3275/3464/3377 3338/3556/3377 3339/3558/3377
f 3303/3495/3378 3302/3492/3378 3365/3557/3378 3366/3559/3378
f 3277/3468/3379 3276/3466/3379 3339/3558/3379 3340/3560/3379
f 3304/3498/3380 3303/3495/3380 3366/3559/3380 3367/3561/3380
f 3278/3470/3381 3277/3468/3381 3340/3560/3381 3341/3562/3381
f 3305/3501/3382 3304/3498/3382 3367/3561/3382 3368/3563/3382
f 3279/3472/3383 3278/3470/3383 3341/3562/3383 3342/3564/3383
f 3306/3504/3384 3305/3501/3384 3368/3563/3384 3369/3565/3384
f 3280/3474/3385 3279/3472/3385 3342/3564/3385 3343/3566/3385
f 3307/3442/3386 3306/3504/3386 3369/3565/3386 3370/3567/3386
f 3281/3476/3387 3280/3474/3387 3343/3566/3387 3344/3568/3387
f 3308/3443/3388 3307/3442/3388 3370/3567/3388 3371/3569/3388
f 3282/3478/3389 3281/3476/3389 3344/3568/3389 3345/3570/3389
f 3309/3448/3390 3308/3443/3390 3371/3569/3390 3372/3507/3390
f 3283/3480/3391 3282/3478/3391 3345/3570/3391 3346/3509/3391
f 3257/3482/3392 2058/3571/3392 3320/3511/3392
f 3375/3516/3393 3374/3513/3393 3437/3572/3393 3438/3573/3393
f 3349/3517/3394 3348/3514/3394 3411/3574/3394 3412/3575/3394
f 3323/3518/3395 3322/3515/3395 3385/3576/3395 3386/3577/3395
f 3376/3519/3396 3375/3516/3396 3438/3573/3396 3439/3578/3396
f 3350/3520/3397 3349/3517/3397 3412/3575/3397 3413/3579/3397
f 3324/3521/3398 3323/3518/3398 3386/3577/3398 3387/3580/3398
f 3377/3522/3399 3376/3519/3399 3439/3578/3399 3440/3581/3399
f 3351/3523/3400 3350/3520/3400 3413/3579/3400 3414/3582/3400
f 3325/3524/3401 3324/3521/3401 3387/3580/3401 3388/3583/3401
f 3378/3525/3402 3377/3522/3402 3440/3581/3402 3441/3584/3402
f 3352/3526/3403 3351/3523/3403 3414/3582/3403 3415/3585/3403
f 3326/3527/3404 3325/3524/3404 3388/3583/3404 3389/3586/3404
f 3379/3528/3405 3378/3525/3405 3441/3584/3405 3442/3587/3405
f 3353/3529/3406 3352/3526/3406 3415/3585/3406 3416/3588/3406
f 3327/3530/3407 3326/3527/3407 3389/3586/3407 3390/3589/3407
f 3380/3531/3408 3379/3528/3408 3442/3587/3408 3443/3590/3408
f 3354/3532/3409 3353/3529/3409 3416/3588/3409 3417/3591/3409
f 3328/3533/3410 3327/3530/3410 3390/3589/3410 3391/3592/3410
f 3381/3534/3411 3380/3531/3411 3443/3590/3411 3444/3593/3411
f 3355/3535/3412 3354/3532/3412 3417/3591/3412 3418/3594/3412
f 3329/3536/3413 3328/3533/3413 3391/3592/3413 3392/3595/3413
f 3382/3537/3414 3381/3534/3414 3444/3593/3414 3445/3596/3414
f 3356/3538/3415 3355/3535/3415 3418/3594/3415 3419/3597/3415
f 3330/3539/3416 3329/3536/3416 3392/3595/3416 3393/3598/3416
f 2752/3599/3417 3382/3537/3417 3445/3596/3417
f 3357/3541/3418 3356/3538/3418 3419/3597/3418 3420/3600/3418
f 3331/3542/3419 3330/3539/3419 3393/3598/3419 3394/3601/3419
f 3358/3543/3420 3357/3541/3420 3420/3600/3420 3421/3602/3420
f 3332/3544/3421 3331/3542/3421 3394/3601/3421 3395/3603/3421
f 3359/3545/3422 3358/3543/3422 3421/3602/3422 3422/3604/3422
f 3333/3546/3423 3332/3544/3423 3395/3603/3423 3396/3605/3423
f 3360/3547/3424 3359/3545/3424 3422/3604/3424 3423/3606/3424
f 3334/3548/3425 3333/3546/3425 3396/3605/3425 3397/3607/3425
f 3361/3549/3426 3360/3547/3426 3423/3606/3426 3424/3608/3426
f 3335/3550/3427 3334/3548/3427 3397/3607/3427 3398/3609/3427
f 3362/3551/3428 3361/3549/3428 3424/3608/3428 3425/3610/3428
f 3336/3552/3429 3335/3550/3429 3398/3609/3429 3399/3611/3429
f 3363/3553/3430 3362/3551/3430 3425/3610/3430 3426/3612/3430
f 3337/3554/3431 3336/3552/3431 3399/3611/3431 3400/3613/3431
f 3364/3555/3432 3363/3553/3432 3426/3612/3432 3427/3614/3432
f 3338/3556/3433 3337/3554/3433 3400/3613/3433 3401/3615/3433
f 3365/3557/3434 3364/3555/3434 3427/3614/3434 3428/3616/3434
f 3339/3558/3435 3338/3556/3435 3401/3615/3435 3402/3617/3435
f 3366/3559/3436 3365/3557/3436 3428/3616/3436 3429/3618/3436
f 3340/3560/3437 3339/3558/3437 3402/3617/3437 3403/3619/3437
f 3367/3561/3438 3366/3559/3438 3429/3618/3438 3430/3620/3438
f 3341/3562/3439 3340/3560/3439 3403/3619/3439 3404/3621/3439
f 3368/3563/3440 3367/3561/3440 3430/3620/3440 3431/3622/3440
f 3342/3564/3441 3341/3562/3441 3404/3621/3441 3405/3623/3441
f 3369/3565/3442 3368/3563/3442 3431/3622/3442 3432/3624/3442
f 3343/3566/3443 3342/3564/3443 3405/3623/3443 3406/3625/3443
f 3370/3567/3444 3369/3565/3444 3432/3624/3444 3433/3626/3444
f 3344/3568/3445 3343/3566/3445 3406/3625/3445 3407/3627/3445
f 3371/3569/3446 3370/3567/3446 3433/3626/3446 3434/3628/3446
f 3345/3570/3447 3344/3568/3447 3407/3627/3447 3408/3629/3447
f 3372/3507/3448 3371/3569/3448 3434/3628/3448 3435/3630/3448
f 3346/3509/3449 3345/3570/3449 3408/3629/3449 3409/3631/3449
f 3320/3511/3450 2058/3632/3450 3383/3633/3450
f 3373/3508/3451 3372/3507/3451 3435/3630/3451 3436/3634/3451
f 3347/3510/3452 3346/3509/3452 3409/3631/3452 3410/3635/3452
f 3321/3512/3453 3320/3511/3453 3383/3633/3453 3384/3636/3453
f 3374/3513/3454 3373/3508/3454 3436/3634/3454 3437/3572/3454
f 3348/3514/3455 3347/3510/3455 3410/3635/3455 3411/3574/3455
f 3322/3515/3456 3321/3512/3456 3384/3636/3456 3385/3576/3456
f 3440/3581/3457 3439/3578/3457 3502/3637/3457 3503/3638/3457
f 3414/3582/3458 3413/3579/3458 3476/3639/3458 3477/3640/3458
f 3388/3583/3459 3387/3580/3459 3450/3641/3459 3451/3642/3459
f 3441/3584/3460 3440/3581/3460 3503/3638/3460 3504/3643/3460
f 3415/3585/3461 3414/3582/3461 3477/3640/3461 3478/3644/3461
f 3389/3586/3462 3388/3583/3462 3451/3642/3462 3452/3645/3462
f 3442/3587/3463 3441/3584/3463 3504/3643/3463 3505/3646/3463
f 3416/3588/3464 3415/3585/3464 3478/3644/3464 3479/3647/3464
f 3390/3589/3465 3389/3586/3465 3452/3645/3465 3453/3648/3465
f 3443/3590/3466 3442/3587/3466 3505/3646/3466 3506/3649/3466
f 3417/3591/3467 3416/3588/3467 3479/3647/3467 3480/3650/3467
f 3391/3592/3468 3390/3589/3468 3453/3648/3468 3454/3651/3468
f 3444/3593/3469 3443/3590/3469 3506/3649/3469 3507/3652/3469
f 3418/3594/3470 3417/3591/3470 3480/3650/3470 3481/3653/3470
f 3392/3595/3471 3391/3592/3471 3454/3651/3471 3455/3654/3471
f 3445/3596/3472 3444/3593/3472 3507/3652/3472 3508/3655/3472
f 3419/3597/3473 3418/3594/3473 3481/3653/3473 3482/3656/3473
f 3393/3598/3474 3392/3595/3474 3455/3654/3474 3456/3657/3474
f 2752/3658/3475 3445/3596/3475 3508/3655/3475
f 3420/3600/3476 3419/3597/3476 3482/3656/3476 3483/3659/3476
f 3394/3601/3477 3393/3598/3477 3456/3657/3477 3457/3660/3477
f 3421/3602/3478 3420/3600/3478 3483/3659/3478 3484/3661/3478
f 3395/3603/3479 3394/3601/3479 3457/3660/3479 3458/3662/3479
f 3422/3604/3480 3421/3602/3480 3484/3661/3480 3485/3663/3480
f 3396/3605/3481 3395/3603/3481 3458/3662/3481 3459/3664/3481
f 3423/3606/3482 3422/3604/3482 3485/3663/3482 3486/3665/3482
f 3397/3607/3483 3396/3605/3483 3459/3664/3483 3460/3666/3483
f 3424/3608/3484 3423/3606/3484 3486/3665/3484 3487/3667/3484
f 3398/3609/3485 3397/3607/3485 3460/3666/3485 3461/3668/3485
f 3425/3610/3486 3424/3608/3486 3487/3667/3486 3488/3669/3486
f 3399/3611/3487 3398/3609/3487 3461/3668/3487 3462/3670/3487
f 3426/3612/3488 3425/3610/3488 3488/3669/3488 3489/3671/3488
f 3400/3613/3489 3399/3611/3489 3462/3670/3489 3463/3672/3489
f 3427/3614/3490 3426/3612/3490 3489/3671/3490 3490/3673/3490
f 3401/3615/3491 3400/3613/3491 3463/3672/3491 3464/3674/3491
f 3428/3616/3492 3427/3614/3492 3490/3673/3492 3491/3675/3492
f 3402/3617/3493 3401/3615/3493 3464/3674/3493 3465/3676/3493
f 3429/3618/3494 3428/3616/3494 3491/3675/3494 3492/3677/3494
f 3403/3619/3495 3402/3617/3495 3465/3676/3495 3466/3678/3495
f 3430/3620/3496 3429/3618/3496 3492/3677/3496 3493/3679/3496
f 3404/3621/3497 3403/3619/3497 3466/3678/3497 3467/3680/3497
f 3431/3622/3498 3430/3620/3498 3493/3679/3498 3494/3681/3498
f 3405/3623/3499 3404/3621/3499 3467/3680/3499 3468/3682/3499
f 3432/3624/3500 3431/3622/3500 3494/3681/3500 3495/3683/3500
f 3406/3625/3501 3405/3623/3501 3468/3682/3501 3469/3684/3501
f 3433/3626/3502 3432/3624/3502 3495/3683/3502 3496/3685/3502
f 3407/3627/3503 3406/3625/3503 3469/3684/3503 3470/3686/3503
f 3434/3628/3504 3433/3626/3504 3496/3685/3504 3497/3687/3504
f 3408/3629/3505 3407/3627/3505 3470/3686/3505 3471/3688/3505
f 3435/3630/3506 3434/3628/3506 3497/3687/3506 3498/3689/3506
f 3409/3631/3507 3408/3629/3507 3471/3688/3507 3472/3690/3507
f 3383/3633/3508 2058/3691/3508 3446/3692/3508
f 3436/3634/3509 3435/3630/3509 3498/3689/3509 3499/3693/3509
f 3410/3635/3510 3409/3631/3510 3472/3690/3510 3473/3694/3510
f 3384/3636/3511 3383/3633/3511 3446/3692/3511 3447/3695/3511
f 3437/3572/3512 3436/3634/3512 3499/3693/3512 3500/3696/3512
f 3411/3574/3513 3410/3635/3513 3473/3694/3513 3474/3697/3513
f 3385/3576/3514 3384/3636/3514 3447/3695/3514 3448/3698/3514
f 3438/3573/3515 3437/3572/3515 3500/3696/3515 3501/3699/3515
f 3412/3575/3516 3411/3574/3516 3474/3697/3516 3475/3700/3516
f 3386/3577/3517 3385/3576/3517 3448/3698/3517 3449/3701/3517
f 3439/3578/3518 3438/3573/3518 3501/3699/3518 3502/3637/3518
f 3413/3579/3519 3412/3575/3519 3475/3700/3519 3476/3639/3519
f 3387/3580/3520 3386/3577/3520 3449/3701/3520 3450/3641/3520
f 3505/3646/3521 3504/3643/3521 3567/3702/3521 3568/3703/3521
f 3479/3647/3522 3478/3644/3522 3541/3704/3522 3542/3705/3522
f 3453/3648/3523 3452/3645/3523 3515/3706/3523 3516/3707/3523
f 3506/3649/3524 3505/3646/3524 3568/3703/3524 3569/3708/3524
f 3480/3650/3525 3479/3647/3525 3542/3705/3525 3543/3709/3525
f 3454/3651/3526 3453/3648/3526 3516/3707/3526 3517/3710/3526
f 3507/3652/3527 3506/3649/3527 3569/3708/3527 3570/3711/3527
f 3481/3653/3528 3480/3650/3528 3543/3709/3528 3544/3712/3528
f 3455/3654/3529 3454/3651/3529 3517/3710/3529 3518/3713/3529
f 3508/3655/3530 3507/3652/3530 3570/3711/3530 3571/3714/3530
f 3482/3656/3531 3481/3653/3531 3544/3712/3531 3545/3715/3531
f 3456/3657/3532 3455/3654/3532 3518/3713/3532 3519/3716/3532
f 2752/3717/3533 3508/3655/3533 3571/3714/3533
f 3483/3659/3534 3482/3656/3534 3545/3715/3534 3546/3718/3534
f 3457/3660/3535 3456/3657/3535 3519/3716/3535 3520/3719/3535
f 3484/3661/3536 3483/3659/3536 3546/3718/3536 3547/3720/3536
f 3458/3662/3537 3457/3660/3537 3520/3719/3537 3521/3721/3537
f 3485/3663/3538 3484/3661/3538 3547/3720/3538 3548/3722/3538
f 3459/3664/3539 3458/3662/3539 3521/3721/3539 3522/3723/3539
f 3486/3665/3540 3485/3663/3540 3548/3722/3540 3549/3724/3540
f 3460/3666/3541 3459/3664/3541 3522/3723/3541 3523/3725/3541
f 3487/3667/3542 3486/3665/3542 3549/3724/3542 3550/3726/3542
f 3461/3668/3543 3460/3666/3543 3523/3725/3543 3524/3727/3543
f 3488/3669/3544 3487/3667/3544 3550/3726/3544 3551/3728/3544
f 3462/3670/3545 3461/3668/3545 3524/3727/3545 3525/3729/3545
f 3489/3671/3546 3488/3669/3546 3551/3728/3546 3552/3730/3546
f 3463/3672/3547 3462/3670/3547 3525/3729/3547 3526/3731/3547
f 3490/3673/3548 3489/3671/3548 3552/3730/3548 3553/3732/3548
f 3464/3674/3549 3463/3672/3549 3526/3731/3549 3527/3733/3549
f 3491/3675/3550 3490/3673/3550 3553/3732/3550 3554/3734/3550
f 3465/3676/3551 3464/3674/3551 3527/3733/3551 3528/3735/3551
f 3492/3677/3552 3491/3675/3552 3554/3734/3552 3555/3736/3552
f 3466/3678/3553 3465/3676/3553 3528/3735/3553 3529/3737/3553
f 3493/3679/3554 3492/3677/3554 3555/3736/3554 3556/3738/3554
f 3467/3680/3555 3466/3678/3555 3529/3737/3555 3530/3739/3555
f 3494/3681/3556 3493/3679/3556 3556/3738/3556 3557/3740/3556
f 3468/3682/3557 3467/3680/3557 3530/3739/3557 3531/3741/3557
f 3495/3683/3558 3494/3681/3558 3557/3740/3558 3558/3742/3558
f 3469/3684/3559 3468/3682/3559 3531/3741/3559 3532/3743/3559
f 3496/3685/3560 3495/3683/3560 3558/3742/3560 3559/3744/3560
f 3470/3686/3561 3469/3684/3561 3532/3743/3561 3533/3745/3561
f 3497/3687/3562 3496/3685/3562 3559/3744/3562 3560/3746/3562
f 3471/3688/3563 3470/3686/3563 3533/3745/3563 3534/3747/3563
f 3498/3689/3564 3497/3687/3564 3560/3746/3564 3561/3748/3564
f 3472/3690/3565 3471/3688/3565 3534/3747/3565 3535/3749/3565
f 3446/3692/3566 2058/3750/3566 3509/3751/3566
f 3499/3693/3567 3498/3689/3567 3561/3748/3567 3562/3752/3567
f 3473/3694/3568 3472/3690/3568 3535/3749/3568 3536/3753/3568
f 3447/3695/3569 3446/3692/3569 3509/3751/3569 3510/3754/3569
f 3500/3696/3570 3499/3693/3570 3562/3752/3570 3563/3755/3570
f 3474/3697/3571 3473/3694/3571 3536/3753/3571 3537/3756/3571
f 3448/3698/3572 3447/3695/3572 3510/3754/3572 3511/3757/3572
f 3501/3699/3573 3500/3696/3573 3563/3755/3573 3564/3758/3573
f 3475/3700/3574 3474/3697/3574 3537/3756/3574 3538/3759/3574
f 3449/3701/3575 3448/3698/3575 3511/3757/3575 3512/3760/3575
f 3502/3637/3576 3501/3699/3576 3564/3758/3576 3565/3761/3576
f 3476/3639/3577 3475/3700/3577 3538/3759/3577 3539/3762/3577
f 3450/3641/3578 3449/3701/3578 3512/3760/3578 3513/3763/3578
f 3503/3638/3579 3502/3637/3579 3565/3761/3579 3566/3764/3579
f 3477/3640/3580 3476/3639/3580 3539/3762/3580 3540/3765/3580
f 3451/3642/3581 3450/3641/3581 3513/3763/3581 3514/3766/3581
f 3504/3643/3582 3503/3638/3582 3566/3764/3582 3567/3702/3582
f 3478/3644/3583 3477/3640/3583 3540/3765/3583 3541/3704/3583
f 3452/3645/3584 3451/3642/3584 3514/3766/3584 3515/3706/3584
f 3570/3711/3585 3569/3708/3585 3632/3767/3585 3633/3768/3585
f 3544/3712/3586 3543/3709/3586 3606/3769/3586 3607/3770/3586
f 3518/3713/3587 3517/3710/3587 3580/3771/3587 3581/3772/3587
f 3571/3714/3588 3570/3711/3588 3633/3768/3588 3634/3773/3588
f 3545/3715/3589 3544/3712/3589 3607/3770/3589 3608/3774/3589
f 3519/3716/3590 3518/3713/3590 3581/3772/3590 3582/3775/3590
f 2752/3776/3591 3571/3714/3591 3634/3773/3591
f 3546/3718/3592 3545/3715/3592 3608/3774/3592 3609/3777/3592
f 3520/3719/3593 3519/3716/3593 3582/3775/3593 3583/3778/3593
f 3547/3720/3594 3546/3718/3594 3609/3777/3594 3610/3779/3594
f 3521/3721/3595 3520/3719/3595 3583/3778/3595 3584/3780/3595
f 3548/3722/3596 3547/3720/3596 3610/3779/3596 3611/3781/3596
f 3522/3723/3597 3521/3721/3597 3584/3780/3597 3585/3782/3597
f 3549/3724/3598 3548/3722/3598 3611/3781/3598 3612/3783/3598
f 3523/3725/3599 3522/3723/3599 3585/3782/3599 3586/3784/3599
f 3550/3726/3600 3549/3724/3600 3612/3783/3600 3613/3785/3600
f 3524/3727/3601 3523/3725/3601 3586/3784/3601 3587/3786/3601
f 3551/3728/3602 3550/3726/3602 3613/3785/3602 3614/3787/3602
f 3525/3729/3603 3524/3727/3603 3587/3786/3603 3588/3788/3603
f 3552/3730/3604 3551/3728/3604 3614/3787/3604 3615/3789/3604
f 3526/3731/3605 3525/3729/3605 3588/3788/3605 3589/3790/3605
f 3553/3732/3606 3552/3730/3606 3615/3789/3606 3616/3791/3606
f 3527/3733/3607 3526/3731/3607 3589/3790/3607 3590/3792/3607
f 3554/3734/3608 3553/3732/3608 3616/3791/3608 3617/3793/3608
f 3528/3735/3609 3527/3733/3609 3590/3792/3609 3591/3794/3609
f 3555/3736/3610 3554/3734/3610 3617/3793/3610 3618/3795/3610
f 3529/3737/3611 3528/3735/3611 3591/3794/3611 3592/3796/3611
f 3556/3738/3612 3555/3736/3612 3618/3795/3612 3619/3797/3612
f 3530/3739/3613 3529/3737/3613 3592/3796/3613 3593/3798/3613
f 3557/3740/3614 3556/3738/3614 3619/3797/3614 3620/3799/3614
f 3531/3741/3615 3530/3739/3615 3593/3798/3615 3594/3800/3615
f 3558/3742/3616 3557/3740/3616 3620/3799/3616 3621/3801/3616
f 3532/3743/3617 3531/3741/3617 3594/3800/3617 3595/3802/3617
f 3559/3744/3618 3558/3742/3618 3621/3801/3618 3622/3803/3618
f 3533/3745/3619 3532/3743/3619 3595/3802/3619 3596/3804/3619
f 3560/3746/3620 3559/3744/3620 3622/3803/3620 3623/3805/3620
f 3534/3747/3621 3533/3745/3621 3596/3804/3621 3597/3806/3621
f 3561/3748/3622 3560/3746/3622 3623/3805/3622 3624/3807/3622
f 3535/3749/3623 3534/3747/3623 3597/3806/3623 3598/3808/3623
f 3509/3751/3624 2058/3809/3624 3572/3810/3624
f 3562/3752/3625 3561/3748/3625 3624/3807/3625 3625/3811/3625
f 3536/3753/3626 3535/3749/3626 3598/3808/3626 3599/3812/3626
f 3510/3754/3627 3509/3751/3627 3572/3810/3627 3573/3813/3627
f 3563/3755/3628 3562/3752/3628 3625/3811/3628 3626/3814/3628
f 3537/3756/3629 3536/3753/3629 3599/3812/3629 3600/3815/3629
f 3511/3757/3630 3510/3754/3630 3573/3813/3630 3574/3816/3630
f 3564/3758/3631 3563/3755/3631 3626/3814/3631 3627/3817/3631
f 3538/3759/3632 3537/3756/3632 3600/3815/3632 3601/3818/3632
f 3512/3760/3633 3511/3757/3633 3574/3816/3633 3575/3819/3633
f 3565/3761/3634 3564/3758/3634 3627/3817/3634 3628/3820/3634
f 3539/3762/3635 3538/3759/3635 3601/3818/3635 3602/3821/3635
f 3513/3763/3636 3512/3760/3636 3575/3819/3636 3576/3822/3636
f 3566/3764/3637 3565/3761/3637 3628/3820/3637 3629/3823/3637
f 3540/3765/3638 3539/3762/3638 3602/3821/3638 3603/3824/3638
f 3514/3766/3639 3513/3763/3639 3576/3822/3639 3577/3825/3639
f 3567/3702/3640 3566/3764/3640 3629/3823/3640 3630/3826/3640
f 3541/3704/3641 3540/3765/3641 3603/3824/3641 3604/3827/3641
f 3515/3706/3642 3514/3766/3642 3577/3825/3642 3578/3828/3642
f 3568/3703/3643 3567/3702/3643 3630/3826/3643 3631/3829/3643
f 3542/3705/3644 3541/3704/3644 3604/3827/3644 3605/3830/3644
f 3516/3707/3645 3515/3706/3645 3578/3828/3645 3579/3831/3645
f 3569/3708/3646 3568/3703/3646 3631/3829/3646 3632/3767/3646
f 3543/3709/3647 3542/3705/3647 3605/3830/3647 3606/3769/3647
f 3517/3710/3648 3516/3707/3648 3579/3831/3648 3580/3771/3648
f 2752/3832/3649 3634/3773/3649 3697/3833/3649
f 3609/3777/3650 3608/3774/3650 3671/3834/3650 3672/3835/3650
f 3583/3778/3651 3582/3775/3651 3645/3836/3651 3646/3837/3651
f 3610/3779/3652 3609/3777/3652 3672/3835/3652 3673/3838/3652
f 3584/3780/3653 3583/3778/3653 3646/3837/3653 3647/3839/3653
f 3611/3781/3654 3610/3779/3654 3673/3838/3654 3674/3840/3654
f 3585/3782/3655 3584/3780/3655 3647/3839/3655 3648/3841/3655
f 3612/3783/3656 3611/3781/3656 3674/3840/3656 3675/3842/3656
f 3586/3784/3657 3585/3782/3657 3648/3841/3657 3649/3843/3657
f 3613/3785/3658 3612/3783/3658 3675/3842/3658 3676/3844/3658
f 3587/3786/3659 3586/3784/3659 3649/3843/3659 3650/3845/3659
f 3614/3787/3660 3613/3785/3660 3676/3844/3660 3677/3846/3660
f 3588/3788/3661 3587/3786/3661 3650/3845/3661 3651/3847/3661
f 3615/3789/3662 3614/3787/3662 3677/3846/3662 3678/3848/3662
f 3589/3790/3663 3588/3788/3663 3651/3847/3663 3652/3849/3663
f 3616/3791/3664 3615/3789/3664 3678/3848/3664 3679/3850/3664
f 3590/3792/3665 3589/3790/3665 3652/3849/3665 3653/3851/3665
f 3617/3793/3666 3616/3791/3666 3679/3850/3666 3680/3852/3666
f 3591/3794/3667 3590/3792/3667 3653/3851/3667 3654/3853/3667
f 3618/3795/3668 3617/3793/3668 3680/3852/3668 3681/3854/3668
f 3592/3796/3669 3591/3794/3669 3654/3853/3669 3655/3855/3669
f 3619/3797/3670 3618/3795/3670 3681/3854/3670 3682/3856/3670
f 3593/3798/3671 3592/3796/3671 3655/3855/3671 3656/3857/3671
f 3620/3799/3672 3619/3797/3672 3682/3856/3672 3683/3858/3672
f 3594/3800/3673 3593/3798/3673 3656/3857/3673 3657/3859/3673
f 3621/3801/3674 3620/3799/3674 3683/3858/3674 3684/3860/3674
f 3595/3802/3675 3594/3800/3675 3657/3859/3675 3658/3861/3675
f 3622/3803/3676 3621/3801/3676 3684/3860/3676 3685/3862/3676
f 3596/3804/3677 3595/3802/3677 3658/3861/3677 3659/3863/3677
f 3623/3805/3678 3622/3803/3678 3685/3862/3678 3686/3864/3678
f 3597/3806/3679 3596/3804/3679 3659/3863/3679 3660/3865/3679
f 3624/3807/3680 3623/3805/3680 3686/3864/3680 3687/3866/3680
f 3598/3808/3681 3597/3806/3681 3660/3865/3681 3661/3867/3681
f 3572/3810/3682 2058/3868/3682 3635/3869/3682
f 3625/3811/3683 3624/3807/3683 3687/3866/3683 3688/3870/3683
f 3599/3812/3684 3598/3808/3684 3661/3867/3684 3662/3871/3684
f 3573/3813/3685 3572/3810/3685 3635/3869/3685 3636/3872/3685
f 3626/3814/3686 3625/3811/3686 3688/3870/3686 3689/3873/3686
f 3600/3815/3687 3599/3812/3687 3662/3871/3687 3663/3874/3687
f 3574/3816/3688 3573/3813/3688 3636/3872/3688 3637/3875/3688
f 3627/3817/3689 3626/3814/3689 3689/3873/3689 3690/3876/3689
f 3601/3818/3690 3600/3815/3690 3663/3874/3690 3664/3877/3690
f 3575/3819/3691 3574/3816/3691 3637/3875/3691 3638/3878/3691
f 3628/3820/3692 3627/3817/3692 3690/3876/3692 3691/3879/3692
f 3602/3821/3693 3601/3818/3693 3664/3877/3693 3665/3880/3693
f 3576/3822/3694 3575/3819/3694 3638/3878/3694 3639/3881/3694
f 3629/3823/3695 3628/3820/3695 3691/3879/3695 3692/3882/3695
f 3603/3824/3696 3602/3821/3696 3665/3880/3696 3666/3883/3696
f 3577/3825/3697 3576/3822/3697 3639/3881/3697 3640/3884/3697
f 3630/3826/3698 3629/3823/3698 3692/3882/3698 3693/3885/3698
f 3604/3827/3699 3603/3824/3699 3666/3883/3699 3667/3886/3699
f 3578/3828/3700 3577/3825/3700 3640/3884/3700 3641/3887/3700
f 3631/3829/3701 3630/3826/3701 3693/3885/3701 3694/3888/3701
f 3605/3830/3702 3604/3827/3702 3667/3886/3702 3668/3889/3702
f 3579/3831/3703 3578/3828/3703 3641/3887/3703 3642/3890/3703
f 3632/3767/3704 3631/3829/3704 3694/3888/3704 3695/3891/3704
f 3606/3769/3705 3605/3830/3705 3668/3889/3705 3669/3892/3705
f 3580/3771/3706 3579/3831/3706 3642/3890/3706 3643/3893/3706
f 3633/3768/3707 3632/3767/3707 3695/3891/3707 3696/3894/3707
f 3607/3770/3708 3606/3769/3708 3669/3892/3708 3670/3895/3708
f 3581/3772/3709 3580/3771/3709 3643/3893/3709 3644/3896/3709
f 3634/3773/3710 3633/3768/3710 3696/3894/3710 3697/3833/3710
f 3608/3774/3711 3607/3770/3711 3670/3895/3711 3671/3834/3711
f 3582/3775/3712 3581/3772/3712 3644/3896/3712 3645/3836/3712
f 3674/3840/3713 3673/3838/3713 3736/3897/3713 3737/3898/3713
f 3648/3841/3714 3647/3839/3714 3710/3899/3714 3711/3900/3714
f 3675/3842/3715 3674/3840/3715 3737/3898/3715 3738/3901/3715
f 3649/3843/3716 3648/3841/3716 3711/3900/3716 3712/3902/3716
f 3676/3844/3717 3675/3842/3717 3738/3901/3717 3739/3903/3717
f 3650/3845/3718 3649/3843/3718 3712/3902/3718 3713/3904/3718
f 3677/3846/3719 3676/3844/3719 3739/3903/3719 3740/3905/3719
f 3651/3847/3720 3650/3845/3720 3713/3904/3720 3714/3906/3720
f 3678/3848/3721 3677/3846/3721 3740/3905/3721 3741/3907/3721
f 3652/3849/3722 3651/3847/3722 3714/3906/3722 3715/3908/3722
f 3679/3850/3723 3678/3848/3723 3741/3907/3723 3742/3909/3723
f 3653/3851/3724 3652/3849/3724 3715/3908/3724 3716/3910/3724
f 3680/3852/3725 3679/3850/3725 3742/3909/3725 3743/3911/3725
f 3654/3853/3726 3653/3851/3726 3716/3910/3726 3717/3912/3726
f 3681/3854/3727 3680/3852/3727 3743/3911/3727 3744/3913/3727
f 3655/3855/3728 3654/3853/3728 3717/3912/3728 3718/3914/3728
f 3682/3856/3729 3681/3854/3729 3744/3913/3729 3745/3915/3729
f 3656/3857/3730 3655/3855/3730 3718/3914/3730 3719/3916/3730
f 3683/3858/3731 3682/3856/3731 3745/3915/3731 3746/3917/3731
f 3657/3859/3732 3656/3857/3732 3719/3916/3732 3720/3918/3732
f 3684/3860/3733 3683/3858/3733 3746/3917/3733 3747/3919/3733
f 3658/3861/3734 3657/3859/3734 3720/3918/3734 3721/3920/3734
f 3685/3862/3735 3684/3860/3735 3747/3919/3735 3748/3921/3735
f 3659/3863/3736 3658/3861/3736 3721/3920/3736 3722/3922/3736
f 3686/3864/3737 3685/3862/3737 3748/3921/3737 3749/3923/3737
f 3660/3865/3738 3659/3863/3738 3722/3922/3738 3723/3924/3738
f 3687/3866/3739 3686/3864/3739 3749/3923/3739 3750/3925/3739
f 3661/3867/3740 3660/3865/3740 3723/3924/3740 3724/3926/3740
f 3635/3869/3741 2058/3927/3741 3698/3928/3741
f 3688/3870/3742 3687/3866/3742 3750/3925/3742 3751/3929/3742
f 3662/3871/3743 3661/3867/3743 3724/3926/3743 3725/3930/3743
f 3636/3872/3744 3635/3869/3744 3698/3928/3744 3699/3931/3744
f 3689/3873/3745 3688/3870/3745 3751/3929/3745 3752/3932/3745
f 3663/3874/3746 3662/3871/3746 3725/3930/3746 3726/3933/3746
f 3637/3875/3747 3636/3872/3747 3699/3931/3747 3700/3934/3747
f 3690/3876/3748 3689/3873/3748 3752/3932/3748 3753/3935/3748
f 3664/3877/3749 3663/3874/3749 3726/3933/3749 3727/3936/3749
f 3638/3878/3750 3637/3875/3750 3700/3934/3750 3701/3937/3750
f 3691/3879/3751 3690/3876/3751 3753/3935/3751 3754/3938/3751
f 3665/3880/3752 3664/3877/3752 3727/3936/3752 3728/3939/3752
f 3639/3881/3753 3638/3878/3753 3701/3937/3753 3702/3940/3753
f 3692/3882/3754 3691/3879/3754 3754/3938/3754 3755/3941/3754
f 3666/3883/3755 3665/3880/3755 3728/3939/3755 3729/3942/3755
f 3640/3884/3756 3639/3881/3756 3702/3940/3756 3703/3943/3756
f 3693/3885/3757 3692/3882/3757 3755/3941/3757 3756/3944/3757
f 3667/3886/3758 3666/3883/3758 3729/3942/3758 3730/3945/3758
f 3641/3887/3759 3640/3884/3759 3703/3943/3759 3704/3946/3759
f 3694/3888/3760 3693/3885/3760 3756/3944/3760 3757/3947/3760
f 3668/3889/3761 3667/3886/3761 3730/3945/3761 3731/3948/3761
f 3642/3890/3762 3641/3887/3762 3704/3946/3762 3705/3949/3762
f 3695/3891/3763 3694/3888/3763 3757/3947/3763 3758/3950/3763
f 3669/3892/3764 3668/3889/3764 3731/3948/3764 3732/3951/3764
f 3643/3893/3765 3642/3890/3765 3705/3949/3765 3706/3952/3765
f 3696/3894/3766 3695/3891/3766 3758/3950/3766 3759/3953/3766
f 3670/3895/3767 3669/3892/3767 3732/3951/3767 3733/3954/3767
f 3644/3896/3768 3643/3893/3768 3706/3952/3768 3707/3955/3768
f 3697/3833/3769 3696/3894/3769 3759/3953/3769 3760/3956/3769
f 3671/3834/3770 3670/3895/3770 3733/3954/3770 3734/3957/3770
f 3645/3836/3771 3644/3896/3771 3707/3955/3771 3708/3958/3771
f 2752/3959/3772 3697/3833/3772 3760/3956/3772
f 3672/3835/3773 3671/3834/3773 3734/3957/3773 3735/3960/3773
f 3646/3837/3774 3645/3836/3774 3708/3958/3774 3709/3961/3774
f 3673/3838/3775 3672/3835/3775 3735/3960/3775 3736/3897/3775
f 3647/3839/3776 3646/3837/3776 3709/3961/3776 3710/3899/3776
f 3739/3903/3777 3738/3901/3777 3801/3962/3777 3802/3963/3777
f 3713/3904/3778 3712/3902/3778 3775/3964/3778 3776/3965/3778
f 3740/3905/3779 3739/3903/3779 3802/3963/3779 3803/3966/3779
f 3714/3906/3780 3713/3904/3780 3776/3965/3780 3777/3967/3780
f 3741/3907/3781 3740/3905/3781 3803/3966/3781 3804/3968/3781
f 3715/3908/3782 3714/3906/3782 3777/3967/3782 3778/3969/3782
f 3742/3909/3783 3741/3907/3783 3804/3968/3783 3805/3970/3783
f 3716/3910/3784 3715/3908/3784 3778/3969/3784 3779/3971/3784
f 3743/3911/3785 3742/3909/3785 3805/3970/3785 3806/3972/3785
f 3717/3912/3786 3716/3910/3786 3779/3971/3786 3780/3973/3786
f 3744/3913/3787 3743/3911/3787 3806/3972/3787 3807/3974/3787
f 3718/3914/3788 3717/3912/3788 3780/3973/3788 3781/3975/3788
f 3745/3915/3789 3744/3913/3789 3807/3974/3789 3808/3976/3789
f 3719/3916/3790 3718/3914/3790 3781/3975/3790 3782/3977/3790
f 3746/3917/3791 3745/3915/3791 3808/3976/3791 3809/3978/3791
f 3720/3918/3792 3719/3916/3792 3782/3977/3792 3783/3979/3792
f 3747/3919/3793 3746/3917/3793 3809/3978/3793 3810/3980/3793
f 3721/3920/3794 3720/3918/3794 3783/3979/3794 3784/3981/3794
f 3748/3921/3795 3747/3919/3795 3810/3980/3795 3811/3982/3795
f 3722/3922/3796 3721/3920/3796 3784/3981/3796 3785/3983/3796
f 3749/3923/3797 3748/3921/3797 3811/3982/3797 3812/3984/3797
f 3723/3924/3798 3722/3922/3798 3785/3983/3798 3786/3985/3798
f 3750/3925/3799 3749/3923/3799 3812/3984/3799 3813/3986/3799
f 3724/3926/3800 3723/3924/3800 3786/3985/3800 3787/3987/3800
f 3698/3928/3801 2058/3988/3801 3761/3989/3801
f 3751/3929/3802 3750/3925/3802 3813/3986/3802 3814/3990/3802
f 3725/3930/3803 3724/3926/3803 3787/3987/3803 3788/3991/3803
f 3699/3931/3804 3698/3928/3804 3761/3989/3804 3762/3992/3804
f 3752/3932/3805 3751/3929/3805 3814/3990/3805 3815/3993/3805
f 3726/3933/3806 3725/3930/3806 3788/3991/3806 3789/3994/3806
f 3700/3934/3807 3699/3931/3807 3762/3992/3807 3763/3995/3807
f 3753/3935/3808 3752/3932/3808 3815/3993/3808 3816/3996/3808
f 3727/3936/3809 3726/3933/3809 3789/3994/3809 3790/3997/3809
f 3701/3937/3810 3700/3934/3810 3763/3995/3810 3764/3998/3810
f 3754/3938/3811 3753/3935/3811 3816/3996/3811 3817/3999/3811
f 3728/3939/3812 3727/3936/3812 3790/3997/3812 3791/4000/3812
f 3702/3940/3813 3701/3937/3813 3764/3998/3813 3765/4001/3813
f 3755/3941/3814 3754/3938/3814 3817/3999/3814 3818/4002/3814
f 3729/3942/3815 3728/3939/3815 3791/4000/3815 3792/4003/3815
f 3703/3943/3816 3702/3940/3816 3765/4001/3816 3766/4004/3816
f 3756/3944/3817 3755/3941/3817 3818/4002/3817 3819/4005/3817
f 3730/3945/3818 3729/3942/3818 3792/4003/3818 3793/4006/3818
f 3704/3946/3819 3703/3943/3819 3766/4004/3819 3767/4007/3819
f 3757/3947/3820 3756/3944/3820 3819/4005/3820 3820/4008/3820
f 3731/3948/3821 3730/3945/3821 3793/4006/3821 3794/4009/3821
f 3705/3949/3822 3704/3946/3822 3767/4007/3822 3768/4010/3822
f 3758/3950/3823 3757/3947/3823 3820/4008/3823 3821/4011/3823
f 3732/3951/3824 3731/3948/3824 3794/4009/3824 3795/4012/3824
f 3706/3952/3825 3705/3949/3825 3768/4010/3825 3769/4013/3825
f 3759/3953/3826 3758/3950/3826 3821/4011/3826 3822/4014/3826
f 3733/3954/3827 3732/3951/3827 3795/4012/3827 3796/4015/3827
f 3707/3955/3828 3706/3952/3828 3769/4013/3828 3770/4016/3828
f 3760/3956/3829 3759/3953/3829 3822/4014/3829 3823/4017/3829
f 3734/3957/3830 3733/3954/3830 3796/4015/3830 3797/4018/3830
f 3708/3958/3831 3707/3955/3831 3770/4016/3831 3771/4019/3831
f 2752/4020/3832 3760/3956/3832 3823/4017/3832
f 3735/3960/3833 3734/3957/3833 3797/4018/3833 3798/4021/3833
f 3709/3961/3834 3708/3958/3834 3771/4019/3834 3772/4022/3834
f 3736/3897/3835 3735/3960/3835 3798/4021/3835 3799/4023/3835
f 3710/3899/3836 3709/3961/3836 3772/4022/3836 3773/4024/3836
f 3737/3898/3837 3736/3897/3837 3799/4023/3837 3800/4025/3837
f 3711/3900/3838 3710/3899/3838 3773/4024/3838 3774/4026/3838
f 3738/3901/3839 3737/3898/3839 3800/4025/3839 3801/3962/3839
f 3712/3902/3840 3711/3900/3840 3774/4026/3840 3775/3964/3840
f 3804/3968/3841 3803/3966/3841 3866/4027/3841 3867/4028/3841
f 3778/3969/3842 3777/3967/3842 3840/4029/3842 3841/4030/3842
f 3805/3970/3843 3804/3968/3843 3867/4028/3843 3868/4031/3843
f 3779/3971/3844 3778/3969/3844 3841/4030/3844 3842/4032/3844
f 3806/3972/3845 3805/3970/3845 3868/4031/3845 3869/4033/3845
f 3780/3973/3846 3779/3971/3846 3842/4032/3846 3843/4034/3846
f 3807/3974/3847 3806/3972/3847 3869/4033/3847 3870/4035/3847
f 3781/3975/3848 3780/3973/3848 3843/4034/3848 3844/4036/3848
f 3808/3976/3849 3807/3974/3849 3870/4035/3849 3871/4037/3849
f 3782/3977/3850 3781/3975/3850 3844/4036/3850 3845/4038/3850
f 3809/3978/3851 3808/3976/3851 3871/4037/3851 3872/4039/3851
f 3783/3979/3852 3782/3977/3852 3845/4038/3852 3846/4040/3852
f 3810/3980/3853 3809/3978/3853 3872/4039/3853 3873/4041/3853
f 3784/3981/3854 3783/3979/3854 3846/4040/3854 3847/4042/3854
f 3811/3982/3855 3810/3980/3855 3873/4041/3855 3874/4043/3855
f 3785/3983/3856 3784/3981/3856 3847/4042/3856 3848/4044/3856
f 3812/3984/3857 3811/3982/3857 3874/4043/3857 3875/4045/3857
f 3786/3985/3858 3785/3983/3858 3848/4044/3858 3849/4046/3858
f 3813/3986/3859 3812/3984/3859 3875/4045/3859 3876/4047/3859
f 3787/3987/3860 3786/3985/3860 3849/4046/3860 3850/4048/3860
f 3761/3989/3861 2058/4049/3861 3824/4050/3861
f 3814/3990/3862 3813/3986/3862 3876/4047/3862 3877/4051/3862
f 3788/3991/3863 3787/3987/3863 3850/4048/3863 3851/4052/3863
f 3762/3992/3864 3761/3989/3864 3824/4050/3864 3825/4053/3864
f 3815/3993/3865 3814/3990/3865 3877/4051/3865 3878/4054/3865
f 3789/3994/3866 3788/3991/3866 3851/4052/3866 3852/4055/3866
f 3763/3995/3867 3762/3992/3867 3825/4053/3867 3826/4056/3867
f 3816/3996/3868 3815/3993/3868 3878/4054/3868 3879/4057/3868
f 3790/3997/3869 3789/3994/3869 3852/4055/3869 3853/4058/3869
f 3764/3998/3870 3763/3995/3870 3826/4056/3870 3827/4059/3870
f 3817/3999/3871 3816/3996/3871 3879/4057/3871 3880/4060/3871
f 3791/4000/3872 3790/3997/3872 3853/4058/3872 3854/4061/3872
f 3765/4001/3873 3764/3998/3873 3827/4059/3873 3828/4062/3873
f 3818/4002/3874 3817/3999/3874 3880/4060/3874 3881/4063/3874
f 3792/4003/3875 3791/4000/3875 3854/4061/3875 3855/4064/3875
f 3766/4004/3876 3765/4001/3876 3828/4062/3876 3829/4065/3876
f 3819/4005/3877 3818/4002/3877 3881/4063/3877 3882/4066/3877
f 3793/4006/3878 3792/4003/3878 3855/4064/3878 3856/4067/3878
f 3767/4007/3879 3766/4004/3879 3829/4065/3879 3830/4068/3879
f 3820/4008/3880 3819/4005/3880 3882/4066/3880 3883/4069/3880
f 3794/4009/3881 3793/4006/3881 3856/4067/3881 3857/4070/3881
f 3768/4010/3882 3767/4007/3882 3830/4068/3882 3831/4071/3882
f 3821/4011/3883 3820/4008/3883 3883/4069/3883 3884/4072/3883
f 3795/4012/3884 3794/4009/3884 3857/4070/3884 3858/4073/3884
f 3769/4013/3885 3768/4010/3885 3831/4071/3885 3832/4074/3885
f 3822/4014/3886 3821/4011/3886 3884/4072/3886 3885/4075/3886
f 3796/4015/3887 3795/4012/3887 3858/4073/3887 3859/4076/3887
f 3770/4016/3888 3769/4013/3888 3832/4074/3888 3833/4077/3888
f 3823/4017/3889 3822/4014/3889 3885/4075/3889 3886/4078/3889
f 3797/4018/3890 3796/4015/3890 3859/4076/3890 3860/4079/3890
f 3771/4019/3891 3770/4016/3891 3833/4077/3891 3834/4080/3891
f 2752/4081/3892 3823/4017/3892 3886/4078/3892
f 3798/4021/3893 3797/4018/3893 3860/4079/3893 3861/4082/3893
f 3772/4022/3894 3771/4019/3894 3834/4080/3894 3835/4083/3894
f 3799/4023/3895 3798/4021/3895 3861/4082/3895 3862/4084/3895
f 3773/4024/3896 3772/4022/3896 3835/4083/3896 3836/4085/3896
f 3800/4025/3897 3799/4023/3897 3862/4084/3897 3863/4086/3897
f 3774/4026/3898 3773/4024/3898 3836/4085/3898 3837/4087/3898
f 3801/3962/3899 3800/4025/3899 3863/4086/3899 3864/4088/3899
f 3775/3964/3900 3774/4026/3900 3837/4087/3900 3838/4089/3900
f 3802/3963/3901 3801/3962/3901 3864/4088/3901 3865/4090/3901
f 3776/3965/3902 3775/3964/3902 3838/4089/3902 3839/4091/3902
f 3803/3966/3903 3802/3963/3903 3865/4090/3903 3866/4027/3903
f 3777/3967/3904 3776/3965/3904 3839/4091/3904 3840/4029/3904
f 3869/4033/3905 3868/4031/3905 3931/4092/3905 3932/4093/3905
f 3843/4034/3906 3842/4032/3906 3905/4094/3906 3906/4095/3906
f 3870/4035/3907 3869/4033/3907 3932/4093/3907 3933/4096/3907
f 3844/4036/3908 3843/4034/3908 3906/4095/3908 3907/4097/3908
f 3871/4037/3909 3870/4035/3909 3933/4096/3909 3934/4098/3909
f 3845/4038/3910 3844/4036/3910 3907/4097/3910 3908/4099/3910
f 3872/4039/3911 3871/4037/3911 3934/4098/3911 3935/4100/3911
f 3846/4040/3912 3845/4038/3912 3908/4099/3912 3909/4101/3912
f 3873/4041/3913 3872/4039/3913 3935/4100/3913 3936/4102/3913
f 3847/4042/3914 3846/4040/3914 3909/4101/3914 3910/4103/3914
f 3874/4043/3915 3873/4041/3915 3936/4102/3915 3937/4104/3915
f 3848/4044/3916 3847/4042/3916 3910/4103/3916 3911/4105/3916
f 3875/4045/3917 3874/4043/3917 3937/4104/3917 3938/4106/3917
f 3849/4046/3918 3848/4044/3918 3911/4105/3918 3912/4107/3918
f 3876/4047/3919 3875/4045/3919 3938/4106/3919 3939/4108/3919
f 3850/4048/3920 3849/4046/3920 3912/4107/3920 3913/4109/3920
f 3824/4050/3921 2058/4110/3921 3887/4111/3921
f 3877/4051/3922 3876/4047/3922 3939/4108/3922 3940/4112/3922
f 3851/4052/3923 3850/4048/3923 3913/4109/3923 3914/4113/3923
f 3825/4053/3924 3824/4050/3924 3887/4111/3924 3888/4114/3924
f 3878/4054/3925 3877/4051/3925 3940/4112/3925 3941/4115/3925
f 3852/4055/3926 3851/4052/3926 3914/4113/3926 3915/4116/3926
f 3826/4056/3927 3825/4053/3927 3888/4114/3927 3889/4117/3927
f 3879/4057/3928 3878/4054/3928 3941/4115/3928 3942/4118/3928
f 3853/4058/3929 3852/4055/3929 3915/4116/3929 3916/4119/3929
f 3827/4059/3930 3826/4056/3930 3889/4117/3930 3890/4120/3930
f 3880/4060/3931 3879/4057/3931 3942/4118/3931 3943/4121/3931
f 3854/4061/3932 3853/4058/3932 3916/4119/3932 3917/4122/3932
f 3828/4062/3933 3827/4059/3933 3890/4120/3933 3891/4123/3933
f 3881/4063/3934 3880/4060/3934 3943/4121/3934 3944/4124/3934
f 3855/4064/3935 3854/4061/3935 3917/4122/3935 3918/4125/3935
f 3829/4065/3936 3828/4062/3936 3891/4123/3936 3892/4126/3936
f 3882/4066/3937 3881/4063/3937 3944/4124/3937 3945/4127/3937
f 3856/4067/3938 3855/4064/3938 3918/4125/3938 3919/4128/3938
f 3830/4068/3939 3829/4065/3939 3892/4126/3939 3893/4129/3939
f 3883/4069/3940 3882/4066/3940 3945/4127/3940 3946/4130/3940
f 3857/4070/3941 3856/4067/3941 3919/4128/3941 3920/4131/3941
f 3831/4071/3942 3830/4068/3942 3893/4129/3942 3894/4132/3942
f 3884/4072/3943 3883/4069/3943 3946/4130/3943 3947/4133/3943
f 3858/4073/3944 3857/4070/3944 3920/4131/3944 3921/4134/3944
f 3832/4074/3945 3831/4071/3945 3894/4132/3945 3895/4135/3945
f 3885/4075/3946 3884/4072/3946 3947/4133/3946 3948/4136/3946
f 3859/4076/3947 3858/4073/3947 3921/4134/3947 3922/4137/3947
f 3833/4077/3948 3832/4074/3948 3895/4135/3948 3896/4138/3948
f 3886/4078/3949 3885/4075/3949 3948/4136/3949 3949/4139/3949
f 3860/4079/3950 3859/4076/3950 3922/4137/3950 3923/4140/3950
f 3834/4080/3951 3833/4077/3951 3896/4138/3951 3897/4141/3951
f 2752/4142/3952 3886/4078/3952 3949/4139/3952
f 3861/4082/3953 3860/4079/3953 3923/4140/3953 3924/4143/3953
f 3835/4083/3954 3834/4080/3954 3897/4141/3954 3898/4144/3954
f 3862/4084/3955 3861/4082/3955 3924/4143/3955 3925/4145/3955
f 3836/4085/3956 3835/4083/3956 3898/4144/3956 3899/4146/3956
f 3863/4086/3957 3862/4084/3957 3925/4145/3957 3926/4147/3957
f 3837/4087/3958 3836/4085/3958 3899/4146/3958 3900/4148/3958
f 3864/4088/3959 3863/4086/3959 3926/4147/3959 3927/4149/3959
f 3838/4089/3960 3837/4087/3960 3900/4148/3960 3901/4150/3960
f 3865/4090/3961 3864/4088/3961 3927/4149/3961 3928/4151/3961
f 3839/4091/3962 3838/4089/3962 3901/4150/3962 3902/4152/3962
f 3866/4027/3963 3865/4090/3963 3928/4151/3963 3929/4153/3963
f 3840/4029/3964 3839/4091/3964 3902/4152/3964 3903/4154/3964
f 3867/4028/3965 3866/4027/3965 3929/4153/3965 3930/4155/3965
f 3841/4030/3966 3840/4029/3966 3903/4154/3966 3904/4156/3966
f 3868/4031/3967 3867/4028/3967 3930/4155/3967 3931/4092/3967
f 3842/4032/3968 3841/4030/3968 3904/4156/3968 3905/4094/3968
f 3934/4098/3969 3933/4096/3969 3996/4157/3969 3997/4158/3969
f 3908/4099/3970 3907/4097/3970 3970/4159/3970 3971/4160/3970
f 3935/4100/3971 3934/4098/3971 3997/4158/3971 3998/4161/3971
f 3909/4101/3972 3908/4099/3972 3971/4160/3972 3972/4162/3972
f 3936/4102/3973 3935/4100/3973 3998/4161/3973 3999/4163/3973
f 3910/4103/3974 3909/4101/3974 3972/4162/3974 3973/4164/3974
f 3937/4104/3975 3936/4102/3975 3999/4163/3975 4000/4165/3975
f 3911/4105/3976 3910/4103/3976 3973/4164/3976 3974/4166/3976
f 3938/4106/3977 3937/4104/3977 4000/4165/3977 4001/4167/3977
f 3912/4107/3978 3911/4105/3978 3974/4166/3978 3975/4168/3978
f 3939/4108/3979 3938/4106/3979 4001/4167/3979 4002/4169/3979
f 3913/4109/3980 3912/4107/3980 3975/4168/3980 3976/4170/3980
f 3887/4111/3981 2058/4171/3981 3950/4172/3981
f 3940/4112/3982 3939/4108/3982 4002/4169/3982 4003/4173/3982
f 3914/4113/3983 3913/4109/3983 3976/4170/3983 3977/4174/3983
f 3888/4114/3984 3887/4111/3984 3950/4172/3984 3951/4175/3984
f 3941/4115/3985 3940/4112/3985 4003/4173/3985 4004/4176/3985
f 3915/4116/3986 3914/4113/3986 3977/4174/3986 3978/4177/3986
f 3889/4117/3987 3888/4114/3987 3951/4175/3987 3952/4178/3987
f 3942/4118/3988 3941/4115/3988 4004/4176/3988 4005/4179/3988
f 3916/4119/3989 3915/4116/3989 3978/4177/3989 3979/4180/3989
f 3890/4120/3990 3889/4117/3990 3952/4178/3990 3953/4181/3990
f 3943/4121/3991 3942/4118/3991 4005/4179/3991 4006/4182/3991
f 3917/4122/3992 3916/4119/3992 3979/4180/3992 3980/4183/3992
f 3891/4123/3993 3890/4120/3993 3953/4181/3993 3954/4184/3993
f 3944/4124/3994 3943/4121/3994 4006/4182/3994 4007/4185/3994
f 3918/4125/3995 3917/4122/3995 3980/4183/3995 3981/4186/3995
f 3892/4126/3996 3891/4123/3996 3954/4184/3996 3955/4187/3996
f 3945/4127/3997 3944/4124/3997 4007/4185/3997 4008/4188/3997
f 3919/4128/3998 3918/4125/3998 3981/4186/3998 3982/4189/3998
f 3893/4129/3999 3892/4126/3999 3955/4187/3999 3956/4190/3999
f 3946/4130/4000 3945/4127/4000 4008/4188/4000 4009/4191/4000
f 3920/4131/4001 3919/4128/4001 3982/4189/4001 3983/4192/4001
f 3894/4132/4002 3893/4129/4002 3956/4190/4002 3957/4193/4002
f 3947/4133/4003 3946/4130/4003 4009/4191/4003 4010/4194/4003
f 3921/4134/4004 3920/4131/4004 3983/4192/4004 3984/4195/4004
f 3895/4135/4005 3894/4132/4005 3957/4193/4005 3958/4196/4005
f 3948/4136/4006 3947/4133/4006 4010/4194/4006 4011/4197/4006
f 3922/4137/4007 3921/4134/4007 3984/4195/4007 3985/4198/4007
f 3896/4138/4008 3895/4135/4008 3958/4196/4008 3959/4199/4008
f 3949/4139/4009 3948/4136/4009 4011/4197/4009 4012/4200/4009
f 3923/4140/4010 3922/4137/4010 3985/4198/4010 3986/4201/4010
f 3897/4141/4011 3896/4138/4011 3959/4199/4011 3960/4202/4011
f 2752/4203/4012 3949/4139/4012 4012/4200/4012
f 3924/4143/4013 3923/4140/4013 3986/4201/4013 3987/4204/4013
f 3898/4144/4014 3897/4141/4014 3960/4202/4014 3961/4205/4014
f 3925/4145/4015 3924/4143/4015 3987/4204/4015 3988/4206/4015
f 3899/4146/4016 3898/4144/4016 3961/4205/4016 3962/4207/4016
f 3926/4147/4017 3925/4145/4017 3988/4206/4017 3989/4208/4017
f 3900/4148/4018 3899/4146/4018 3962/4207/4018 3963/4209/4018
f 3927/4149/4019 3926/4147/4019 3989/4208/4019 3990/4210/4019
f 3901/4150/4020 3900/4148/4020 3963/4209/4020 3964/4211/4020
f 3928/4151/4021 3927/4149/4021 3990/4210/4021 3991/4212/4021
f 3902/4152/4022 3901/4150/4022 3964/4211/4022 3965/4213/4022
f 3929/4153/4023 3928/4151/4023 3991/4212/4023 3992/4214/4023
f 3903/4154/4024 3902/4152/4024 3965/4213/4024 3966/4215/4024
f 3930/4155/4025 3929/4153/4025 3992/4214/4025 3993/4216/4025
f 3904/4156/4026 3903/4154/4026 3966/4215/4026 3967/4217/4026
f 3931/4092/4027 3930/4155/4027 3993/4216/4027 3994/4218/4027
f 3905/4094/4028 3904/4156/4028 3967/4217/4028 3968/4219/4028
f 3932/4093/4029 3931/4092/4029 3994/4218/4029 3995/4220/4029
f 3906/4095/4030 3905/4094/4030 3968/4219/4030 3969/4221/4030
f 3933/4096/4031 3932/4093/4031 3995/4220/4031 3996/4157/4031
f 3907/4097/4032 3906/4095/4032 3969/4221/4032 3970/4159/4032
f 3999/4163/4033 3998/4161/4033 32/37/4033 33/41/4033
f 3973/4164/4034 3972/4162/4034 11/39/4034 12/43/4034
f 4000/4165/4035 3999/4163/4035 33/41/4035 34/45/4035
f 3974/4166/4036 3973/4164/4036 12/43/4036 13/47/4036
f 4001/4167/4037 4000/4165/4037 34/45/4037 4030/49/4037
f 3975/4168/4038 3974/4166/4038 13/47/4038 14/51/4038
f 4002/4169/4039 4001/4167/4039 4030/49/4039 35/53/4039
f 3976/4170/4040 3975/4168/4040 14/51/4040 15/55/4040
f 3950/4172/4041 2058/4222/4041 4013/57/4041
f 4003/4173/4042 4002/4169/4042 35/53/4042 36/60/4042
f 3977/4174/4043 3976/4170/4043 15/55/4043 4025/62/4043
f 3951/4175/4044 3950/4172/4044 4013/57/4044 4014/64/4044
f 4004/4176/4045 4003/4173/4045 36/60/4045 37/66/4045
f 3978/4177/4046 3977/4174/4046 4025/62/4046 16/68/4046
f 3952/4178/4047 3951/4175/4047 4014/64/4047 4015/70/4047
f 4005/4179/4048 4004/4176/4048 37/66/4048 38/72/4048
f 3979/4180/4049 3978/4177/4049 16/68/4049 17/74/4049
f 3953/4181/4050 3952/4178/4050 4015/70/4050 1/76/4050
f 4006/4182/4051 4005/4179/4051 38/72/4051 39/78/4051
f 3980/4183/4052 3979/4180/4052 17/74/4052 18/80/4052
f 3954/4184/4053 3953/4181/4053 1/76/4053 4016/82/4053
f 4007/4185/4054 4006/4182/4054 39/78/4054 40/84/4054
f 3981/4186/4055 3980/4183/4055 18/80/4055 19/86/4055
f 3955/4187/4056 3954/4184/4056 4016/82/4056 2/88/4056
f 4008/4188/4057 4007/4185/4057 40/84/4057 4031/90/4057
f 3982/4189/4058 3981/4186/4058 19/86/4058 4026/92/4058
f 3956/4190/4059 3955/4187/4059 2/88/4059 4017/94/4059
f 4009/4191/4060 4008/4188/4060 4031/90/4060 41/96/4060
f 3983/4192/4061 3982/4189/4061 4026/92/4061 20/98/4061
f 3957/4193/4062 3956/4190/4062 4017/94/4062 4018/100/4062
f 4010/4194/4063 4009/4191/4063 41/96/4063 4032/102/4063
f 3984/4195/4064 3983/4192/4064 20/98/4064 21/104/4064
f 3958/4196/4065 3957/4193/4065 4018/100/4065 4019/106/4065
f 4011/4197/4066 4010/4194/4066 4032/102/4066 4033/108/4066
f 3985/4198/4067 3984/4195/4067 21/104/4067 4027/110/4067
f 3959/4199/4068 3958/4196/4068 4019/106/4068 4020/112/4068
f 4012/4200/4069 4011/4197/4069 4033/108/4069 4034/114/4069
f 3986/4201/4070 3985/4198/4070 4027/110/4070 22/116/4070
f 3960/4202/4071 3959/4199/4071 4020/112/4071 4021/118/4071
f 2752/4223/4072 4012/4200/4072 4034/114/4072
f 3987/4204/4073 3986/4201/4073 22/116/4073 23/121/4073
f 3961/4205/4074 3960/4202/4074 4021/118/4074 4022/123/4074
f 3988/4206/4075 3987/4204/4075 23/121/4075 4028/125/4075
f 3962/4207/4076 3961/4205/4076 4022/123/4076 3/127/4076
f 3989/4208/4077 3988/4206/4077 4028/125/4077 24/2/4077
f 3963/4209/4078 3962/4207/4078 3/127/4078 4023/6/4078
f 3990/4210/4079 3989/4208/4079 24/2/4079 25/1/4079
f 3964/4211/4080 3963/4209/4080 4023/6/4080 4/5/4080
f 3991/4212/4081 3990/4210/4081 25/1/4081 26/9/4081
f 3965/4213/4082 3964/4211/4082 4/5/4082 5/11/4082
f 3992/4214/4083 3991/4212/4083 26/9/4083 27/13/4083
f 3966/4215/4084 3965/4213/4084 5/11/4084 6/15/4084
f 3993/4216/4085 3992/4214/4085 27/13/4085 28/17/4085
f 3967/4217/4086 3966/4215/4086 6/15/4086 4024/19/4086
f 3994/4218/4087 3993/4216/4087 28/17/4087 29/21/4087
f 3968/4219/4088 3967/4217/4088 4024/19/4088 7/23/4088
f 3995/4220/4089 3994/4218/4089 29/21/4089 4029/25/4089
f 3969/4221/4090 3968/4219/4090 7/23/4090 8/27/4090
f 3996/4157/4091 3995/4220/4091 4029/25/4091 30/29/4091
f 3970/4159/4092 3969/4221/4092 8/27/4092 9/31/4092
f 3997/4158/4093 3996/4157/4093 30/29/4093 31/33/4093
f 3971/4160/4094 3970/4159/4094 9/31/4094 10/35/4094
f 3998/4161/4095 3997/4158/4095 31/33/4095 32/37/4095
f 3972/4162/4096 3971/4160/4096 10/35/4096 11/39/4096
