# Blender 4.2.1 LTS
# www.blender.org
o Sphere_7
v 0.000000 0.995185 -0.098017
v 0.000000 0.980785 -0.195090
v 0.000000 0.956940 -0.290285
v 0.000000 0.881921 -0.471397
v 0.000000 0.471397 -0.881921
v 0.000000 0.382683 -0.923880
v 0.000000 0.290285 -0.956940
v 0.000000 0.098017 -0.995185
v 0.000000 0.000000 -1.000000
v 0.000000 -0.098017 -0.995185
v 0.000000 -0.290285 -0.956940
v 0.000000 -0.382683 -0.923880
v 0.000000 -0.471397 -0.881921
v 0.000000 -0.956940 -0.290285
v 0.000000 -0.995185 -0.098017
v 0.009607 0.995185 -0.097545
v 0.019122 0.980785 -0.194151
v 0.028453 0.956940 -0.288887
v 0.037510 0.923880 -0.380841
v 0.046205 0.881921 -0.469127
v 0.054455 0.831470 -0.552895
v 0.062181 0.773010 -0.631339
v 0.069309 0.707107 -0.703702
v 0.075768 0.634393 -0.769288
v 0.081498 0.555570 -0.827466
v 0.086443 0.471397 -0.877675
v 0.090556 0.382683 -0.919431
v 0.093797 0.290285 -0.952332
v 0.096134 0.195090 -0.976062
v 0.097545 0.098017 -0.990393
v 0.098017 0.000000 -0.995185
v 0.097545 -0.098017 -0.990393
v 0.096134 -0.195090 -0.976062
v 0.093797 -0.290285 -0.952332
v 0.090556 -0.382683 -0.919431
v 0.086443 -0.471397 -0.877675
v 0.081498 -0.555570 -0.827466
v 0.075768 -0.634393 -0.769288
v 0.069309 -0.707107 -0.703702
v 0.062181 -0.773010 -0.631339
v 0.054455 -0.831470 -0.552895
v 0.046205 -0.881921 -0.469127
v 0.037510 -0.923880 -0.380841
v 0.028453 -0.956940 -0.288887
v 0.019122 -0.980785 -0.194151
v 0.009607 -0.995185 -0.097545
v 0.019122 0.995185 -0.096134
v 0.038060 0.980785 -0.191342
v 0.056632 0.956940 -0.284707
v 0.074658 0.923880 -0.375330
v 0.091965 0.881921 -0.462339
v 0.108386 0.831470 -0.544895
v 0.123764 0.773010 -0.622204
v 0.137950 0.707107 -0.693520
v 0.150807 0.634393 -0.758157
v 0.162212 0.555570 -0.815493
v 0.172054 0.471397 -0.864975
v 0.180240 0.382683 -0.906127
v 0.186690 0.290285 -0.938553
v 0.191342 0.195090 -0.961940
v 0.194151 0.098017 -0.976062
v 0.195090 0.000000 -0.980785
v 0.194151 -0.098017 -0.976062
v 0.191342 -0.195090 -0.961940
v 0.186690 -0.290285 -0.938553
v 0.180240 -0.382683 -0.906127
v 0.172054 -0.471397 -0.864975
v 0.162212 -0.555570 -0.815493
v 0.150807 -0.634393 -0.758157
v 0.137950 -0.707107 -0.693520
v 0.123764 -0.773010 -0.622204
v 0.108386 -0.831470 -0.544895
v 0.091965 -0.881921 -0.462339
v 0.074658 -0.923880 -0.375330
v 0.056632 -0.956940 -0.284707
v 0.038060 -0.980785 -0.191342
v 0.019122 -0.995185 -0.096134
v 0.028453 0.995185 -0.093797
v 0.056632 0.980785 -0.186690
v 0.084265 0.956940 -0.277785
v 0.111087 0.923880 -0.366205
v 0.136839 0.881921 -0.451099
v 0.161274 0.831470 -0.531648
v 0.184155 0.773010 -0.607077
v 0.205262 0.707107 -0.676659
v 0.224393 0.634393 -0.739725
v 0.241363 0.555570 -0.795667
v 0.256008 0.471397 -0.843946
v 0.268188 0.382683 -0.884098
v 0.277785 0.290285 -0.915735
v 0.284707 0.195090 -0.938553
v 0.288887 0.098017 -0.952332
v 0.290285 0.000000 -0.956940
v 0.288887 -0.098017 -0.952332
v 0.284707 -0.195090 -0.938553
v 0.277785 -0.290285 -0.915735
v 0.268188 -0.382683 -0.884098
v 0.256008 -0.471397 -0.843946
v 0.241363 -0.555570 -0.795667
v 0.224393 -0.634393 -0.739725
v 0.205262 -0.707107 -0.676659
v 0.184155 -0.773010 -0.607077
v 0.161274 -0.831470 -0.531648
v 0.136839 -0.881921 -0.451099
v 0.111087 -0.923880 -0.366205
v 0.084265 -0.956940 -0.277785
v 0.056632 -0.980785 -0.186690
v 0.028453 -0.995185 -0.093797
v 0.037510 0.995185 -0.090556
v 0.074658 0.980785 -0.180240
v 0.111087 0.956940 -0.268188
v 0.146447 0.923880 -0.353553
v 0.180396 0.881921 -0.435514
v 0.212608 0.831470 -0.513280
v 0.242772 0.773010 -0.586103
v 0.270598 0.707107 -0.653281
v 0.295818 0.634393 -0.714169
v 0.318190 0.555570 -0.768178
v 0.337497 0.471397 -0.814789
v 0.353553 0.382683 -0.853553
v 0.366205 0.290285 -0.884098
v 0.375330 0.195090 -0.906127
v 0.380841 0.098017 -0.919431
v 0.382683 0.000000 -0.923880
v 0.380841 -0.098017 -0.919431
v 0.375330 -0.195090 -0.906127
v 0.366205 -0.290285 -0.884098
v 0.353553 -0.382683 -0.853553
v 0.337497 -0.471397 -0.814789
v 0.318190 -0.555570 -0.768178
v 0.295818 -0.634393 -0.714169
v 0.270598 -0.707107 -0.653281
v 0.242772 -0.773010 -0.586103
v 0.212608 -0.831470 -0.513280
v 0.180396 -0.881921 -0.435514
v 0.146447 -0.923880 -0.353553
v 0.111087 -0.956940 -0.268188
v 0.074658 -0.980785 -0.180240
v 0.037510 -0.995185 -0.090556
v 0.046205 0.995185 -0.086443
v 0.091965 0.980785 -0.172054
v 0.136839 0.956940 -0.256008
v 0.180396 0.923880 -0.337497
v 0.222215 0.881921 -0.415735
v 0.261894 0.831470 -0.489969
v 0.299051 0.773010 -0.559485
v 0.333328 0.707107 -0.623612
v 0.364395 0.634393 -0.681734
v 0.391952 0.555570 -0.733291
v 0.415735 0.471397 -0.777785
v 0.435514 0.382683 -0.814789
v 0.451099 0.290285 -0.843946
v 0.462339 0.195090 -0.864975
v 0.469127 0.098017 -0.877675
v 0.471397 0.000000 -0.881921
v 0.469127 -0.098017 -0.877675
v 0.462339 -0.195090 -0.864975
v 0.451099 -0.290285 -0.843946
v 0.435514 -0.382683 -0.814789
v 0.415735 -0.471397 -0.777785
v 0.391952 -0.555570 -0.733291
v 0.364395 -0.634393 -0.681734
v 0.333328 -0.707107 -0.623612
v 0.299051 -0.773010 -0.559485
v 0.261894 -0.831470 -0.489969
v 0.222215 -0.881921 -0.415735
v 0.180396 -0.923880 -0.337497
v 0.136839 -0.956940 -0.256008
v 0.091965 -0.980785 -0.172054
v 0.046205 -0.995185 -0.086443
v 0.054455 0.995185 -0.081498
v 0.108386 0.980785 -0.162212
v 0.161274 0.956940 -0.241363
v 0.212608 0.923880 -0.318190
v 0.261894 0.881921 -0.391952
v 0.308658 0.831470 -0.461940
v 0.352450 0.773010 -0.527479
v 0.392847 0.707107 -0.587938
v 0.429462 0.634393 -0.642735
v 0.461940 0.555570 -0.691342
v 0.489969 0.471397 -0.733291
v 0.513280 0.382683 -0.768178
v 0.531648 0.290285 -0.795667
v 0.544895 0.195090 -0.815493
v 0.552895 0.098017 -0.827466
v 0.555570 0.000000 -0.831470
v 0.552895 -0.098017 -0.827466
v 0.544895 -0.195090 -0.815493
v 0.531648 -0.290285 -0.795667
v 0.513280 -0.382683 -0.768178
v 0.489969 -0.471397 -0.733291
v 0.461940 -0.555570 -0.691342
v 0.429462 -0.634393 -0.642735
v 0.392847 -0.707107 -0.587938
v 0.352450 -0.773010 -0.527479
v 0.308658 -0.831470 -0.461940
v 0.261894 -0.881921 -0.391952
v 0.212608 -0.923880 -0.318190
v 0.161274 -0.956940 -0.241363
v 0.108386 -0.980785 -0.162212
v 0.054455 -0.995185 -0.081498
v 0.062181 0.995185 -0.075768
v 0.123764 0.980785 -0.150807
v 0.184155 0.956940 -0.224393
v 0.242772 0.923880 -0.295818
v 0.299051 0.881921 -0.364395
v 0.352450 0.831470 -0.429462
v 0.402455 0.773010 -0.490393
v 0.448584 0.707107 -0.546601
v 0.490393 0.634393 -0.597545
v 0.527479 0.555570 -0.642735
v 0.559485 0.471397 -0.681734
v 0.586103 0.382683 -0.714168
v 0.607077 0.290285 -0.739725
v 0.622204 0.195090 -0.758157
v 0.631338 0.098017 -0.769288
v 0.634393 0.000000 -0.773010
v 0.631338 -0.098017 -0.769288
v 0.622204 -0.195090 -0.758157
v 0.607077 -0.290285 -0.739725
v 0.586103 -0.382683 -0.714168
v 0.559485 -0.471397 -0.681734
v 0.527479 -0.555570 -0.642735
v 0.490393 -0.634393 -0.597545
v 0.448584 -0.707107 -0.546601
v 0.402455 -0.773010 -0.490393
v 0.352450 -0.831470 -0.429462
v 0.299051 -0.881921 -0.364395
v 0.242772 -0.923880 -0.295818
v 0.184155 -0.956940 -0.224393
v 0.123764 -0.980785 -0.150807
v 0.062181 -0.995185 -0.075768
v 0.069309 0.995185 -0.069309
v 0.137950 0.980785 -0.137950
v 0.205262 0.956940 -0.205262
v 0.270598 0.923880 -0.270598
v 0.333328 0.881921 -0.333328
v 0.392848 0.831470 -0.392848
v 0.448584 0.773010 -0.448584
v 0.500000 0.707107 -0.500000
v 0.546601 0.634393 -0.546601
v 0.587938 0.555570 -0.587938
v 0.623612 0.471397 -0.623612
v 0.653281 0.382683 -0.653281
v 0.676659 0.290285 -0.676659
v 0.693520 0.195090 -0.693520
v 0.703702 0.098017 -0.703702
v 0.707107 0.000000 -0.707107
v 0.703702 -0.098017 -0.703702
v 0.693520 -0.195090 -0.693520
v 0.676659 -0.290285 -0.676659
v 0.653281 -0.382683 -0.653281
v 0.623612 -0.471397 -0.623612
v 0.587938 -0.555570 -0.587938
v 0.546601 -0.634393 -0.546601
v 0.500000 -0.707107 -0.500000
v 0.448584 -0.773010 -0.448584
v 0.392848 -0.831470 -0.392848
v 0.333328 -0.881921 -0.333328
v 0.270598 -0.923880 -0.270598
v 0.205262 -0.956940 -0.205262
v 0.137950 -0.980785 -0.137950
v 0.069309 -0.995185 -0.069309
v 0.075768 0.995185 -0.062181
v 0.150807 0.980785 -0.123764
v 0.224393 0.956940 -0.184155
v 0.295818 0.923880 -0.242772
v 0.364395 0.881921 -0.299051
v 0.429462 0.831470 -0.352450
v 0.490393 0.773010 -0.402455
v 0.546601 0.707107 -0.448584
v 0.597545 0.634393 -0.490393
v 0.642735 0.555570 -0.527479
v 0.681734 0.471397 -0.559485
v 0.714168 0.382683 -0.586103
v 0.739725 0.290285 -0.607077
v 0.758157 0.195090 -0.622203
v 0.769288 0.098017 -0.631338
v 0.773010 0.000000 -0.634393
v 0.769288 -0.098017 -0.631338
v 0.758157 -0.195090 -0.622203
v 0.739725 -0.290285 -0.607077
v 0.714168 -0.382683 -0.586103
v 0.681734 -0.471397 -0.559485
v 0.642735 -0.555570 -0.527479
v 0.597545 -0.634393 -0.490393
v 0.546601 -0.707107 -0.448584
v 0.490393 -0.773010 -0.402455
v 0.429462 -0.831470 -0.352450
v 0.364395 -0.881921 -0.299051
v 0.295818 -0.923880 -0.242772
v 0.224393 -0.956940 -0.184155
v 0.150807 -0.980785 -0.123764
v 0.075768 -0.995185 -0.062181
v 0.081498 0.995185 -0.054455
v 0.162212 0.980785 -0.108386
v 0.241363 0.956940 -0.161274
v 0.318190 0.923880 -0.212607
v 0.391952 0.881921 -0.261894
v 0.461940 0.831470 -0.308658
v 0.527479 0.773010 -0.352450
v 0.587938 0.707107 -0.392847
v 0.642735 0.634393 -0.429462
v 0.691342 0.555570 -0.461940
v 0.733291 0.471397 -0.489969
v 0.768178 0.382683 -0.513280
v 0.795667 0.290285 -0.531648
v 0.815493 0.195090 -0.544895
v 0.827466 0.098017 -0.552895
v 0.831470 0.000000 -0.555570
v 0.827466 -0.098017 -0.552895
v 0.815493 -0.195090 -0.544895
v 0.795667 -0.290285 -0.531648
v 0.768178 -0.382683 -0.513280
v 0.733291 -0.471397 -0.489969
v 0.691342 -0.555570 -0.461940
v 0.642735 -0.634393 -0.429462
v 0.587938 -0.707107 -0.392847
v 0.527479 -0.773010 -0.352450
v 0.461940 -0.831470 -0.308658
v 0.391952 -0.881921 -0.261894
v 0.318190 -0.923880 -0.212607
v 0.241363 -0.956940 -0.161274
v 0.162212 -0.980785 -0.108386
v 0.081498 -0.995185 -0.054455
v 0.086443 0.995185 -0.046205
v 0.172054 0.980785 -0.091965
v 0.256008 0.956940 -0.136839
v 0.337497 0.923880 -0.180396
v 0.415735 0.881921 -0.222215
v 0.489969 0.831470 -0.261894
v 0.559485 0.773010 -0.299051
v 0.623613 0.707107 -0.333328
v 0.681734 0.634393 -0.364395
v 0.733291 0.555570 -0.391952
v 0.777785 0.471397 -0.415735
v 0.814789 0.382683 -0.435514
v 0.843946 0.290285 -0.451099
v 0.864975 0.195090 -0.462339
v 0.877675 0.098017 -0.469127
v 0.881921 0.000000 -0.471397
v 0.877675 -0.098017 -0.469127
v 0.864975 -0.195090 -0.462339
v 0.843946 -0.290285 -0.451099
v 0.814789 -0.382683 -0.435514
v 0.777785 -0.471397 -0.415735
v 0.733291 -0.555570 -0.391952
v 0.681734 -0.634393 -0.364395
v 0.623613 -0.707107 -0.333328
v 0.559485 -0.773010 -0.299051
v 0.489969 -0.831470 -0.261894
v 0.415735 -0.881921 -0.222215
v 0.337497 -0.923880 -0.180396
v 0.256008 -0.956940 -0.136839
v 0.172054 -0.980785 -0.091965
v 0.086443 -0.995185 -0.046205
v 0.090556 0.995185 -0.037510
v 0.180240 0.980785 -0.074658
v 0.268188 0.956940 -0.111087
v 0.353553 0.923880 -0.146447
v 0.435514 0.881921 -0.180396
v 0.513280 0.831470 -0.212608
v 0.586103 0.773010 -0.242772
v 0.653281 0.707107 -0.270598
v 0.714168 0.634393 -0.295818
v 0.768178 0.555570 -0.318190
v 0.814789 0.471397 -0.337497
v 0.853553 0.382683 -0.353553
v 0.884098 0.290285 -0.366205
v 0.906127 0.195090 -0.375330
v 0.919431 0.098017 -0.380841
v 0.923879 0.000000 -0.382683
v 0.919431 -0.098017 -0.380841
v 0.906127 -0.195090 -0.375330
v 0.884098 -0.290285 -0.366205
v 0.853553 -0.382683 -0.353553
v 0.814789 -0.471397 -0.337497
v 0.768178 -0.555570 -0.318190
v 0.714168 -0.634393 -0.295818
v 0.653281 -0.707107 -0.270598
v 0.586103 -0.773010 -0.242772
v 0.513280 -0.831470 -0.212608
v 0.435514 -0.881921 -0.180396
v 0.353553 -0.923880 -0.146447
v 0.268188 -0.956940 -0.111087
v 0.180240 -0.980785 -0.074658
v 0.090556 -0.995185 -0.037510
v 0.093797 0.995185 -0.028453
v 0.186690 0.980785 -0.056632
v 0.277785 0.956940 -0.084265
v 0.366205 0.923880 -0.111087
v 0.451099 0.881921 -0.136839
v 0.531648 0.831470 -0.161274
v 0.607076 0.773010 -0.184155
v 0.676659 0.707107 -0.205262
v 0.739725 0.634393 -0.224393
v 0.795667 0.555570 -0.241363
v 0.843946 0.471397 -0.256008
v 0.884098 0.382683 -0.268188
v 0.915735 0.290285 -0.277785
v 0.938553 0.195090 -0.284707
v 0.952332 0.098017 -0.288887
v 0.956940 0.000000 -0.290285
v 0.952332 -0.098017 -0.288887
v 0.938553 -0.195090 -0.284707
v 0.915735 -0.290285 -0.277785
v 0.884098 -0.382683 -0.268188
v 0.843946 -0.471397 -0.256008
v 0.795667 -0.555570 -0.241363
v 0.739725 -0.634393 -0.224393
v 0.676659 -0.707107 -0.205262
v 0.607076 -0.773010 -0.184155
v 0.531648 -0.831470 -0.161274
v 0.451099 -0.881921 -0.136839
v 0.366205 -0.923880 -0.111087
v 0.277785 -0.956940 -0.084265
v 0.186690 -0.980785 -0.056632
v 0.093797 -0.995185 -0.028453
v 0.096134 0.995185 -0.019122
v 0.191342 0.980785 -0.038060
v 0.284707 0.956940 -0.056632
v 0.375330 0.923880 -0.074658
v 0.462339 0.881921 -0.091965
v 0.544895 0.831470 -0.108386
v 0.622204 0.773010 -0.123764
v 0.693520 0.707107 -0.137950
v 0.758157 0.634393 -0.150807
v 0.815493 0.555570 -0.162212
v 0.864975 0.471397 -0.172054
v 0.906127 0.382683 -0.180240
v 0.938553 0.290285 -0.186690
v 0.961940 0.195090 -0.191342
v 0.976063 0.098017 -0.194151
v 0.980785 0.000000 -0.195090
v 0.976063 -0.098017 -0.194151
v 0.961940 -0.195090 -0.191342
v 0.938553 -0.290285 -0.186690
v 0.906127 -0.382683 -0.180240
v 0.864975 -0.471397 -0.172054
v 0.815493 -0.555570 -0.162212
v 0.758157 -0.634393 -0.150807
v 0.693520 -0.707107 -0.137950
v 0.622204 -0.773010 -0.123764
v 0.544895 -0.831470 -0.108386
v 0.462339 -0.881921 -0.091965
v 0.375330 -0.923880 -0.074658
v 0.284707 -0.956940 -0.056632
v 0.191342 -0.980785 -0.038060
v 0.096134 -0.995185 -0.019122
v 0.097545 0.995185 -0.009607
v 0.194151 0.980785 -0.019122
v 0.288887 0.956940 -0.028453
v 0.380841 0.923880 -0.037510
v 0.469127 0.881921 -0.046205
v 0.552895 0.831470 -0.054455
v 0.631338 0.773010 -0.062181
v 0.703702 0.707107 -0.069308
v 0.769288 0.634393 -0.075768
v 0.827466 0.555570 -0.081498
v 0.877674 0.471397 -0.086443
v 0.919431 0.382683 -0.090556
v 0.952332 0.290285 -0.093797
v 0.976062 0.195090 -0.096134
v 0.990393 0.098017 -0.097545
v 0.995185 0.000000 -0.098017
v 0.990393 -0.098017 -0.097545
v 0.976062 -0.195090 -0.096134
v 0.952332 -0.290285 -0.093797
v 0.919431 -0.382683 -0.090556
v 0.877674 -0.471397 -0.086443
v 0.827466 -0.555570 -0.081498
v 0.769288 -0.634393 -0.075768
v 0.703702 -0.707107 -0.069308
v 0.631338 -0.773010 -0.062181
v 0.552895 -0.831470 -0.054455
v 0.469127 -0.881921 -0.046205
v 0.380841 -0.923880 -0.037510
v 0.288887 -0.956940 -0.028453
v 0.194151 -0.980785 -0.019122
v 0.097545 -0.995185 -0.009607
v 0.098017 0.995185 0.000000
v 0.195090 0.980785 -0.000000
v 0.290285 0.956940 0.000000
v 0.382683 0.923880 0.000000
v 0.471397 0.881921 0.000000
v 0.555570 0.831470 -0.000000
v 0.634393 0.773010 -0.000000
v 0.707107 0.707107 0.000000
v 0.773010 0.634393 -0.000000
v 0.831470 0.555570 -0.000000
v 0.881921 0.471397 0.000000
v 0.923879 0.382683 0.000000
v 0.956940 0.290285 -0.000000
v 0.980785 0.195090 0.000000
v 0.995185 0.098017 0.000000
v 1.000000 0.000000 0.000000
v 0.995185 -0.098017 0.000000
v 0.980785 -0.195090 0.000000
v 0.956940 -0.290285 -0.000000
v 0.923879 -0.382683 0.000000
v 0.881921 -0.471397 0.000000
v 0.831470 -0.555570 -0.000000
v 0.773010 -0.634393 -0.000000
v 0.707107 -0.707107 0.000000
v 0.634393 -0.773010 -0.000000
v 0.555570 -0.831470 -0.000000
v 0.471397 -0.881921 0.000000
v 0.382683 -0.923880 0.000000
v 0.290285 -0.956940 0.000000
v 0.195090 -0.980785 -0.000000
v 0.098017 -0.995185 0.000000
v 0.097545 0.995185 0.009607
v 0.194151 0.980785 0.019122
v 0.288887 0.956940 0.028453
v 0.380841 0.923880 0.037510
v 0.469127 0.881921 0.046205
v 0.552895 0.831470 0.054455
v 0.631338 0.773010 0.062181
v 0.703702 0.707107 0.069309
v 0.769288 0.634393 0.075768
v 0.827466 0.555570 0.081498
v 0.877674 0.471397 0.086443
v 0.919431 0.382683 0.090556
v 0.952332 0.290285 0.093797
v 0.976062 0.195090 0.096134
v 0.990393 0.098017 0.097545
v 0.995185 0.000000 0.098017
v 0.990393 -0.098017 0.097545
v 0.976062 -0.195090 0.096134
v 0.952332 -0.290285 0.093797
v 0.919431 -0.382683 0.090556
v 0.877674 -0.471397 0.086443
v 0.827466 -0.555570 0.081498
v 0.769288 -0.634393 0.075768
v 0.703702 -0.707107 0.069309
v 0.631338 -0.773010 0.062181
v 0.552895 -0.831470 0.054455
v 0.469127 -0.881921 0.046205
v 0.380841 -0.923880 0.037510
v 0.288887 -0.956940 0.028453
v 0.194151 -0.980785 0.019122
v 0.097545 -0.995185 0.009607
v 0.096134 0.995185 0.019122
v 0.191342 0.980785 0.038060
v 0.284707 0.956940 0.056632
v 0.375330 0.923880 0.074658
v 0.462339 0.881921 0.091965
v 0.544895 0.831470 0.108386
v 0.622204 0.773010 0.123764
v 0.693520 0.707107 0.137950
v 0.758157 0.634393 0.150807
v 0.815493 0.555570 0.162212
v 0.864975 0.471397 0.172054
v 0.906127 0.382683 0.180240
v 0.938553 0.290285 0.186690
v 0.961940 0.195090 0.191342
v 0.976062 0.098017 0.194151
v 0.980785 0.000000 0.195090
v 0.976062 -0.098017 0.194151
v 0.961940 -0.195090 0.191342
v 0.938553 -0.290285 0.186690
v 0.906127 -0.382683 0.180240
v 0.864975 -0.471397 0.172054
v 0.815493 -0.555570 0.162212
v 0.758157 -0.634393 0.150807
v 0.693520 -0.707107 0.137950
v 0.622204 -0.773010 0.123764
v 0.544895 -0.831470 0.108386
v 0.462339 -0.881921 0.091965
v 0.375330 -0.923880 0.074658
v 0.284707 -0.956940 0.056632
v 0.191342 -0.980785 0.038060
v 0.096134 -0.995185 0.019122
v 0.093797 0.995185 0.028453
v 0.186690 0.980785 0.056632
v 0.277785 0.956940 0.084265
v 0.366205 0.923880 0.111087
v 0.451098 0.881921 0.136839
v 0.531648 0.831470 0.161274
v 0.607076 0.773010 0.184155
v 0.676659 0.707107 0.205262
v 0.739725 0.634393 0.224393
v 0.795667 0.555570 0.241363
v 0.843946 0.471397 0.256008
v 0.884097 0.382683 0.268188
v 0.915735 0.290285 0.277785
v 0.938553 0.195090 0.284707
v 0.952332 0.098017 0.288887
v 0.956940 0.000000 0.290285
v 0.952332 -0.098017 0.288887
v 0.938553 -0.195090 0.284707
v 0.915735 -0.290285 0.277785
v 0.884097 -0.382683 0.268188
v 0.843946 -0.471397 0.256008
v 0.795667 -0.555570 0.241363
v 0.739725 -0.634393 0.224393
v 0.676659 -0.707107 0.205262
v 0.607076 -0.773010 0.184155
v 0.531648 -0.831470 0.161274
v 0.451098 -0.881921 0.136839
v 0.366205 -0.923880 0.111087
v 0.277785 -0.956940 0.084265
v 0.186690 -0.980785 0.056632
v 0.093797 -0.995185 0.028453
v 0.090556 0.995185 0.037510
v 0.180240 0.980785 0.074658
v 0.268188 0.956940 0.111087
v 0.353553 0.923880 0.146447
v 0.435514 0.881921 0.180396
v 0.513280 0.831470 0.212608
v 0.586103 0.773010 0.242772
v 0.653281 0.707107 0.270598
v 0.714169 0.634393 0.295818
v 0.768178 0.555570 0.318190
v 0.814789 0.471397 0.337497
v 0.853553 0.382683 0.353553
v 0.884098 0.290285 0.366205
v 0.906127 0.195090 0.375330
v 0.919431 0.098017 0.380841
v 0.923879 0.000000 0.382683
v 0.919431 -0.098017 0.380841
v 0.906127 -0.195090 0.375330
v 0.884098 -0.290285 0.366205
v 0.853553 -0.382683 0.353553
v 0.814789 -0.471397 0.337497
v 0.768178 -0.555570 0.318190
v 0.714169 -0.634393 0.295818
v 0.653281 -0.707107 0.270598
v 0.586103 -0.773010 0.242772
v 0.513280 -0.831470 0.212608
v 0.435514 -0.881921 0.180396
v 0.353553 -0.923880 0.146447
v 0.268188 -0.956940 0.111087
v 0.180240 -0.980785 0.074658
v 0.090556 -0.995185 0.037510
v 0.086443 0.995185 0.046205
v 0.172054 0.980785 0.091965
v 0.256008 0.956940 0.136839
v 0.337497 0.923880 0.180396
v 0.415735 0.881921 0.222215
v 0.489969 0.831470 0.261894
v 0.559485 0.773010 0.299051
v 0.623612 0.707107 0.333328
v 0.681734 0.634393 0.364395
v 0.733291 0.555570 0.391952
v 0.777785 0.471397 0.415735
v 0.814789 0.382683 0.435514
v 0.843946 0.290285 0.451099
v 0.864975 0.195090 0.462339
v 0.877674 0.098017 0.469127
v 0.881921 0.000000 0.471397
v 0.877674 -0.098017 0.469127
v 0.864975 -0.195090 0.462339
v 0.843946 -0.290285 0.451099
v 0.814789 -0.382683 0.435514
v 0.777785 -0.471397 0.415735
v 0.733291 -0.555570 0.391952
v 0.681734 -0.634393 0.364395
v 0.623612 -0.707107 0.333328
v 0.559485 -0.773010 0.299051
v 0.489969 -0.831470 0.261894
v 0.415735 -0.881921 0.222215
v 0.337497 -0.923880 0.180396
v 0.256008 -0.956940 0.136839
v 0.172054 -0.980785 0.091965
v 0.086443 -0.995185 0.046205
v 0.081498 0.995185 0.054455
v 0.162212 0.980785 0.108386
v 0.241363 0.956940 0.161274
v 0.318190 0.923880 0.212607
v 0.391952 0.881921 0.261894
v 0.461940 0.831470 0.308658
v 0.527479 0.773010 0.352450
v 0.587938 0.707107 0.392848
v 0.642735 0.634393 0.429462
v 0.691342 0.555570 0.461940
v 0.733290 0.471397 0.489969
v 0.768178 0.382683 0.513280
v 0.795667 0.290285 0.531648
v 0.815493 0.195090 0.544895
v 0.827466 0.098017 0.552895
v 0.831469 0.000000 0.555570
v 0.827466 -0.098017 0.552895
v 0.815493 -0.195090 0.544895
v 0.795667 -0.290285 0.531648
v 0.768178 -0.382683 0.513280
v 0.733290 -0.471397 0.489969
v 0.691342 -0.555570 0.461940
v 0.642735 -0.634393 0.429462
v 0.587938 -0.707107 0.392848
v 0.527479 -0.773010 0.352450
v 0.461940 -0.831470 0.308658
v 0.391952 -0.881921 0.261894
v 0.318190 -0.923880 0.212607
v 0.241363 -0.956940 0.161274
v 0.162212 -0.980785 0.108386
v 0.081498 -0.995185 0.054455
v 0.075768 0.995185 0.062181
v 0.150807 0.980785 0.123764
v 0.224393 0.956940 0.184155
v 0.295818 0.923880 0.242772
v 0.364394 0.881921 0.299051
v 0.429462 0.831470 0.352450
v 0.490393 0.773010 0.402455
v 0.546601 0.707107 0.448584
v 0.597545 0.634393 0.490393
v 0.642735 0.555570 0.527479
v 0.681734 0.471397 0.559485
v 0.714168 0.382683 0.586103
v 0.739725 0.290285 0.607076
v 0.758157 0.195090 0.622204
v 0.769288 0.098017 0.631338
v 0.773010 0.000000 0.634393
v 0.769288 -0.098017 0.631338
v 0.758157 -0.195090 0.622204
v 0.739725 -0.290285 0.607076
v 0.714168 -0.382683 0.586103
v 0.681734 -0.471397 0.559485
v 0.642735 -0.555570 0.527479
v 0.597545 -0.634393 0.490393
v 0.546601 -0.707107 0.448584
v 0.490393 -0.773010 0.402455
v 0.429462 -0.831470 0.352450
v 0.364394 -0.881921 0.299051
v 0.295818 -0.923880 0.242772
v 0.224393 -0.956940 0.184155
v 0.150807 -0.980785 0.123764
v 0.075768 -0.995185 0.062181
v 0.069309 0.995185 0.069309
v 0.137950 0.980785 0.137950
v 0.205262 0.956940 0.205262
v 0.270598 0.923880 0.270598
v 0.333328 0.881921 0.333328
v 0.392848 0.831470 0.392848
v 0.448584 0.773010 0.448584
v 0.500000 0.707107 0.500000
v 0.546601 0.634393 0.546601
v 0.587938 0.555570 0.587938
v 0.623612 0.471397 0.623612
v 0.653281 0.382683 0.653281
v 0.676659 0.290285 0.676659
v 0.693520 0.195090 0.693520
v 0.703702 0.098017 0.703702
v 0.707107 0.000000 0.707107
v 0.703702 -0.098017 0.703702
v 0.693520 -0.195090 0.693520
v 0.676659 -0.290285 0.676659
v 0.653281 -0.382683 0.653281
v 0.623612 -0.471397 0.623612
v 0.587938 -0.555570 0.587938
v 0.546601 -0.634393 0.546601
v 0.500000 -0.707107 0.500000
v 0.448584 -0.773010 0.448584
v 0.392848 -0.831470 0.392848
v 0.333328 -0.881921 0.333328
v 0.270598 -0.923880 0.270598
v 0.205262 -0.956940 0.205262
v 0.137950 -0.980785 0.137950
v 0.069309 -0.995185 0.069309
v 0.062181 0.995185 0.075768
v 0.123764 0.980785 0.150807
v 0.184155 0.956940 0.224393
v 0.242772 0.923880 0.295818
v 0.299051 0.881921 0.364395
v 0.352450 0.831470 0.429462
v 0.402455 0.773010 0.490393
v 0.448584 0.707107 0.546601
v 0.490393 0.634393 0.597545
v 0.527479 0.555570 0.642735
v 0.559485 0.471397 0.681734
v 0.586103 0.382683 0.714168
v 0.607076 0.290285 0.739725
v 0.622203 0.195090 0.758157
v 0.631338 0.098017 0.769288
v 0.634393 0.000000 0.773010
v 0.631338 -0.098017 0.769288
v 0.622203 -0.195090 0.758157
v 0.607076 -0.290285 0.739725
v 0.586103 -0.382683 0.714168
v 0.559485 -0.471397 0.681734
v 0.527479 -0.555570 0.642735
v 0.490393 -0.634393 0.597545
v 0.448584 -0.707107 0.546601
v 0.402455 -0.773010 0.490393
v 0.352450 -0.831470 0.429462
v 0.299051 -0.881921 0.364395
v 0.242772 -0.923880 0.295818
v 0.184155 -0.956940 0.224393
v 0.123764 -0.980785 0.150807
v 0.062181 -0.995185 0.075768
v 0.054455 0.995185 0.081498
v 0.108386 0.980785 0.162212
v 0.161274 0.956940 0.241363
v 0.212607 0.923880 0.318190
v 0.261894 0.881921 0.391952
v 0.308658 0.831470 0.461940
v 0.352450 0.773010 0.527479
v 0.392847 0.707107 0.587938
v 0.429462 0.634393 0.642735
v 0.461940 0.555570 0.691342
v 0.489969 0.471397 0.733291
v 0.513280 0.382683 0.768178
v 0.531647 0.290285 0.795667
v 0.544895 0.195090 0.815493
v 0.552895 0.098017 0.827466
v 0.555570 0.000000 0.831470
v 0.552895 -0.098017 0.827466
v 0.544895 -0.195090 0.815493
v 0.531647 -0.290285 0.795667
v 0.513280 -0.382683 0.768178
v 0.489969 -0.471397 0.733291
v 0.461940 -0.555570 0.691342
v 0.429462 -0.634393 0.642735
v 0.392847 -0.707107 0.587938
v 0.352450 -0.773010 0.527479
v 0.308658 -0.831470 0.461940
v 0.261894 -0.881921 0.391952
v 0.212607 -0.923880 0.318190
v 0.161274 -0.956940 0.241363
v 0.108386 -0.980785 0.162212
v 0.054455 -0.995185 0.081498
v 0.046205 0.995185 0.086443
v 0.091965 0.980785 0.172054
v 0.136839 0.956940 0.256008
v 0.180396 0.923880 0.337497
v 0.222215 0.881921 0.415735
v 0.261894 0.831470 0.489969
v 0.299051 0.773010 0.559485
v 0.333328 0.707107 0.623612
v 0.364395 0.634393 0.681734
v 0.391952 0.555570 0.733291
v 0.415735 0.471397 0.777785
v 0.435514 0.382683 0.814789
v 0.451098 0.290285 0.843946
v 0.462339 0.195090 0.864975
v 0.469127 0.098017 0.877674
v 0.471397 0.000000 0.881921
v 0.469127 -0.098017 0.877674
v 0.462339 -0.195090 0.864975
v 0.451098 -0.290285 0.843946
v 0.435514 -0.382683 0.814789
v 0.415735 -0.471397 0.777785
v 0.391952 -0.555570 0.733291
v 0.364395 -0.634393 0.681734
v 0.333328 -0.707107 0.623612
v 0.299051 -0.773010 0.559485
v 0.261894 -0.831470 0.489969
v 0.222215 -0.881921 0.415735
v 0.180396 -0.923880 0.337497
v 0.136839 -0.956940 0.256008
v 0.091965 -0.980785 0.172054
v 0.046205 -0.995185 0.086443
v 0.037510 0.995185 0.090556
v 0.074658 0.980785 0.180240
v 0.111087 0.956940 0.268188
v 0.146447 0.923880 0.353553
v 0.180396 0.881921 0.435514
v 0.212608 0.831470 0.513280
v 0.242772 0.773010 0.586103
v 0.270598 0.707107 0.653281
v 0.295818 0.634393 0.714168
v 0.318190 0.555570 0.768178
v 0.337497 0.471397 0.814789
v 0.353553 0.382683 0.853553
v 0.366205 0.290285 0.884097
v 0.375330 0.195090 0.906127
v 0.380841 0.098017 0.919431
v 0.382683 0.000000 0.923879
v 0.380841 -0.098017 0.919431
v 0.375330 -0.195090 0.906127
v 0.366205 -0.290285 0.884097
v 0.353553 -0.382683 0.853553
v 0.337497 -0.471397 0.814789
v 0.318190 -0.555570 0.768178
v 0.295818 -0.634393 0.714168
v 0.270598 -0.707107 0.653281
v 0.242772 -0.773010 0.586103
v 0.212608 -0.831470 0.513280
v 0.180396 -0.881921 0.435514
v 0.146447 -0.923880 0.353553
v 0.111087 -0.956940 0.268188
v 0.074658 -0.980785 0.180240
v 0.037510 -0.995185 0.090556
v 0.028453 0.995185 0.093797
v 0.056632 0.980785 0.186690
v 0.084265 0.956940 0.277785
v 0.111087 0.923880 0.366205
v 0.136839 0.881921 0.451098
v 0.161274 0.831470 0.531648
v 0.184155 0.773010 0.607076
v 0.205262 0.707107 0.676659
v 0.224393 0.634393 0.739725
v 0.241363 0.555570 0.795667
v 0.256008 0.471397 0.843946
v 0.268188 0.382683 0.884097
v 0.277785 0.290285 0.915735
v 0.284707 0.195090 0.938553
v 0.288887 0.098017 0.952332
v 0.290284 0.000000 0.956940
v 0.288887 -0.098017 0.952332
v 0.284707 -0.195090 0.938553
v 0.277785 -0.290285 0.915735
v 0.268188 -0.382683 0.884097
v 0.256008 -0.471397 0.843946
v 0.241363 -0.555570 0.795667
v 0.224393 -0.634393 0.739725
v 0.205262 -0.707107 0.676659
v 0.184155 -0.773010 0.607076
v 0.161274 -0.831470 0.531648
v 0.136839 -0.881921 0.451098
v 0.111087 -0.923880 0.366205
v 0.084265 -0.956940 0.277785
v 0.056632 -0.980785 0.186690
v 0.028453 -0.995185 0.093797
v 0.019122 0.995185 0.096134
v 0.038060 0.980785 0.191342
v 0.056632 0.956940 0.284707
v 0.074658 0.923880 0.375330
v 0.091965 0.881921 0.462339
v 0.108386 0.831470 0.544895
v 0.123764 0.773010 0.622204
v 0.137950 0.707107 0.693520
v 0.150807 0.634393 0.758157
v 0.162212 0.555570 0.815493
v 0.172054 0.471397 0.864975
v 0.180240 0.382683 0.906127
v 0.186690 0.290285 0.938553
v 0.191342 0.195090 0.961940
v 0.194151 0.098017 0.976062
v 0.195090 0.000000 0.980785
v 0.194151 -0.098017 0.976062
v 0.191342 -0.195090 0.961940
v 0.186690 -0.290285 0.938553
v 0.180240 -0.382683 0.906127
v 0.172054 -0.471397 0.864975
v 0.162212 -0.555570 0.815493
v 0.150807 -0.634393 0.758157
v 0.137950 -0.707107 0.693520
v 0.123764 -0.773010 0.622204
v 0.108386 -0.831470 0.544895
v 0.091965 -0.881921 0.462339
v 0.074658 -0.923880 0.375330
v 0.056632 -0.956940 0.284707
v 0.038060 -0.980785 0.191342
v 0.019122 -0.995185 0.096134
v 0.009607 0.995185 0.097545
v 0.019122 0.980785 0.194151
v 0.028453 0.956940 0.288887
v 0.037510 0.923880 0.380841
v 0.046205 0.881921 0.469127
v 0.054455 0.831470 0.552895
v 0.062181 0.773010 0.631338
v 0.069308 0.707107 0.703702
v 0.075768 0.634393 0.769288
v 0.081498 0.555570 0.827466
v 0.086443 0.471397 0.877674
v 0.090556 0.382683 0.919430
v 0.093796 0.290285 0.952332
v 0.096134 0.195090 0.976062
v 0.097545 0.098017 0.990392
v 0.098017 0.000000 0.995185
v 0.097545 -0.098017 0.990392
v 0.096134 -0.195090 0.976062
v 0.093796 -0.290285 0.952332
v 0.090556 -0.382683 0.919430
v 0.086443 -0.471397 0.877674
v 0.081498 -0.555570 0.827466
v 0.075768 -0.634393 0.769288
v 0.069308 -0.707107 0.703702
v 0.062181 -0.773010 0.631338
v 0.054455 -0.831470 0.552895
v 0.046205 -0.881921 0.469127
v 0.037510 -0.923880 0.380841
v 0.028453 -0.956940 0.288887
v 0.019122 -0.980785 0.194151
v 0.009607 -0.995185 0.097545
v -0.000000 0.995185 0.098017
v 0.000000 0.980785 0.195090
v -0.000000 0.956940 0.290285
v -0.000000 0.923880 0.382683
v -0.000000 0.881921 0.471397
v 0.000000 0.831470 0.555571
v 0.000000 0.773010 0.634393
v -0.000000 0.707107 0.707107
v 0.000000 0.634393 0.773010
v 0.000000 0.555570 0.831470
v -0.000000 0.471397 0.881921
v -0.000000 0.382683 0.923879
v -0.000000 0.290285 0.956940
v -0.000000 0.195090 0.980785
v -0.000000 0.098017 0.995184
v -0.000000 0.000000 1.000000
v -0.000000 -0.098017 0.995184
v -0.000000 -0.195090 0.980785
v -0.000000 -0.290285 0.956940
v -0.000000 -0.382683 0.923879
v -0.000000 -0.471397 0.881921
v 0.000000 -0.555570 0.831470
v 0.000000 -0.634393 0.773010
v -0.000000 -0.707107 0.707107
v 0.000000 -0.773010 0.634393
v 0.000000 -0.831470 0.555571
v -0.000000 -0.881921 0.471397
v -0.000000 -0.923880 0.382683
v -0.000000 -0.956940 0.290285
v 0.000000 -0.980785 0.195090
v -0.000000 -0.995185 0.098017
v -0.009607 0.995185 0.097545
v -0.019122 0.980785 0.194151
v -0.028453 0.956940 0.288887
v -0.037510 0.923880 0.380840
v -0.046205 0.881921 0.469127
v -0.054455 0.831470 0.552895
v -0.062181 0.773010 0.631338
v -0.069309 0.707107 0.703702
v -0.075768 0.634393 0.769288
v -0.081498 0.555570 0.827466
v -0.086443 0.471397 0.877674
v -0.090556 0.382683 0.919430
v -0.093797 0.290285 0.952332
v -0.096134 0.195090 0.976062
v -0.097545 0.098017 0.990392
v -0.098017 0.000000 0.995184
v -0.097545 -0.098017 0.990392
v -0.096134 -0.195090 0.976062
v -0.093797 -0.290285 0.952332
v -0.090556 -0.382683 0.919430
v -0.086443 -0.471397 0.877674
v -0.081498 -0.555570 0.827466
v -0.075768 -0.634393 0.769288
v -0.069309 -0.707107 0.703702
v -0.062181 -0.773010 0.631338
v -0.054455 -0.831470 0.552895
v -0.046205 -0.881921 0.469127
v -0.037510 -0.923880 0.380840
v -0.028453 -0.956940 0.288887
v -0.019122 -0.980785 0.194151
v -0.009607 -0.995185 0.097545
v 0.000000 1.000000 0.000000
v -0.019122 0.995185 0.096134
v -0.038060 0.980785 0.191342
v -0.056632 0.956940 0.284707
v -0.074658 0.923880 0.375330
v -0.091965 0.881921 0.462339
v -0.108386 0.831470 0.544895
v -0.123764 0.773010 0.622204
v -0.137950 0.707107 0.693520
v -0.150807 0.634393 0.758157
v -0.162212 0.555570 0.815493
v -0.172054 0.471397 0.864975
v -0.180240 0.382683 0.906127
v -0.186690 0.290285 0.938553
v -0.191342 0.195090 0.961940
v -0.194151 0.098017 0.976062
v -0.195090 0.000000 0.980785
v -0.194151 -0.098017 0.976062
v -0.191342 -0.195090 0.961940
v -0.186690 -0.290285 0.938553
v -0.180240 -0.382683 0.906127
v -0.172054 -0.471397 0.864975
v -0.162212 -0.555570 0.815493
v -0.150807 -0.634393 0.758157
v -0.137950 -0.707107 0.693520
v -0.123764 -0.773010 0.622204
v -0.108386 -0.831470 0.544895
v -0.091965 -0.881921 0.462339
v -0.074658 -0.923880 0.375330
v -0.056632 -0.956940 0.284707
v -0.038060 -0.980785 0.191342
v -0.019122 -0.995185 0.096134
v -0.028453 0.995185 0.093797
v -0.056632 0.980785 0.186690
v -0.084265 0.956940 0.277785
v -0.111087 0.923880 0.366205
v -0.136839 0.881921 0.451098
v -0.161274 0.831470 0.531648
v -0.184155 0.773010 0.607076
v -0.205262 0.707107 0.676659
v -0.224393 0.634393 0.739725
v -0.241363 0.555570 0.795667
v -0.256008 0.471397 0.843946
v -0.268188 0.382683 0.884097
v -0.277785 0.290285 0.915735
v -0.284707 0.195090 0.938553
v -0.288887 0.098017 0.952332
v -0.290285 0.000000 0.956940
v -0.288887 -0.098017 0.952332
v -0.284707 -0.195090 0.938553
v -0.277785 -0.290285 0.915735
v -0.268188 -0.382683 0.884097
v -0.256008 -0.471397 0.843946
v -0.241363 -0.555570 0.795667
v -0.224393 -0.634393 0.739725
v -0.205262 -0.707107 0.676659
v -0.184155 -0.773010 0.607076
v -0.161274 -0.831470 0.531648
v -0.136839 -0.881921 0.451098
v -0.111087 -0.923880 0.366205
v -0.084265 -0.956940 0.277785
v -0.056632 -0.980785 0.186690
v -0.028453 -0.995185 0.093797
v -0.037510 0.995185 0.090556
v -0.074658 0.980785 0.180240
v -0.111087 0.956940 0.268188
v -0.146447 0.923880 0.353553
v -0.180396 0.881921 0.435514
v -0.212608 0.831470 0.513280
v -0.242772 0.773010 0.586103
v -0.270598 0.707107 0.653281
v -0.295818 0.634393 0.714168
v -0.318190 0.555570 0.768178
v -0.337497 0.471397 0.814789
v -0.353553 0.382683 0.853553
v -0.366205 0.290285 0.884097
v -0.375330 0.195090 0.906127
v -0.380841 0.098017 0.919430
v -0.382684 0.000000 0.923879
v -0.380841 -0.098017 0.919430
v -0.375330 -0.195090 0.906127
v -0.366205 -0.290285 0.884097
v -0.353553 -0.382683 0.853553
v -0.337497 -0.471397 0.814789
v -0.318190 -0.555570 0.768178
v -0.295818 -0.634393 0.714168
v -0.270598 -0.707107 0.653281
v -0.242772 -0.773010 0.586103
v -0.212608 -0.831470 0.513280
v -0.180396 -0.881921 0.435514
v -0.146447 -0.923880 0.353553
v -0.111087 -0.956940 0.268188
v -0.074658 -0.980785 0.180240
v -0.037510 -0.995185 0.090556
v -0.046205 0.995185 0.086443
v -0.091965 0.980785 0.172054
v -0.136839 0.956940 0.256008
v -0.180396 0.923880 0.337496
v -0.222215 0.881921 0.415735
v -0.261894 0.831470 0.489970
v -0.299051 0.773010 0.559485
v -0.333328 0.707107 0.623612
v -0.364394 0.634393 0.681734
v -0.391952 0.555570 0.733291
v -0.415735 0.471397 0.777785
v -0.435514 0.382683 0.814789
v -0.451099 0.290285 0.843946
v -0.462339 0.195090 0.864975
v -0.469127 0.098017 0.877674
v -0.471397 0.000000 0.881921
v -0.469127 -0.098017 0.877674
v -0.462339 -0.195090 0.864975
v -0.451099 -0.290285 0.843946
v -0.435514 -0.382683 0.814789
v -0.415735 -0.471397 0.777785
v -0.391952 -0.555570 0.733291
v -0.364394 -0.634393 0.681734
v -0.333328 -0.707107 0.623612
v -0.299051 -0.773010 0.559485
v -0.261894 -0.831470 0.489970
v -0.222215 -0.881921 0.415735
v -0.180396 -0.923880 0.337496
v -0.136839 -0.956940 0.256008
v -0.091965 -0.980785 0.172054
v -0.046205 -0.995185 0.086443
v -0.054455 0.995185 0.081498
v -0.108386 0.980785 0.162212
v -0.161274 0.956940 0.241363
v -0.212607 0.923880 0.318189
v -0.261894 0.881921 0.391952
v -0.308658 0.831470 0.461940
v -0.352450 0.773010 0.527479
v -0.392848 0.707107 0.587938
v -0.429461 0.634393 0.642735
v -0.461940 0.555570 0.691342
v -0.489969 0.471397 0.733290
v -0.513280 0.382683 0.768177
v -0.531648 0.290285 0.795667
v -0.544895 0.195090 0.815493
v -0.552895 0.098017 0.827466
v -0.555570 0.000000 0.831469
v -0.552895 -0.098017 0.827466
v -0.544895 -0.195090 0.815493
v -0.531648 -0.290285 0.795667
v -0.513280 -0.382683 0.768177
v -0.489969 -0.471397 0.733290
v -0.461940 -0.555570 0.691342
v -0.429461 -0.634393 0.642735
v -0.392848 -0.707107 0.587938
v -0.352450 -0.773010 0.527479
v -0.308658 -0.831470 0.461940
v -0.261894 -0.881921 0.391952
v -0.212607 -0.923880 0.318189
v -0.161274 -0.956940 0.241363
v -0.108386 -0.980785 0.162212
v -0.054455 -0.995185 0.081498
v -0.062181 0.995185 0.075768
v -0.123764 0.980785 0.150807
v -0.184155 0.956940 0.224393
v -0.242772 0.923880 0.295818
v -0.299051 0.881921 0.364394
v -0.352450 0.831470 0.429462
v -0.402455 0.773010 0.490393
v -0.448584 0.707107 0.546601
v -0.490392 0.634393 0.597545
v -0.527479 0.555570 0.642735
v -0.559485 0.471397 0.681734
v -0.586103 0.382683 0.714168
v -0.607077 0.290285 0.739725
v -0.622204 0.195090 0.758157
v -0.631338 0.098017 0.769288
v -0.634393 0.000000 0.773010
v -0.631338 -0.098017 0.769288
v -0.622204 -0.195090 0.758157
v -0.607077 -0.290285 0.739725
v -0.586103 -0.382683 0.714168
v -0.559485 -0.471397 0.681734
v -0.527479 -0.555570 0.642735
v -0.490392 -0.634393 0.597545
v -0.448584 -0.707107 0.546601
v -0.402455 -0.773010 0.490393
v -0.352450 -0.831470 0.429462
v -0.299051 -0.881921 0.364394
v -0.242772 -0.923880 0.295818
v -0.184155 -0.956940 0.224393
v -0.123764 -0.980785 0.150807
v -0.062181 -0.995185 0.075768
v 0.000000 -1.000000 0.000000
v -0.069309 0.995185 0.069309
v -0.137950 0.980785 0.137950
v -0.205262 0.956940 0.205262
v -0.270598 0.923880 0.270598
v -0.333328 0.881921 0.333328
v -0.392848 0.831470 0.392848
v -0.448584 0.773010 0.448584
v -0.500000 0.707107 0.500000
v -0.546601 0.634393 0.546601
v -0.587938 0.555570 0.587938
v -0.623612 0.471397 0.623612
v -0.653281 0.382683 0.653281
v -0.676659 0.290285 0.676659
v -0.693520 0.195090 0.693520
v -0.703702 0.098017 0.703702
v -0.707107 0.000000 0.707106
v -0.703702 -0.098017 0.703702
v -0.693520 -0.195090 0.693520
v -0.676659 -0.290285 0.676659
v -0.653281 -0.382683 0.653281
v -0.623612 -0.471397 0.623612
v -0.587938 -0.555570 0.587938
v -0.546601 -0.634393 0.546601
v -0.500000 -0.707107 0.500000
v -0.448584 -0.773010 0.448584
v -0.392848 -0.831470 0.392848
v -0.333328 -0.881921 0.333328
v -0.270598 -0.923880 0.270598
v -0.205262 -0.956940 0.205262
v -0.137950 -0.980785 0.137950
v -0.069309 -0.995185 0.069309
v -0.075768 0.995185 0.062181
v -0.150807 0.980785 0.123764
v -0.224393 0.956940 0.184155
v -0.295818 0.923880 0.242772
v -0.364394 0.881921 0.299051
v -0.429462 0.831470 0.352450
v -0.490393 0.773010 0.402455
v -0.546601 0.707107 0.448584
v -0.597545 0.634393 0.490393
v -0.642735 0.555570 0.527479
v -0.681734 0.471397 0.559485
v -0.714168 0.382683 0.586103
v -0.739725 0.290285 0.607076
v -0.758157 0.195090 0.622203
v -0.769288 0.098017 0.631338
v -0.773010 0.000000 0.634393
v -0.769288 -0.098017 0.631338
v -0.758157 -0.195090 0.622203
v -0.739725 -0.290285 0.607076
v -0.714168 -0.382683 0.586103
v -0.681734 -0.471397 0.559485
v -0.642735 -0.555570 0.527479
v -0.597545 -0.634393 0.490393
v -0.546601 -0.707107 0.448584
v -0.490393 -0.773010 0.402455
v -0.429462 -0.831470 0.352450
v -0.364394 -0.881921 0.299051
v -0.295818 -0.923880 0.242772
v -0.224393 -0.956940 0.184155
v -0.150807 -0.980785 0.123764
v -0.075768 -0.995185 0.062181
v -0.081498 0.995185 0.054455
v -0.162212 0.980785 0.108386
v -0.241363 0.956940 0.161274
v -0.318189 0.923880 0.212607
v -0.391952 0.881921 0.261894
v -0.461940 0.831470 0.308659
v -0.527479 0.773010 0.352450
v -0.587938 0.707107 0.392847
v -0.642734 0.634393 0.429462
v -0.691342 0.555570 0.461940
v -0.733290 0.471397 0.489969
v -0.768177 0.382683 0.513280
v -0.795667 0.290285 0.531647
v -0.815493 0.195090 0.544895
v -0.827466 0.098017 0.552895
v -0.831470 0.000000 0.555570
v -0.827466 -0.098017 0.552895
v -0.815493 -0.195090 0.544895
v -0.795667 -0.290285 0.531647
v -0.768177 -0.382683 0.513280
v -0.733290 -0.471397 0.489969
v -0.691342 -0.555570 0.461940
v -0.642734 -0.634393 0.429462
v -0.587938 -0.707107 0.392847
v -0.527479 -0.773010 0.352450
v -0.461940 -0.831470 0.308659
v -0.391952 -0.881921 0.261894
v -0.318189 -0.923880 0.212607
v -0.241363 -0.956940 0.161274
v -0.162212 -0.980785 0.108386
v -0.081498 -0.995185 0.054455
v -0.086443 0.995185 0.046205
v -0.172054 0.980785 0.091965
v -0.256008 0.956940 0.136839
v -0.337496 0.923880 0.180396
v -0.415735 0.881921 0.222215
v -0.489969 0.831470 0.261894
v -0.559485 0.773010 0.299051
v -0.623612 0.707107 0.333328
v -0.681734 0.634393 0.364395
v -0.733291 0.555570 0.391952
v -0.777785 0.471397 0.415735
v -0.814789 0.382683 0.435513
v -0.843946 0.290285 0.451098
v -0.864975 0.195090 0.462339
v -0.877674 0.098017 0.469127
v -0.881921 0.000000 0.471396
v -0.877674 -0.098017 0.469127
v -0.864975 -0.195090 0.462339
v -0.843946 -0.290285 0.451098
v -0.814789 -0.382683 0.435513
v -0.777785 -0.471397 0.415735
v -0.733291 -0.555570 0.391952
v -0.681734 -0.634393 0.364395
v -0.623612 -0.707107 0.333328
v -0.559485 -0.773010 0.299051
v -0.489969 -0.831470 0.261894
v -0.415735 -0.881921 0.222215
v -0.337496 -0.923880 0.180396
v -0.256008 -0.956940 0.136839
v -0.172054 -0.980785 0.091965
v -0.086443 -0.995185 0.046205
v -0.090556 0.995185 0.037509
v -0.180240 0.980785 0.074658
v -0.268188 0.956940 0.111087
v -0.353553 0.923880 0.146446
v -0.435514 0.881921 0.180396
v -0.513280 0.831470 0.212608
v -0.586103 0.773010 0.242772
v -0.653281 0.707107 0.270598
v -0.714168 0.634393 0.295818
v -0.768178 0.555570 0.318190
v -0.814789 0.471397 0.337496
v -0.853553 0.382683 0.353553
v -0.884098 0.290285 0.366205
v -0.906127 0.195090 0.375330
v -0.919431 0.098017 0.380840
v -0.923879 0.000000 0.382683
v -0.919431 -0.098017 0.380840
v -0.906127 -0.195090 0.375330
v -0.884098 -0.290285 0.366205
v -0.853553 -0.382683 0.353553
v -0.814789 -0.471397 0.337496
v -0.768178 -0.555570 0.318190
v -0.714168 -0.634393 0.295818
v -0.653281 -0.707107 0.270598
v -0.586103 -0.773010 0.242772
v -0.513280 -0.831470 0.212608
v -0.435514 -0.881921 0.180396
v -0.353553 -0.923880 0.146446
v -0.268188 -0.956940 0.111087
v -0.180240 -0.980785 0.074658
v -0.090556 -0.995185 0.037509
v -0.093796 0.995185 0.028453
v -0.186690 0.980785 0.056632
v -0.277785 0.956940 0.084265
v -0.366205 0.923880 0.111087
v -0.451098 0.881921 0.136839
v -0.531648 0.831470 0.161274
v -0.607076 0.773010 0.184155
v -0.676659 0.707107 0.205262
v -0.739725 0.634393 0.224393
v -0.795667 0.555570 0.241363
v -0.843946 0.471397 0.256008
v -0.884097 0.382683 0.268188
v -0.915735 0.290285 0.277785
v -0.938553 0.195090 0.284707
v -0.952332 0.098017 0.288887
v -0.956940 0.000000 0.290284
v -0.952332 -0.098017 0.288887
v -0.938553 -0.195090 0.284707
v -0.915735 -0.290285 0.277785
v -0.884097 -0.382683 0.268188
v -0.843946 -0.471397 0.256008
v -0.795667 -0.555570 0.241363
v -0.739725 -0.634393 0.224393
v -0.676659 -0.707107 0.205262
v -0.607076 -0.773010 0.184155
v -0.531648 -0.831470 0.161274
v -0.451098 -0.881921 0.136839
v -0.366205 -0.923880 0.111087
v -0.277785 -0.956940 0.084265
v -0.186690 -0.980785 0.056632
v -0.093796 -0.995185 0.028453
v -0.096134 0.995185 0.019122
v -0.191342 0.980785 0.038060
v -0.284707 0.956940 0.056632
v -0.375330 0.923880 0.074658
v -0.462339 0.881921 0.091965
v -0.544895 0.831470 0.108386
v -0.622204 0.773010 0.123764
v -0.693520 0.707107 0.137949
v -0.758157 0.634393 0.150807
v -0.815493 0.555570 0.162212
v -0.864975 0.471397 0.172054
v -0.906127 0.382683 0.180240
v -0.938553 0.290285 0.186690
v -0.961940 0.195090 0.191342
v -0.976062 0.098017 0.194151
v -0.980785 0.000000 0.195090
v -0.976062 -0.098017 0.194151
v -0.961940 -0.195090 0.191342
v -0.938553 -0.290285 0.186690
v -0.906127 -0.382683 0.180240
v -0.864975 -0.471397 0.172054
v -0.815493 -0.555570 0.162212
v -0.758157 -0.634393 0.150807
v -0.693520 -0.707107 0.137949
v -0.622204 -0.773010 0.123764
v -0.544895 -0.831470 0.108386
v -0.462339 -0.881921 0.091965
v -0.375330 -0.923880 0.074658
v -0.284707 -0.956940 0.056632
v -0.191342 -0.980785 0.038060
v -0.096134 -0.995185 0.019122
v -0.097545 0.995185 0.009607
v -0.194151 0.980785 0.019122
v -0.288887 0.956940 0.028453
v -0.380840 0.923880 0.037509
v -0.469127 0.881921 0.046205
v -0.552895 0.831470 0.054455
v -0.631338 0.773010 0.062181
v -0.703702 0.707107 0.069308
v -0.769288 0.634393 0.075768
v -0.827466 0.555570 0.081498
v -0.877674 0.471397 0.086443
v -0.919430 0.382683 0.090556
v -0.952332 0.290285 0.093796
v -0.976062 0.195090 0.096134
v -0.990392 0.098017 0.097545
v -0.995184 0.000000 0.098017
v -0.990392 -0.098017 0.097545
v -0.976062 -0.195090 0.096134
v -0.952332 -0.290285 0.093796
v -0.919430 -0.382683 0.090556
v -0.877674 -0.471397 0.086443
v -0.827466 -0.555570 0.081498
v -0.769288 -0.634393 0.075768
v -0.703702 -0.707107 0.069308
v -0.631338 -0.773010 0.062181
v -0.552895 -0.831470 0.054455
v -0.469127 -0.881921 0.046205
v -0.380840 -0.923880 0.037509
v -0.288887 -0.956940 0.028453
v -0.194151 -0.980785 0.019122
v -0.097545 -0.995185 0.009607
v -0.098017 0.995185 -0.000000
v -0.195090 0.980785 0.000000
v -0.290285 0.956940 -0.000000
v -0.382683 0.923880 -0.000000
v -0.471396 0.881921 -0.000000
v -0.555571 0.831470 0.000000
v -0.634393 0.773010 0.000000
v -0.707107 0.707107 -0.000000
v -0.773010 0.634393 0.000000
v -0.831470 0.555570 0.000000
v -0.881921 0.471397 -0.000000
v -0.923879 0.382683 -0.000000
v -0.956940 0.290285 -0.000000
v -0.980785 0.195090 -0.000000
v -0.995184 0.098017 -0.000000
v -1.000000 0.000000 -0.000000
v -0.995184 -0.098017 -0.000000
v -0.980785 -0.195090 -0.000000
v -0.956940 -0.290285 -0.000000
v -0.923879 -0.382683 -0.000000
v -0.881921 -0.471397 -0.000000
v -0.831470 -0.555570 0.000000
v -0.773010 -0.634393 0.000000
v -0.707107 -0.707107 -0.000000
v -0.634393 -0.773010 0.000000
v -0.555571 -0.831470 0.000000
v -0.471396 -0.881921 -0.000000
v -0.382683 -0.923880 -0.000000
v -0.290285 -0.956940 -0.000000
v -0.195090 -0.980785 0.000000
v -0.098017 -0.995185 -0.000000
v -0.097545 0.995185 -0.009607
v -0.194151 0.980785 -0.019122
v -0.288887 0.956940 -0.028453
v -0.380840 0.923880 -0.037510
v -0.469127 0.881921 -0.046205
v -0.552895 0.831470 -0.054455
v -0.631338 0.773010 -0.062181
v -0.703702 0.707107 -0.069309
v -0.769288 0.634393 -0.075768
v -0.827466 0.555570 -0.081498
v -0.877674 0.471397 -0.086443
v -0.919430 0.382683 -0.090556
v -0.952332 0.290285 -0.093797
v -0.976062 0.195090 -0.096134
v -0.990392 0.098017 -0.097545
v -0.995184 0.000000 -0.098017
v -0.990392 -0.098017 -0.097545
v -0.976062 -0.195090 -0.096134
v -0.952332 -0.290285 -0.093797
v -0.919430 -0.382683 -0.090556
v -0.877674 -0.471397 -0.086443
v -0.827466 -0.555570 -0.081498
v -0.769288 -0.634393 -0.075768
v -0.703702 -0.707107 -0.069309
v -0.631338 -0.773010 -0.062181
v -0.552895 -0.831470 -0.054455
v -0.469127 -0.881921 -0.046205
v -0.380840 -0.923880 -0.037510
v -0.288887 -0.956940 -0.028453
v -0.194151 -0.980785 -0.019122
v -0.097545 -0.995185 -0.009607
v -0.096134 0.995185 -0.019122
v -0.191342 0.980785 -0.038060
v -0.284707 0.956940 -0.056632
v -0.375330 0.923880 -0.074658
v -0.462339 0.881921 -0.091965
v -0.544896 0.831470 -0.108386
v -0.622204 0.773010 -0.123764
v -0.693520 0.707107 -0.137950
v -0.758157 0.634393 -0.150807
v -0.815493 0.555570 -0.162212
v -0.864975 0.471397 -0.172054
v -0.906127 0.382683 -0.180240
v -0.938553 0.290285 -0.186690
v -0.961940 0.195090 -0.191342
v -0.976062 0.098017 -0.194151
v -0.980785 0.000000 -0.195091
v -0.976062 -0.098017 -0.194151
v -0.961940 -0.195090 -0.191342
v -0.938553 -0.290285 -0.186690
v -0.906127 -0.382683 -0.180240
v -0.864975 -0.471397 -0.172054
v -0.815493 -0.555570 -0.162212
v -0.758157 -0.634393 -0.150807
v -0.693520 -0.707107 -0.137950
v -0.622204 -0.773010 -0.123764
v -0.544896 -0.831470 -0.108386
v -0.462339 -0.881921 -0.091965
v -0.375330 -0.923880 -0.074658
v -0.284707 -0.956940 -0.056632
v -0.191342 -0.980785 -0.038060
v -0.096134 -0.995185 -0.019122
v -0.093796 0.995185 -0.028453
v -0.186690 0.980785 -0.056632
v -0.277785 0.956940 -0.084265
v -0.366205 0.923880 -0.111087
v -0.451098 0.881921 -0.136839
v -0.531648 0.831470 -0.161274
v -0.607076 0.773010 -0.184155
v -0.676659 0.707107 -0.205262
v -0.739725 0.634393 -0.224393
v -0.795667 0.555570 -0.241363
v -0.843946 0.471397 -0.256008
v -0.884097 0.382683 -0.268188
v -0.915735 0.290285 -0.277785
v -0.938553 0.195090 -0.284707
v -0.952332 0.098017 -0.288887
v -0.956940 0.000000 -0.290285
v -0.952332 -0.098017 -0.288887
v -0.938553 -0.195090 -0.284707
v -0.915735 -0.290285 -0.277785
v -0.884097 -0.382683 -0.268188
v -0.843946 -0.471397 -0.256008
v -0.795667 -0.555570 -0.241363
v -0.739725 -0.634393 -0.224393
v -0.676659 -0.707107 -0.205262
v -0.607076 -0.773010 -0.184155
v -0.531648 -0.831470 -0.161274
v -0.451098 -0.881921 -0.136839
v -0.366205 -0.923880 -0.111087
v -0.277785 -0.956940 -0.084265
v -0.186690 -0.980785 -0.056632
v -0.093796 -0.995185 -0.028453
v -0.090556 0.995185 -0.037510
v -0.180240 0.980785 -0.074658
v -0.268188 0.956940 -0.111087
v -0.353553 0.923880 -0.146446
v -0.435514 0.881921 -0.180396
v -0.513280 0.831470 -0.212608
v -0.586103 0.773010 -0.242772
v -0.653281 0.707107 -0.270598
v -0.714168 0.634393 -0.295818
v -0.768178 0.555570 -0.318190
v -0.814789 0.471397 -0.337497
v -0.853553 0.382683 -0.353553
v -0.884098 0.290285 -0.366205
v -0.906127 0.195090 -0.375330
v -0.919430 0.098017 -0.380841
v -0.923879 0.000000 -0.382684
v -0.919430 -0.098017 -0.380841
v -0.906127 -0.195090 -0.375330
v -0.884098 -0.290285 -0.366205
v -0.853553 -0.382683 -0.353553
v -0.814789 -0.471397 -0.337497
v -0.768178 -0.555570 -0.318190
v -0.714168 -0.634393 -0.295818
v -0.653281 -0.707107 -0.270598
v -0.586103 -0.773010 -0.242772
v -0.513280 -0.831470 -0.212608
v -0.435514 -0.881921 -0.180396
v -0.353553 -0.923880 -0.146446
v -0.268188 -0.956940 -0.111087
v -0.180240 -0.980785 -0.074658
v -0.090556 -0.995185 -0.037510
v -0.086443 0.995185 -0.046205
v -0.172054 0.980785 -0.091965
v -0.256008 0.956940 -0.136839
v -0.337496 0.923880 -0.180396
v -0.415735 0.881921 -0.222215
v -0.489970 0.831470 -0.261894
v -0.559485 0.773010 -0.299051
v -0.623612 0.707107 -0.333328
v -0.681734 0.634393 -0.364394
v -0.733291 0.555570 -0.391952
v -0.777785 0.471397 -0.415735
v -0.814788 0.382683 -0.435514
v -0.843946 0.290285 -0.451099
v -0.864975 0.195090 -0.462339
v -0.877674 0.098017 -0.469127
v -0.881921 0.000000 -0.471397
v -0.877674 -0.098017 -0.469127
v -0.864975 -0.195090 -0.462339
v -0.843946 -0.290285 -0.451099
v -0.814788 -0.382683 -0.435514
v -0.777785 -0.471397 -0.415735
v -0.733291 -0.555570 -0.391952
v -0.681734 -0.634393 -0.364394
v -0.623612 -0.707107 -0.333328
v -0.559485 -0.773010 -0.299051
v -0.489970 -0.831470 -0.261894
v -0.415735 -0.881921 -0.222215
v -0.337496 -0.923880 -0.180396
v -0.256008 -0.956940 -0.136839
v -0.172054 -0.980785 -0.091965
v -0.086443 -0.995185 -0.046205
v -0.081498 0.995185 -0.054455
v -0.162212 0.980785 -0.108386
v -0.241363 0.956940 -0.161274
v -0.318189 0.923880 -0.212607
v -0.391952 0.881921 -0.261894
v -0.461940 0.831470 -0.308659
v -0.527479 0.773010 -0.352450
v -0.587938 0.707107 -0.392847
v -0.642735 0.634393 -0.429461
v -0.691342 0.555570 -0.461940
v -0.733290 0.471397 -0.489969
v -0.768177 0.382683 -0.513280
v -0.795667 0.290285 -0.531648
v -0.815493 0.195090 -0.544895
v -0.827465 0.098017 -0.552895
v -0.831469 0.000000 -0.555570
v -0.827465 -0.098017 -0.552895
v -0.815493 -0.195090 -0.544895
v -0.795667 -0.290285 -0.531648
v -0.768177 -0.382683 -0.513280
v -0.733290 -0.471397 -0.489969
v -0.691342 -0.555570 -0.461940
v -0.642735 -0.634393 -0.429461
v -0.587938 -0.707107 -0.392847
v -0.527479 -0.773010 -0.352450
v -0.461940 -0.831470 -0.308659
v -0.391952 -0.881921 -0.261894
v -0.318189 -0.923880 -0.212607
v -0.241363 -0.956940 -0.161274
v -0.162212 -0.980785 -0.108386
v -0.081498 -0.995185 -0.054455
v -0.075768 0.995185 -0.062181
v -0.150807 0.980785 -0.123764
v -0.224393 0.956940 -0.184155
v -0.295818 0.923880 -0.242772
v -0.364394 0.881921 -0.299051
v -0.429462 0.831470 -0.352450
v -0.490393 0.773010 -0.402455
v -0.546601 0.707107 -0.448584
v -0.597545 0.634393 -0.490392
v -0.642735 0.555570 -0.527479
v -0.681734 0.471397 -0.559485
v -0.714168 0.382683 -0.586103
v -0.739725 0.290285 -0.607077
v -0.758157 0.195090 -0.622204
v -0.769288 0.098017 -0.631338
v -0.773010 0.000000 -0.634393
v -0.769288 -0.098017 -0.631338
v -0.758157 -0.195090 -0.622204
v -0.739725 -0.290285 -0.607077
v -0.714168 -0.382683 -0.586103
v -0.681734 -0.471397 -0.559485
v -0.642735 -0.555570 -0.527479
v -0.597545 -0.634393 -0.490392
v -0.546601 -0.707107 -0.448584
v -0.490393 -0.773010 -0.402455
v -0.429462 -0.831470 -0.352450
v -0.364394 -0.881921 -0.299051
v -0.295818 -0.923880 -0.242772
v -0.224393 -0.956940 -0.184155
v -0.150807 -0.980785 -0.123764
v -0.075768 -0.995185 -0.062181
v -0.069309 0.995185 -0.069309
v -0.137950 0.980785 -0.137950
v -0.205262 0.956940 -0.205262
v -0.270598 0.923880 -0.270598
v -0.333328 0.881921 -0.333328
v -0.392848 0.831470 -0.392848
v -0.448584 0.773010 -0.448584
v -0.500000 0.707107 -0.500000
v -0.546601 0.634393 -0.546601
v -0.587938 0.555570 -0.587938
v -0.623612 0.471397 -0.623612
v -0.653281 0.382683 -0.653281
v -0.676659 0.290285 -0.676659
v -0.693520 0.195090 -0.693520
v -0.703702 0.098017 -0.703702
v -0.707106 0.000000 -0.707107
v -0.703702 -0.098017 -0.703702
v -0.693520 -0.195090 -0.693520
v -0.676659 -0.290285 -0.676659
v -0.653281 -0.382683 -0.653281
v -0.623612 -0.471397 -0.623612
v -0.587938 -0.555570 -0.587938
v -0.546601 -0.634393 -0.546601
v -0.500000 -0.707107 -0.500000
v -0.448584 -0.773010 -0.448584
v -0.392848 -0.831470 -0.392848
v -0.333328 -0.881921 -0.333328
v -0.270598 -0.923880 -0.270598
v -0.205262 -0.956940 -0.205262
v -0.137950 -0.980785 -0.137950
v -0.069309 -0.995185 -0.069309
v -0.062181 0.995185 -0.075768
v -0.123764 0.980785 -0.150807
v -0.184155 0.956940 -0.224393
v -0.242772 0.923880 -0.295818
v -0.299051 0.881921 -0.364394
v -0.352450 0.831470 -0.429462
v -0.402455 0.773010 -0.490393
v -0.448584 0.707107 -0.546601
v -0.490393 0.634393 -0.597545
v -0.527479 0.555570 -0.642735
v -0.559485 0.471397 -0.681734
v -0.586102 0.382683 -0.714168
v -0.607076 0.290285 -0.739725
v -0.622203 0.195090 -0.758157
v -0.631338 0.098017 -0.769288
v -0.634393 0.000000 -0.773010
v -0.631338 -0.098017 -0.769288
v -0.622203 -0.195090 -0.758157
v -0.607076 -0.290285 -0.739725
v -0.586102 -0.382683 -0.714168
v -0.559485 -0.471397 -0.681734
v -0.527479 -0.555570 -0.642735
v -0.490393 -0.634393 -0.597545
v -0.448584 -0.707107 -0.546601
v -0.402455 -0.773010 -0.490393
v -0.352450 -0.831470 -0.429462
v -0.299051 -0.881921 -0.364394
v -0.242772 -0.923880 -0.295818
v -0.184155 -0.956940 -0.224393
v -0.123764 -0.980785 -0.150807
v -0.062181 -0.995185 -0.075768
v -0.054455 0.995185 -0.081498
v -0.108386 0.980785 -0.162212
v -0.161274 0.956940 -0.241363
v -0.212607 0.923880 -0.318189
v -0.261894 0.881921 -0.391952
v -0.308659 0.831470 -0.461940
v -0.352450 0.773010 -0.527479
v -0.392847 0.707107 -0.587938
v -0.429461 0.634393 -0.642734
v -0.461940 0.555570 -0.691342
v -0.489969 0.471397 -0.733290
v -0.513280 0.382683 -0.768177
v -0.531647 0.290285 -0.795667
v -0.544895 0.195090 -0.815493
v -0.552895 0.098017 -0.827466
v -0.555570 0.000000 -0.831469
v -0.552895 -0.098017 -0.827466
v -0.544895 -0.195090 -0.815493
v -0.531647 -0.290285 -0.795667
v -0.513280 -0.382683 -0.768177
v -0.489969 -0.471397 -0.733290
v -0.461940 -0.555570 -0.691342
v -0.429461 -0.634393 -0.642734
v -0.392847 -0.707107 -0.587938
v -0.352450 -0.773010 -0.527479
v -0.308659 -0.831470 -0.461940
v -0.261894 -0.881921 -0.391952
v -0.212607 -0.923880 -0.318189
v -0.161274 -0.956940 -0.241363
v -0.108386 -0.980785 -0.162212
v -0.054455 -0.995185 -0.081498
v -0.046205 0.995185 -0.086443
v -0.091965 0.980785 -0.172054
v -0.136839 0.956940 -0.256008
v -0.180396 0.923880 -0.337496
v -0.222215 0.881921 -0.415735
v -0.261894 0.831470 -0.489970
v -0.299051 0.773010 -0.559485
v -0.333328 0.707107 -0.623612
v -0.364395 0.634393 -0.681734
v -0.391952 0.555570 -0.733291
v -0.415735 0.471397 -0.777785
v -0.435513 0.382683 -0.814789
v -0.451098 0.290285 -0.843946
v -0.462339 0.195090 -0.864975
v -0.469127 0.098017 -0.877674
v -0.471396 0.000000 -0.881921
v -0.469127 -0.098017 -0.877674
v -0.462339 -0.195090 -0.864975
v -0.451098 -0.290285 -0.843946
v -0.435513 -0.382683 -0.814789
v -0.415735 -0.471397 -0.777785
v -0.391952 -0.555570 -0.733291
v -0.364395 -0.634393 -0.681734
v -0.333328 -0.707107 -0.623612
v -0.299051 -0.773010 -0.559485
v -0.261894 -0.831470 -0.489970
v -0.222215 -0.881921 -0.415735
v -0.180396 -0.923880 -0.337496
v -0.136839 -0.956940 -0.256008
v -0.091965 -0.980785 -0.172054
v -0.046205 -0.995185 -0.086443
v -0.037509 0.995185 -0.090556
v -0.074658 0.980785 -0.180240
v -0.111087 0.956940 -0.268188
v -0.146446 0.923880 -0.353553
v -0.180396 0.881921 -0.435514
v -0.212608 0.831470 -0.513280
v -0.242772 0.773010 -0.586103
v -0.270598 0.707107 -0.653281
v -0.295818 0.634393 -0.714168
v -0.318190 0.555570 -0.768178
v -0.337496 0.471397 -0.814789
v -0.353553 0.382683 -0.853553
v -0.366205 0.290285 -0.884098
v -0.375330 0.195090 -0.906127
v -0.380840 0.098017 -0.919430
v -0.382683 0.000000 -0.923879
v -0.380840 -0.098017 -0.919430
v -0.375330 -0.195090 -0.906127
v -0.366205 -0.290285 -0.884098
v -0.353553 -0.382683 -0.853553
v -0.337496 -0.471397 -0.814789
v -0.318190 -0.555570 -0.768178
v -0.295818 -0.634393 -0.714168
v -0.270598 -0.707107 -0.653281
v -0.242772 -0.773010 -0.586103
v -0.212608 -0.831470 -0.513280
v -0.180396 -0.881921 -0.435514
v -0.146446 -0.923880 -0.353553
v -0.111087 -0.956940 -0.268188
v -0.074658 -0.980785 -0.180240
v -0.037509 -0.995185 -0.090556
v -0.028453 0.995185 -0.093796
v -0.056632 0.980785 -0.186690
v -0.084265 0.956940 -0.277785
v -0.111087 0.923880 -0.366205
v -0.136839 0.881921 -0.451098
v -0.161274 0.831470 -0.531648
v -0.184155 0.773010 -0.607076
v -0.205262 0.707107 -0.676659
v -0.224393 0.634393 -0.739724
v -0.241363 0.555570 -0.795667
v -0.256008 0.471397 -0.843946
v -0.268188 0.382683 -0.884097
v -0.277785 0.290285 -0.915735
v -0.284707 0.195090 -0.938553
v -0.288887 0.098017 -0.952332
v -0.290284 0.000000 -0.956940
v -0.288887 -0.098017 -0.952332
v -0.284707 -0.195090 -0.938553
v -0.277785 -0.290285 -0.915735
v -0.268188 -0.382683 -0.884097
v -0.256008 -0.471397 -0.843946
v -0.241363 -0.555570 -0.795667
v -0.224393 -0.634393 -0.739724
v -0.205262 -0.707107 -0.676659
v -0.184155 -0.773010 -0.607076
v -0.161274 -0.831470 -0.531648
v -0.136839 -0.881921 -0.451098
v -0.111087 -0.923880 -0.366205
v -0.084265 -0.956940 -0.277785
v -0.056632 -0.980785 -0.186690
v -0.028453 -0.995185 -0.093796
v -0.019122 0.995185 -0.096134
v -0.038060 0.980785 -0.191342
v -0.056632 0.956940 -0.284707
v -0.074658 0.923880 -0.375330
v -0.091965 0.881921 -0.462339
v -0.108386 0.831470 -0.544896
v -0.123764 0.773010 -0.622204
v -0.137950 0.707107 -0.693520
v -0.150807 0.634393 -0.758157
v -0.162212 0.555570 -0.815493
v -0.172054 0.471397 -0.864975
v -0.180240 0.382683 -0.906127
v -0.186690 0.290285 -0.938553
v -0.191342 0.195090 -0.961940
v -0.194151 0.098017 -0.976062
v -0.195090 0.000000 -0.980785
v -0.194151 -0.098017 -0.976062
v -0.191342 -0.195090 -0.961940
v -0.186690 -0.290285 -0.938553
v -0.180240 -0.382683 -0.906127
v -0.172054 -0.471397 -0.864975
v -0.162212 -0.555570 -0.815493
v -0.150807 -0.634393 -0.758157
v -0.137950 -0.707107 -0.693520
v -0.123764 -0.773010 -0.622204
v -0.108386 -0.831470 -0.544896
v -0.091965 -0.881921 -0.462339
v -0.074658 -0.923880 -0.375330
v -0.056632 -0.956940 -0.284707
v -0.038060 -0.980785 -0.191342
v -0.019122 -0.995185 -0.096134
v -0.009607 0.995185 -0.097545
v -0.019122 0.980785 -0.194151
v -0.028453 0.956940 -0.288887
v -0.037509 0.923880 -0.380840
v -0.046205 0.881921 -0.469127
v -0.054455 0.831470 -0.552896
v -0.062181 0.773010 -0.631338
v -0.069308 0.707107 -0.703702
v -0.075768 0.634393 -0.769288
v -0.081499 0.555570 -0.827466
v -0.086443 0.471397 -0.877674
v -0.090556 0.382683 -0.919430
v -0.093796 0.290285 -0.952332
v -0.096134 0.195090 -0.976062
v -0.097545 0.098017 -0.990392
v -0.098017 0.000000 -0.995184
v -0.097545 -0.098017 -0.990392
v -0.096134 -0.195090 -0.976062
v -0.093796 -0.290285 -0.952332
v -0.090556 -0.382683 -0.919430
v -0.086443 -0.471397 -0.877674
v -0.081499 -0.555570 -0.827466
v -0.075768 -0.634393 -0.769288
v -0.069308 -0.707107 -0.703702
v -0.062181 -0.773010 -0.631338
v -0.054455 -0.831470 -0.552896
v -0.046205 -0.881921 -0.469127
v -0.037509 -0.923880 -0.380840
v -0.028453 -0.956940 -0.288887
v -0.019122 -0.980785 -0.194151
v -0.009607 -0.995185 -0.097545
v 0.000000 0.923880 -0.382683
v -0.000000 0.831470 -0.555571
v -0.000000 0.773010 -0.634393
v 0.000000 0.707107 -0.707106
v -0.000000 0.634393 -0.773010
v -0.000000 0.555570 -0.831470
v 0.000000 0.195090 -0.980785
v 0.000000 -0.195090 -0.980785
v -0.000000 -0.555570 -0.831470
v -0.000000 -0.634393 -0.773010
v 0.000000 -0.707107 -0.707106
v -0.000000 -0.773010 -0.634393
v -0.000000 -0.831470 -0.555571
v 0.000000 -0.881921 -0.471396
v 0.000000 -0.923880 -0.382683
v 0.000000 -0.980785 -0.195090
vn 0.0165 0.9414 -0.3368
vn 0.0072 -0.9892 -0.1467
vn 0.0485 -0.1466 -0.9880
vn 0.0210 0.9038 -0.4275
vn 0.0024 -0.9988 -0.0491
vn 0.0476 -0.2427 -0.9689
vn 0.0252 0.8575 -0.5139
vn 0.0462 -0.3365 -0.9405
vn 0.0293 0.8029 -0.5954
vn 0.0444 -0.4271 -0.9031
vn 0.0330 0.7405 -0.6712
vn 0.0421 -0.5136 -0.8570
vn 0.0364 0.6711 -0.7405
vn 0.0394 -0.5952 -0.8026
vn 0.0394 0.5952 -0.8026
vn 0.0364 -0.6711 -0.7405
vn 0.0421 0.5136 -0.8570
vn 0.0330 -0.7405 -0.6712
vn 0.0444 0.4271 -0.9031
vn 0.0293 -0.8029 -0.5954
vn 0.0462 0.3365 -0.9405
vn 0.0252 -0.8575 -0.5139
vn 0.0476 0.2427 -0.9689
vn 0.0024 0.9988 -0.0491
vn 0.0210 -0.9038 -0.4275
vn 0.0485 0.1466 -0.9880
vn 0.0072 0.9892 -0.1467
vn 0.0165 -0.9414 -0.3368
vn 0.0490 0.0490 -0.9976
vn 0.0119 0.9700 -0.2430
vn 0.0119 -0.9700 -0.2430
vn 0.0490 -0.0490 -0.9976
vn 0.1327 0.4271 -0.8944
vn 0.0875 -0.8029 -0.5897
vn 0.1382 0.3365 -0.9315
vn 0.0755 -0.8575 -0.5090
vn 0.1423 0.2427 -0.9596
vn 0.0072 0.9988 -0.0486
vn 0.0628 -0.9038 -0.4233
vn 0.1451 0.1466 -0.9785
vn 0.0216 0.9892 -0.1453
vn 0.0495 -0.9414 -0.3336
vn 0.1466 0.0490 -0.9880
vn 0.0357 0.9700 -0.2406
vn 0.0357 -0.9700 -0.2406
vn 0.1466 -0.0490 -0.9880
vn 0.0495 0.9414 -0.3336
vn 0.0216 -0.9892 -0.1453
vn 0.1451 -0.1466 -0.9785
vn 0.0628 0.9038 -0.4233
vn 0.0072 -0.9988 -0.0486
vn 0.1423 -0.2427 -0.9596
vn 0.0755 0.8575 -0.5090
vn 0.1382 -0.3365 -0.9315
vn 0.0875 0.8029 -0.5897
vn 0.1327 -0.4271 -0.8944
vn 0.0986 0.7405 -0.6647
vn 0.1259 -0.5136 -0.8487
vn 0.1088 0.6711 -0.7333
vn 0.1179 -0.5952 -0.7949
vn 0.1179 0.5952 -0.7949
vn 0.1088 -0.6711 -0.7333
vn 0.1259 0.5136 -0.8487
vn 0.0986 -0.7405 -0.6647
vn 0.2357 0.2427 -0.9410
vn 0.0119 0.9988 -0.0477
vn 0.1040 -0.9038 -0.4152
vn 0.2404 0.1466 -0.9596
vn 0.0357 0.9892 -0.1425
vn 0.0819 -0.9414 -0.3271
vn 0.2427 0.0490 -0.9689
vn 0.0591 0.9700 -0.2360
vn 0.0591 -0.9700 -0.2360
vn 0.2427 -0.0490 -0.9689
vn 0.0819 0.9414 -0.3271
vn 0.0357 -0.9892 -0.1425
vn 0.2404 -0.1466 -0.9596
vn 0.1040 0.9038 -0.4152
vn 0.0119 -0.9988 -0.0477
vn 0.2357 -0.2427 -0.9410
vn 0.1250 0.8575 -0.4991
vn 0.2288 -0.3365 -0.9135
vn 0.1449 0.8029 -0.5783
vn 0.2197 -0.4271 -0.8771
vn 0.1633 0.7405 -0.6519
vn 0.2085 -0.5136 -0.8323
vn 0.1801 0.6711 -0.7191
vn 0.1952 -0.5952 -0.7795
vn 0.1952 0.5952 -0.7795
vn 0.1801 -0.6711 -0.7191
vn 0.2085 0.5136 -0.8323
vn 0.1633 -0.7405 -0.6519
vn 0.2197 0.4271 -0.8771
vn 0.1449 -0.8029 -0.5783
vn 0.2288 0.3365 -0.9135
vn 0.1250 -0.8575 -0.4991
vn 0.3365 0.0490 -0.9404
vn 0.0820 0.9700 -0.2290
vn 0.0820 -0.9700 -0.2290
vn 0.3365 -0.0490 -0.9404
vn 0.1136 0.9414 -0.3175
vn 0.0495 -0.9892 -0.1383
vn 0.3333 -0.1466 -0.9314
vn 0.1442 0.9038 -0.4030
vn 0.0165 -0.9988 -0.0463
vn 0.3268 -0.2427 -0.9134
vn 0.1733 0.8575 -0.4845
vn 0.3172 -0.3365 -0.8866
vn 0.2008 0.8029 -0.5613
vn 0.3046 -0.4271 -0.8513
vn 0.2264 0.7405 -0.6327
vn 0.2891 -0.5136 -0.8078
vn 0.2498 0.6711 -0.6980
vn 0.2707 -0.5952 -0.7566
vn 0.2707 0.5952 -0.7566
vn 0.2498 -0.6711 -0.6980
vn 0.2891 0.5136 -0.8078
vn 0.2264 -0.7405 -0.6327
vn 0.3046 0.4271 -0.8513
vn 0.2008 -0.8029 -0.5613
vn 0.3172 0.3365 -0.8866
vn 0.1733 -0.8575 -0.4845
vn 0.3268 0.2427 -0.9134
vn 0.0165 0.9988 -0.0463
vn 0.1442 -0.9038 -0.4030
vn 0.3333 0.1466 -0.9314
vn 0.0495 0.9892 -0.1383
vn 0.1136 -0.9414 -0.3175
vn 0.4229 -0.1466 -0.8942
vn 0.1830 0.9038 -0.3869
vn 0.0210 -0.9988 -0.0444
vn 0.4148 -0.2427 -0.8770
vn 0.2200 0.8575 -0.4652
vn 0.4026 -0.3365 -0.8513
vn 0.2549 0.8029 -0.5389
vn 0.3866 -0.4271 -0.8174
vn 0.2873 0.7405 -0.6075
vn 0.3668 -0.5136 -0.7756
vn 0.3170 0.6711 -0.6702
vn 0.3436 -0.5952 -0.7264
vn 0.3436 0.5952 -0.7264
vn 0.3170 -0.6711 -0.6702
vn 0.3668 0.5136 -0.7756
vn 0.2873 -0.7405 -0.6075
vn 0.3866 0.4271 -0.8174
vn 0.2549 -0.8029 -0.5389
vn 0.4026 0.3365 -0.8513
vn 0.2200 -0.8575 -0.4652
vn 0.4148 0.2427 -0.8770
vn 0.0210 0.9988 -0.0444
vn 0.1830 -0.9038 -0.3869
vn 0.4229 0.1466 -0.8942
vn 0.0628 0.9892 -0.1328
vn 0.1442 -0.9414 -0.3049
vn 0.4270 0.0490 -0.9029
vn 0.1040 0.9700 -0.2199
vn 0.1040 -0.9700 -0.2199
vn 0.4270 -0.0490 -0.9029
vn 0.1442 0.9414 -0.3049
vn 0.0628 -0.9892 -0.1328
vn 0.4841 -0.3365 -0.8077
vn 0.3065 0.8029 -0.5113
vn 0.4648 -0.4271 -0.7755
vn 0.3455 0.7405 -0.5764
vn 0.4411 -0.5136 -0.7359
vn 0.3811 0.6711 -0.6359
vn 0.4131 -0.5952 -0.6892
vn 0.4131 0.5952 -0.6892
vn 0.3811 -0.6711 -0.6359
vn 0.4411 0.5136 -0.7359
vn 0.3455 -0.7405 -0.5764
vn 0.4648 0.4271 -0.7755
vn 0.3065 -0.8029 -0.5113
vn 0.4841 0.3365 -0.8077
vn 0.2645 -0.8575 -0.4414
vn 0.4987 0.2427 -0.8321
vn 0.0253 0.9988 -0.0421
vn 0.2200 -0.9038 -0.3671
vn 0.5086 0.1466 -0.8485
vn 0.0755 0.9892 -0.1260
vn 0.1734 -0.9414 -0.2893
vn 0.5135 0.0490 -0.8567
vn 0.1251 0.9700 -0.2086
vn 0.1251 -0.9700 -0.2086
vn 0.5135 -0.0490 -0.8567
vn 0.1734 0.9414 -0.2893
vn 0.0755 -0.9892 -0.1260
vn 0.5086 -0.1466 -0.8485
vn 0.2200 0.9038 -0.3671
vn 0.0253 -0.9988 -0.0421
vn 0.4987 -0.2427 -0.8321
vn 0.2645 0.8575 -0.4414
vn 0.5111 -0.5136 -0.6892
vn 0.4416 0.6711 -0.5955
vn 0.4787 -0.5952 -0.6454
vn 0.4787 0.5952 -0.6454
vn 0.4416 -0.6711 -0.5955
vn 0.5111 0.5136 -0.6892
vn 0.4003 -0.7405 -0.5398
vn 0.5386 0.4271 -0.7263
vn 0.3551 -0.8029 -0.4788
vn 0.5610 0.3365 -0.7564
vn 0.3065 -0.8575 -0.4133
vn 0.5779 0.2427 -0.7792
vn 0.0293 0.9988 -0.0395
vn 0.2549 -0.9038 -0.3438
vn 0.5893 0.1466 -0.7945
vn 0.0875 0.9892 -0.1180
vn 0.2009 -0.9414 -0.2709
vn 0.5950 0.0490 -0.8022
vn 0.1449 0.9700 -0.1954
vn 0.1449 -0.9700 -0.1954
vn 0.5950 -0.0490 -0.8022
vn 0.2009 0.9414 -0.2709
vn 0.0875 -0.9892 -0.1180
vn 0.5893 -0.1466 -0.7945
vn 0.2549 0.9038 -0.3438
vn 0.0293 -0.9988 -0.0395
vn 0.5779 -0.2427 -0.7792
vn 0.3065 0.8575 -0.4133
vn 0.5610 -0.3365 -0.7564
vn 0.3551 0.8029 -0.4788
vn 0.5386 -0.4271 -0.7263
vn 0.4003 0.7405 -0.5398
vn 0.4979 -0.6711 -0.5493
vn 0.5762 0.5136 -0.6357
vn 0.4513 -0.7405 -0.4979
vn 0.6072 0.4271 -0.6700
vn 0.4004 -0.8029 -0.4417
vn 0.6324 0.3365 -0.6977
vn 0.3456 -0.8575 -0.3813
vn 0.6515 0.2427 -0.7188
vn 0.0330 0.9988 -0.0364
vn 0.2874 -0.9038 -0.3171
vn 0.6643 0.1466 -0.7330
vn 0.0987 0.9892 -0.1088
vn 0.2265 -0.9414 -0.2499
vn 0.6708 0.0490 -0.7401
vn 0.1634 0.9700 -0.1802
vn 0.1634 -0.9700 -0.1802
vn 0.6708 -0.0490 -0.7401
vn 0.2265 0.9414 -0.2499
vn 0.0987 -0.9892 -0.1088
vn 0.6643 -0.1466 -0.7330
vn 0.2874 0.9038 -0.3171
vn 0.0330 -0.9988 -0.0364
vn 0.6515 -0.2427 -0.7188
vn 0.3456 0.8575 -0.3813
vn 0.6324 -0.3365 -0.6977
vn 0.4004 0.8029 -0.4417
vn 0.6072 -0.4271 -0.6700
vn 0.4513 0.7405 -0.4979
vn 0.5762 -0.5136 -0.6357
vn 0.4979 0.6711 -0.5493
vn 0.5396 -0.5952 -0.5954
vn 0.5396 0.5952 -0.5954
vn 0.4417 -0.8029 -0.4004
vn 0.6977 0.3365 -0.6324
vn 0.3813 -0.8575 -0.3456
vn 0.7188 0.2427 -0.6515
vn 0.0364 0.9988 -0.0330
vn 0.3171 -0.9038 -0.2874
vn 0.7330 0.1466 -0.6643
vn 0.1089 0.9892 -0.0987
vn 0.2499 -0.9414 -0.2265
vn 0.7401 0.0490 -0.6708
vn 0.1802 0.9700 -0.1634
vn 0.1802 -0.9700 -0.1634
vn 0.7401 -0.0490 -0.6708
vn 0.2499 0.9414 -0.2265
vn 0.1088 -0.9892 -0.0987
vn 0.7330 -0.1466 -0.6643
vn 0.3171 0.9038 -0.2874
vn 0.0364 -0.9988 -0.0330
vn 0.7188 -0.2427 -0.6515
vn 0.3813 0.8575 -0.3456
vn 0.6977 -0.3365 -0.6324
vn 0.4417 0.8029 -0.4004
vn 0.6700 -0.4271 -0.6072
vn 0.4979 0.7405 -0.4513
vn 0.6357 -0.5136 -0.5762
vn 0.5493 0.6711 -0.4979
vn 0.5954 -0.5952 -0.5396
vn 0.5954 0.5952 -0.5396
vn 0.5493 -0.6711 -0.4979
vn 0.6357 0.5136 -0.5762
vn 0.4979 -0.7405 -0.4513
vn 0.6700 0.4271 -0.6072
vn 0.3438 -0.9038 -0.2549
vn 0.7945 0.1466 -0.5893
vn 0.1180 0.9892 -0.0875
vn 0.2709 -0.9414 -0.2009
vn 0.8022 0.0490 -0.5950
vn 0.1954 0.9700 -0.1449
vn 0.1954 -0.9700 -0.1449
vn 0.8022 -0.0490 -0.5950
vn 0.2709 0.9414 -0.2009
vn 0.1180 -0.9892 -0.0875
vn 0.7945 -0.1466 -0.5893
vn 0.3438 0.9038 -0.2549
vn 0.0395 -0.9988 -0.0293
vn 0.7792 -0.2427 -0.5779
vn 0.4133 0.8575 -0.3065
vn 0.7564 -0.3365 -0.5610
vn 0.4788 0.8029 -0.3551
vn 0.7263 -0.4271 -0.5386
vn 0.5398 0.7405 -0.4003
vn 0.6892 -0.5136 -0.5111
vn 0.5955 0.6711 -0.4416
vn 0.6454 -0.5952 -0.4787
vn 0.6454 0.5952 -0.4787
vn 0.5955 -0.6711 -0.4416
vn 0.6892 0.5136 -0.5111
vn 0.5398 -0.7405 -0.4003
vn 0.7263 0.4271 -0.5386
vn 0.4788 -0.8029 -0.3551
vn 0.7564 0.3365 -0.5610
vn 0.4133 -0.8575 -0.3065
vn 0.7792 0.2427 -0.5779
vn 0.0395 0.9988 -0.0293
vn 0.2086 -0.9700 -0.1251
vn 0.8567 -0.0490 -0.5135
vn 0.2893 0.9414 -0.1734
vn 0.1260 -0.9892 -0.0755
vn 0.8485 -0.1466 -0.5086
vn 0.3671 0.9038 -0.2200
vn 0.0421 -0.9988 -0.0253
vn 0.8321 -0.2427 -0.4987
vn 0.4414 0.8575 -0.2645
vn 0.8077 -0.3365 -0.4841
vn 0.5113 0.8029 -0.3065
vn 0.7755 -0.4271 -0.4648
vn 0.5764 0.7405 -0.3455
vn 0.7359 -0.5136 -0.4411
vn 0.6359 0.6711 -0.3811
vn 0.6892 -0.5952 -0.4131
vn 0.6892 0.5952 -0.4131
vn 0.6359 -0.6711 -0.3811
vn 0.7359 0.5136 -0.4411
vn 0.5764 -0.7405 -0.3455
vn 0.7755 0.4271 -0.4648
vn 0.5113 -0.8029 -0.3065
vn 0.8077 0.3365 -0.4841
vn 0.4414 -0.8575 -0.2645
vn 0.8321 0.2427 -0.4987
vn 0.0421 0.9988 -0.0253
vn 0.3671 -0.9038 -0.2200
vn 0.8485 0.1466 -0.5086
vn 0.1260 0.9892 -0.0755
vn 0.2893 -0.9414 -0.1734
vn 0.8567 0.0490 -0.5135
vn 0.2086 0.9700 -0.1251
vn 0.0444 -0.9988 -0.0210
vn 0.8770 -0.2427 -0.4148
vn 0.4652 0.8575 -0.2200
vn 0.8513 -0.3365 -0.4026
vn 0.5389 0.8029 -0.2549
vn 0.8174 -0.4271 -0.3866
vn 0.6075 0.7405 -0.2873
vn 0.7756 -0.5136 -0.3668
vn 0.6702 0.6711 -0.3170
vn 0.7264 -0.5952 -0.3436
vn 0.7264 0.5952 -0.3436
vn 0.6702 -0.6711 -0.3170
vn 0.7756 0.5136 -0.3668
vn 0.6075 -0.7405 -0.2873
vn 0.8174 0.4271 -0.3866
vn 0.5389 -0.8029 -0.2549
vn 0.8513 0.3365 -0.4026
vn 0.4652 -0.8575 -0.2200
vn 0.8770 0.2427 -0.4148
vn 0.0444 0.9988 -0.0210
vn 0.3869 -0.9038 -0.1830
vn 0.8942 0.1466 -0.4229
vn 0.1328 0.9892 -0.0628
vn 0.3049 -0.9414 -0.1442
vn 0.9029 0.0490 -0.4270
vn 0.2199 0.9700 -0.1040
vn 0.2199 -0.9700 -0.1040
vn 0.9029 -0.0490 -0.4270
vn 0.3049 0.9414 -0.1442
vn 0.1328 -0.9892 -0.0628
vn 0.8942 -0.1466 -0.4229
vn 0.3869 0.9038 -0.1830
vn 0.8513 -0.4271 -0.3046
vn 0.6327 0.7405 -0.2264
vn 0.8078 -0.5136 -0.2891
vn 0.6980 0.6711 -0.2498
vn 0.7566 -0.5952 -0.2707
vn 0.7566 0.5952 -0.2707
vn 0.6980 -0.6711 -0.2498
vn 0.8078 0.5136 -0.2891
vn 0.6327 -0.7405 -0.2264
vn 0.8513 0.4271 -0.3046
vn 0.5613 -0.8029 -0.2008
vn 0.8866 0.3365 -0.3172
vn 0.4845 -0.8575 -0.1733
vn 0.9134 0.2427 -0.3268
vn 0.0462 0.9988 -0.0166
vn 0.4030 -0.9038 -0.1442
vn 0.9314 0.1466 -0.3333
vn 0.1383 0.9892 -0.0495
vn 0.3175 -0.9414 -0.1136
vn 0.9404 0.0490 -0.3365
vn 0.2290 0.9700 -0.0820
vn 0.2290 -0.9700 -0.0820
vn 0.9404 -0.0490 -0.3365
vn 0.3175 0.9414 -0.1136
vn 0.1383 -0.9892 -0.0495
vn 0.9314 -0.1466 -0.3333
vn 0.4030 0.9038 -0.1442
vn 0.0462 -0.9988 -0.0166
vn 0.9134 -0.2427 -0.3268
vn 0.4845 0.8575 -0.1733
vn 0.8866 -0.3365 -0.3172
vn 0.5613 0.8029 -0.2008
vn 0.7795 -0.5952 -0.1952
vn 0.7795 0.5952 -0.1952
vn 0.7191 -0.6711 -0.1801
vn 0.8323 0.5136 -0.2085
vn 0.6519 -0.7405 -0.1633
vn 0.8771 0.4271 -0.2197
vn 0.5783 -0.8029 -0.1449
vn 0.9135 0.3365 -0.2288
vn 0.4991 -0.8575 -0.1250
vn 0.9410 0.2427 -0.2357
vn 0.0477 0.9988 -0.0119
vn 0.4151 -0.9038 -0.1040
vn 0.9596 0.1466 -0.2404
vn 0.1425 0.9892 -0.0357
vn 0.3271 -0.9414 -0.0819
vn 0.9689 0.0490 -0.2427
vn 0.2360 0.9700 -0.0591
vn 0.2360 -0.9700 -0.0591
vn 0.9689 -0.0490 -0.2427
vn 0.3271 0.9414 -0.0819
vn 0.1425 -0.9892 -0.0357
vn 0.9596 -0.1466 -0.2404
vn 0.4151 0.9038 -0.1040
vn 0.0477 -0.9988 -0.0119
vn 0.9410 -0.2427 -0.2357
vn 0.4991 0.8575 -0.1250
vn 0.9135 -0.3365 -0.2288
vn 0.5783 0.8029 -0.1449
vn 0.8771 -0.4271 -0.2197
vn 0.6519 0.7405 -0.1633
vn 0.8323 -0.5136 -0.2085
vn 0.7191 0.6711 -0.1801
vn 0.6647 -0.7405 -0.0986
vn 0.8944 0.4271 -0.1327
vn 0.5897 -0.8029 -0.0875
vn 0.9315 0.3365 -0.1382
vn 0.5090 -0.8575 -0.0755
vn 0.9596 0.2427 -0.1423
vn 0.0486 0.9988 -0.0072
vn 0.4233 -0.9038 -0.0628
vn 0.9785 0.1466 -0.1451
vn 0.1453 0.9892 -0.0216
vn 0.3336 -0.9414 -0.0495
vn 0.9880 0.0490 -0.1466
vn 0.2406 0.9700 -0.0357
vn 0.2406 -0.9700 -0.0357
vn 0.9880 -0.0490 -0.1466
vn 0.3336 0.9414 -0.0495
vn 0.1453 -0.9892 -0.0216
vn 0.9785 -0.1466 -0.1451
vn 0.4233 0.9038 -0.0628
vn 0.0486 -0.9988 -0.0072
vn 0.9596 -0.2427 -0.1423
vn 0.5090 0.8575 -0.0755
vn 0.9315 -0.3365 -0.1382
vn 0.5897 0.8029 -0.0875
vn 0.8944 -0.4271 -0.1327
vn 0.6647 0.7405 -0.0986
vn 0.8487 -0.5136 -0.1259
vn 0.7333 0.6711 -0.1088
vn 0.7949 -0.5952 -0.1179
vn 0.7949 0.5952 -0.1179
vn 0.7333 -0.6711 -0.1088
vn 0.8487 0.5136 -0.1259
vn 0.5139 -0.8575 -0.0252
vn 0.9689 0.2427 -0.0476
vn 0.0491 0.9988 -0.0024
vn 0.4275 -0.9038 -0.0210
vn 0.9880 0.1466 -0.0485
vn 0.1467 0.9892 -0.0072
vn 0.3368 -0.9414 -0.0165
vn 0.9976 0.0490 -0.0490
vn 0.2430 0.9700 -0.0119
vn 0.2430 -0.9700 -0.0119
vn 0.9976 -0.0490 -0.0490
vn 0.3368 0.9414 -0.0165
vn 0.1467 -0.9892 -0.0072
vn 0.9880 -0.1466 -0.0485
vn 0.4275 0.9038 -0.0210
vn 0.0491 -0.9988 -0.0024
vn 0.9689 -0.2427 -0.0476
vn 0.5139 0.8575 -0.0252
vn 0.9405 -0.3365 -0.0462
vn 0.5954 0.8029 -0.0293
vn 0.9031 -0.4271 -0.0444
vn 0.6712 0.7405 -0.0330
vn 0.8570 -0.5136 -0.0421
vn 0.7405 0.6711 -0.0364
vn 0.8026 -0.5952 -0.0394
vn 0.8026 0.5952 -0.0394
vn 0.7405 -0.6711 -0.0364
vn 0.8570 0.5136 -0.0421
vn 0.6712 -0.7405 -0.0330
vn 0.9031 0.4271 -0.0444
vn 0.5954 -0.8029 -0.0293
vn 0.9405 0.3365 -0.0462
vn 0.1467 0.9892 0.0072
vn 0.3368 -0.9414 0.0165
vn 0.9976 0.0490 0.0490
vn 0.2430 0.9700 0.0119
vn 0.2430 -0.9700 0.0119
vn 0.9976 -0.0490 0.0490
vn 0.3368 0.9414 0.0165
vn 0.1467 -0.9892 0.0072
vn 0.9880 -0.1466 0.0485
vn 0.4275 0.9038 0.0210
vn 0.0491 -0.9988 0.0024
vn 0.9689 -0.2427 0.0476
vn 0.5139 0.8575 0.0252
vn 0.9405 -0.3365 0.0462
vn 0.5954 0.8029 0.0293
vn 0.9031 -0.4271 0.0444
vn 0.6712 0.7405 0.0330
vn 0.8570 -0.5136 0.0421
vn 0.7405 0.6711 0.0364
vn 0.8026 -0.5952 0.0394
vn 0.8026 0.5952 0.0394
vn 0.7405 -0.6711 0.0364
vn 0.8570 0.5136 0.0421
vn 0.6712 -0.7405 0.0330
vn 0.9031 0.4271 0.0444
vn 0.5954 -0.8029 0.0293
vn 0.9405 0.3365 0.0462
vn 0.5139 -0.8575 0.0252
vn 0.9689 0.2427 0.0476
vn 0.0491 0.9988 0.0024
vn 0.4275 -0.9038 0.0210
vn 0.9880 0.1466 0.0485
vn 0.3336 0.9414 0.0495
vn 0.1453 -0.9892 0.0216
vn 0.9785 -0.1466 0.1451
vn 0.4233 0.9038 0.0628
vn 0.0486 -0.9988 0.0072
vn 0.9596 -0.2427 0.1423
vn 0.5090 0.8575 0.0755
vn 0.9315 -0.3365 0.1382
vn 0.5897 0.8029 0.0875
vn 0.8944 -0.4271 0.1327
vn 0.6647 0.7405 0.0986
vn 0.8487 -0.5136 0.1259
vn 0.7333 0.6711 0.1088
vn 0.7949 -0.5952 0.1179
vn 0.7949 0.5952 0.1179
vn 0.7333 -0.6711 0.1088
vn 0.8487 0.5136 0.1259
vn 0.6647 -0.7405 0.0986
vn 0.8944 0.4271 0.1327
vn 0.5897 -0.8029 0.0875
vn 0.9315 0.3365 0.1382
vn 0.5090 -0.8575 0.0755
vn 0.9596 0.2427 0.1423
vn 0.0486 0.9988 0.0072
vn 0.4233 -0.9038 0.0628
vn 0.9785 0.1466 0.1451
vn 0.1453 0.9892 0.0216
vn 0.3336 -0.9414 0.0495
vn 0.9880 0.0490 0.1466
vn 0.2406 0.9700 0.0357
vn 0.2406 -0.9700 0.0357
vn 0.9880 -0.0490 0.1466
vn 0.4991 0.8575 0.1250
vn 0.9135 -0.3365 0.2288
vn 0.5783 0.8029 0.1449
vn 0.8771 -0.4271 0.2197
vn 0.6519 0.7405 0.1633
vn 0.8323 -0.5136 0.2085
vn 0.7191 0.6711 0.1801
vn 0.7795 -0.5952 0.1952
vn 0.7795 0.5952 0.1952
vn 0.7191 -0.6711 0.1801
vn 0.8323 0.5136 0.2085
vn 0.6519 -0.7405 0.1633
vn 0.8771 0.4271 0.2197
vn 0.5783 -0.8029 0.1449
vn 0.9135 0.3365 0.2288
vn 0.4991 -0.8575 0.1250
vn 0.9410 0.2427 0.2357
vn 0.0477 0.9988 0.0119
vn 0.4152 -0.9038 0.1040
vn 0.9596 0.1466 0.2404
vn 0.1425 0.9892 0.0357
vn 0.3271 -0.9414 0.0819
vn 0.9689 0.0490 0.2427
vn 0.2360 0.9700 0.0591
vn 0.2360 -0.9700 0.0591
vn 0.9689 -0.0490 0.2427
vn 0.3271 0.9414 0.0819
vn 0.1425 -0.9892 0.0357
vn 0.9596 -0.1466 0.2404
vn 0.4152 0.9038 0.1040
vn 0.0477 -0.9988 0.0119
vn 0.9410 -0.2427 0.2357
vn 0.6327 0.7405 0.2264
vn 0.8078 -0.5136 0.2891
vn 0.6980 0.6711 0.2498
vn 0.7566 -0.5952 0.2707
vn 0.7566 0.5952 0.2707
vn 0.6980 -0.6711 0.2498
vn 0.8078 0.5136 0.2891
vn 0.6327 -0.7405 0.2264
vn 0.8513 0.4271 0.3046
vn 0.5613 -0.8029 0.2008
vn 0.8866 0.3365 0.3172
vn 0.4845 -0.8575 0.1733
vn 0.9134 0.2427 0.3268
vn 0.0463 0.9988 0.0166
vn 0.4030 -0.9038 0.1442
vn 0.9314 0.1466 0.3333
vn 0.1383 0.9892 0.0495
vn 0.3175 -0.9414 0.1136
vn 0.9404 0.0490 0.3365
vn 0.2290 0.9700 0.0820
vn 0.2290 -0.9700 0.0820
vn 0.9404 -0.0490 0.3365
vn 0.3175 0.9414 0.1136
vn 0.1383 -0.9892 0.0495
vn 0.9314 -0.1466 0.3333
vn 0.4030 0.9038 0.1442
vn 0.0462 -0.9988 0.0166
vn 0.9134 -0.2427 0.3268
vn 0.4845 0.8575 0.1733
vn 0.8866 -0.3365 0.3172
vn 0.5613 0.8029 0.2008
vn 0.8513 -0.4271 0.3046
vn 0.7264 0.5952 0.3436
vn 0.6702 -0.6711 0.3170
vn 0.7756 0.5136 0.3668
vn 0.6075 -0.7405 0.2873
vn 0.8174 0.4271 0.3866
vn 0.5389 -0.8029 0.2549
vn 0.8513 0.3365 0.4026
vn 0.4652 -0.8575 0.2200
vn 0.8770 0.2427 0.4148
vn 0.0444 0.9988 0.0210
vn 0.3869 -0.9038 0.1830
vn 0.8942 0.1466 0.4229
vn 0.1328 0.9892 0.0628
vn 0.3049 -0.9414 0.1442
vn 0.9029 0.0490 0.4270
vn 0.2199 0.9700 0.1040
vn 0.2199 -0.9700 0.1040
vn 0.9029 -0.0490 0.4270
vn 0.3049 0.9414 0.1442
vn 0.1328 -0.9892 0.0628
vn 0.8942 -0.1466 0.4229
vn 0.3869 0.9038 0.1830
vn 0.0444 -0.9988 0.0210
vn 0.8770 -0.2427 0.4148
vn 0.4652 0.8575 0.2200
vn 0.8513 -0.3365 0.4026
vn 0.5389 0.8029 0.2549
vn 0.8174 -0.4271 0.3866
vn 0.6075 0.7405 0.2873
vn 0.7756 -0.5136 0.3668
vn 0.6702 0.6711 0.3170
vn 0.7264 -0.5952 0.3436
vn 0.7755 0.4271 0.4648
vn 0.5113 -0.8029 0.3065
vn 0.8077 0.3365 0.4841
vn 0.4413 -0.8575 0.2645
vn 0.8321 0.2427 0.4987
vn 0.0421 0.9988 0.0253
vn 0.3671 -0.9038 0.2200
vn 0.8485 0.1466 0.5086
vn 0.1260 0.9892 0.0755
vn 0.2893 -0.9414 0.1734
vn 0.8567 0.0490 0.5135
vn 0.2086 0.9700 0.1251
vn 0.2086 -0.9700 0.1251
vn 0.8567 -0.0490 0.5135
vn 0.2893 0.9414 0.1734
vn 0.1260 -0.9892 0.0755
vn 0.8485 -0.1466 0.5086
vn 0.3671 0.9038 0.2200
vn 0.0421 -0.9988 0.0253
vn 0.8321 -0.2427 0.4987
vn 0.4413 0.8575 0.2645
vn 0.8077 -0.3365 0.4841
vn 0.5113 0.8029 0.3065
vn 0.7755 -0.4271 0.4648
vn 0.5764 0.7405 0.3455
vn 0.7359 -0.5136 0.4411
vn 0.6359 0.6711 0.3811
vn 0.6892 -0.5952 0.4131
vn 0.6892 0.5952 0.4131
vn 0.6359 -0.6711 0.3811
vn 0.7359 0.5136 0.4411
vn 0.5764 -0.7405 0.3455
vn 0.7792 0.2427 0.5779
vn 0.0395 0.9988 0.0293
vn 0.3438 -0.9038 0.2549
vn 0.7945 0.1466 0.5893
vn 0.1180 0.9892 0.0875
vn 0.2709 -0.9414 0.2009
vn 0.8022 0.0490 0.5950
vn 0.1954 0.9700 0.1449
vn 0.1954 -0.9700 0.1449
vn 0.8022 -0.0490 0.5950
vn 0.2709 0.9414 0.2009
vn 0.1180 -0.9892 0.0875
vn 0.7945 -0.1466 0.5893
vn 0.3438 0.9038 0.2549
vn 0.0395 -0.9988 0.0293
vn 0.7792 -0.2427 0.5779
vn 0.4133 0.8575 0.3065
vn 0.7564 -0.3365 0.5610
vn 0.4788 0.8029 0.3551
vn 0.7263 -0.4271 0.5386
vn 0.5398 0.7405 0.4003
vn 0.6892 -0.5136 0.5111
vn 0.5955 0.6711 0.4416
vn 0.6454 -0.5952 0.4787
vn 0.6454 0.5952 0.4787
vn 0.5955 -0.6711 0.4416
vn 0.6892 0.5136 0.5111
vn 0.5398 -0.7405 0.4003
vn 0.7263 0.4271 0.5386
vn 0.4788 -0.8029 0.3551
vn 0.7564 0.3365 0.5610
vn 0.4133 -0.8575 0.3065
vn 0.7401 0.0490 0.6708
vn 0.1802 0.9700 0.1634
vn 0.1802 -0.9700 0.1634
vn 0.7401 -0.0490 0.6708
vn 0.2499 0.9414 0.2265
vn 0.1088 -0.9892 0.0987
vn 0.7330 -0.1466 0.6643
vn 0.3171 0.9038 0.2874
vn 0.0364 -0.9988 0.0330
vn 0.7188 -0.2427 0.6515
vn 0.3813 0.8575 0.3456
vn 0.6977 -0.3365 0.6324
vn 0.4417 0.8029 0.4004
vn 0.6700 -0.4271 0.6072
vn 0.4979 0.7405 0.4513
vn 0.6357 -0.5136 0.5762
vn 0.5493 0.6711 0.4979
vn 0.5954 -0.5952 0.5396
vn 0.5954 0.5952 0.5396
vn 0.5493 -0.6711 0.4979
vn 0.6357 0.5136 0.5762
vn 0.4979 -0.7405 0.4513
vn 0.6700 0.4271 0.6072
vn 0.4417 -0.8029 0.4004
vn 0.6977 0.3365 0.6324
vn 0.3813 -0.8575 0.3456
vn 0.7188 0.2427 0.6515
vn 0.0364 0.9988 0.0330
vn 0.3171 -0.9038 0.2874
vn 0.7330 0.1466 0.6643
vn 0.1089 0.9892 0.0987
vn 0.2499 -0.9414 0.2265
vn 0.6643 -0.1466 0.7330
vn 0.2874 0.9038 0.3171
vn 0.0330 -0.9988 0.0364
vn 0.6515 -0.2427 0.7188
vn 0.3456 0.8575 0.3813
vn 0.6324 -0.3365 0.6977
vn 0.4004 0.8029 0.4417
vn 0.6072 -0.4271 0.6700
vn 0.4513 0.7405 0.4979
vn 0.5762 -0.5136 0.6357
vn 0.4979 0.6711 0.5493
vn 0.5396 -0.5952 0.5954
vn 0.5396 0.5952 0.5954
vn 0.4979 -0.6711 0.5493
vn 0.5762 0.5136 0.6357
vn 0.4513 -0.7405 0.4979
vn 0.6072 0.4271 0.6700
vn 0.4004 -0.8029 0.4417
vn 0.6324 0.3365 0.6977
vn 0.3456 -0.8575 0.3813
vn 0.6515 0.2427 0.7188
vn 0.0330 0.9988 0.0364
vn 0.2874 -0.9038 0.3171
vn 0.6643 0.1466 0.7330
vn 0.0987 0.9892 0.1088
vn 0.2265 -0.9414 0.2499
vn 0.6708 0.0490 0.7401
vn 0.1634 0.9700 0.1802
vn 0.1634 -0.9700 0.1802
vn 0.6708 -0.0490 0.7401
vn 0.2265 0.9414 0.2499
vn 0.0987 -0.9892 0.1088
vn 0.5610 -0.3365 0.7564
vn 0.3551 0.8029 0.4788
vn 0.5386 -0.4271 0.7263
vn 0.4003 0.7405 0.5398
vn 0.5111 -0.5136 0.6892
vn 0.4416 0.6711 0.5955
vn 0.4787 -0.5952 0.6454
vn 0.4787 0.5952 0.6454
vn 0.4416 -0.6711 0.5955
vn 0.5111 0.5136 0.6892
vn 0.4003 -0.7405 0.5398
vn 0.5386 0.4271 0.7263
vn 0.3551 -0.8029 0.4788
vn 0.5610 0.3365 0.7564
vn 0.3065 -0.8575 0.4133
vn 0.5779 0.2427 0.7792
vn 0.0293 0.9988 0.0395
vn 0.2549 -0.9038 0.3438
vn 0.5893 0.1466 0.7945
vn 0.0875 0.9892 0.1180
vn 0.2009 -0.9414 0.2709
vn 0.5950 0.0490 0.8022
vn 0.1449 0.9700 0.1954
vn 0.1449 -0.9700 0.1954
vn 0.5950 -0.0490 0.8022
vn 0.2009 0.9414 0.2709
vn 0.0875 -0.9892 0.1180
vn 0.5893 -0.1466 0.7945
vn 0.2549 0.9038 0.3438
vn 0.0293 -0.9988 0.0395
vn 0.5779 -0.2427 0.7792
vn 0.3065 0.8575 0.4133
vn 0.4841 -0.3365 0.8077
vn 0.3065 0.8029 0.5113
vn 0.4648 -0.4271 0.7755
vn 0.3455 0.7405 0.5764
vn 0.4411 -0.5136 0.7359
vn 0.3811 0.6711 0.6359
vn 0.4131 -0.5952 0.6892
vn 0.4131 0.5952 0.6892
vn 0.3811 -0.6711 0.6359
vn 0.4411 0.5136 0.7359
vn 0.3455 -0.7405 0.5764
vn 0.4648 0.4271 0.7755
vn 0.3065 -0.8029 0.5113
vn 0.4841 0.3365 0.8077
vn 0.2645 -0.8575 0.4413
vn 0.4987 0.2427 0.8321
vn 0.0253 0.9988 0.0421
vn 0.2200 -0.9038 0.3671
vn 0.5086 0.1466 0.8485
vn 0.0755 0.9892 0.1260
vn 0.1734 -0.9414 0.2893
vn 0.5135 0.0490 0.8567
vn 0.1251 0.9700 0.2086
vn 0.1251 -0.9700 0.2086
vn 0.5135 -0.0490 0.8567
vn 0.1734 0.9414 0.2893
vn 0.0755 -0.9892 0.1260
vn 0.5086 -0.1466 0.8485
vn 0.2200 0.9038 0.3671
vn 0.0253 -0.9988 0.0421
vn 0.4987 -0.2427 0.8321
vn 0.2645 0.8575 0.4413
vn 0.3668 -0.5136 0.7756
vn 0.3170 0.6711 0.6702
vn 0.3436 -0.5952 0.7264
vn 0.3436 0.5952 0.7264
vn 0.3170 -0.6711 0.6702
vn 0.3668 0.5136 0.7756
vn 0.2873 -0.7405 0.6075
vn 0.3866 0.4271 0.8174
vn 0.2549 -0.8029 0.5389
vn 0.4026 0.3365 0.8513
vn 0.2200 -0.8575 0.4652
vn 0.4148 0.2427 0.8770
vn 0.0210 0.9988 0.0444
vn 0.1830 -0.9038 0.3869
vn 0.4229 0.1466 0.8942
vn 0.0628 0.9892 0.1328
vn 0.1442 -0.9414 0.3049
vn 0.4270 0.0490 0.9029
vn 0.1040 0.9700 0.2199
vn 0.1040 -0.9700 0.2199
vn 0.4270 -0.0490 0.9029
vn 0.1442 0.9414 0.3049
vn 0.0628 -0.9892 0.1328
vn 0.4229 -0.1466 0.8942
vn 0.1830 0.9038 0.3869
vn 0.0210 -0.9988 0.0444
vn 0.4148 -0.2427 0.8770
vn 0.2200 0.8575 0.4652
vn 0.4026 -0.3365 0.8513
vn 0.2549 0.8029 0.5389
vn 0.3866 -0.4271 0.8174
vn 0.2873 0.7405 0.6075
vn 0.2498 -0.6711 0.6980
vn 0.2891 0.5136 0.8078
vn 0.2264 -0.7405 0.6327
vn 0.3046 0.4271 0.8513
vn 0.2008 -0.8029 0.5613
vn 0.3172 0.3365 0.8866
vn 0.1733 -0.8575 0.4845
vn 0.3268 0.2427 0.9134
vn 0.0165 0.9988 0.0463
vn 0.1442 -0.9038 0.4030
vn 0.3333 0.1466 0.9314
vn 0.0495 0.9892 0.1383
vn 0.1136 -0.9414 0.3175
vn 0.3365 0.0490 0.9404
vn 0.0819 0.9700 0.2290
vn 0.0819 -0.9700 0.2290
vn 0.3365 -0.0490 0.9404
vn 0.1136 0.9414 0.3175
vn 0.0495 -0.9892 0.1383
vn 0.3333 -0.1466 0.9314
vn 0.1442 0.9038 0.4030
vn 0.0165 -0.9988 0.0463
vn 0.3268 -0.2427 0.9134
vn 0.1733 0.8575 0.4845
vn 0.3172 -0.3365 0.8866
vn 0.2008 0.8029 0.5613
vn 0.3046 -0.4271 0.8513
vn 0.2264 0.7405 0.6327
vn 0.2891 -0.5136 0.8078
vn 0.2498 0.6711 0.6980
vn 0.2707 -0.5952 0.7566
vn 0.2707 0.5952 0.7566
vn 0.1449 -0.8029 0.5783
vn 0.2288 0.3365 0.9135
vn 0.1250 -0.8575 0.4991
vn 0.2357 0.2427 0.9410
vn 0.0119 0.9988 0.0477
vn 0.1040 -0.9038 0.4152
vn 0.2404 0.1466 0.9596
vn 0.0357 0.9892 0.1425
vn 0.0819 -0.9414 0.3271
vn 0.2427 0.0490 0.9689
vn 0.0591 0.9700 0.2360
vn 0.0591 -0.9700 0.2360
vn 0.2427 -0.0490 0.9689
vn 0.0819 0.9414 0.3271
vn 0.0357 -0.9892 0.1425
vn 0.2404 -0.1466 0.9596
vn 0.1040 0.9038 0.4152
vn 0.0119 -0.9988 0.0477
vn 0.2357 -0.2427 0.9410
vn 0.1250 0.8575 0.4991
vn 0.2288 -0.3365 0.9135
vn 0.1449 0.8029 0.5783
vn 0.2197 -0.4271 0.8771
vn 0.1633 0.7405 0.6519
vn 0.2085 -0.5136 0.8323
vn 0.1801 0.6711 0.7191
vn 0.1952 -0.5952 0.7795
vn 0.1952 0.5952 0.7795
vn 0.1801 -0.6711 0.7191
vn 0.2085 0.5136 0.8323
vn 0.1633 -0.7405 0.6519
vn 0.2197 0.4271 0.8771
vn 0.0628 -0.9038 0.4233
vn 0.1451 0.1466 0.9785
vn 0.0216 0.9892 0.1453
vn 0.0495 -0.9414 0.3336
vn 0.1466 0.0490 0.9880
vn 0.0357 0.9700 0.2406
vn 0.0357 -0.9700 0.2406
vn 0.1466 -0.0490 0.9880
vn 0.0495 0.9414 0.3336
vn 0.0216 -0.9892 0.1453
vn 0.1451 -0.1466 0.9785
vn 0.0628 0.9038 0.4233
vn 0.0072 -0.9988 0.0486
vn 0.1423 -0.2427 0.9596
vn 0.0755 0.8575 0.5090
vn 0.1382 -0.3365 0.9315
vn 0.0875 0.8029 0.5897
vn 0.1327 -0.4271 0.8944
vn 0.0986 0.7405 0.6647
vn 0.1259 -0.5136 0.8487
vn 0.1088 0.6711 0.7333
vn 0.1179 -0.5952 0.7949
vn 0.1179 0.5952 0.7949
vn 0.1088 -0.6711 0.7333
vn 0.1259 0.5136 0.8487
vn 0.0986 -0.7405 0.6647
vn 0.1327 0.4271 0.8944
vn 0.0875 -0.8029 0.5897
vn 0.1382 0.3365 0.9315
vn 0.0755 -0.8575 0.5090
vn 0.1423 0.2427 0.9596
vn 0.0072 0.9988 0.0486
vn 0.0119 -0.9700 0.2430
vn 0.0490 -0.0490 0.9976
vn 0.0165 0.9414 0.3368
vn 0.0072 -0.9892 0.1467
vn 0.0485 -0.1466 0.9880
vn 0.0210 0.9038 0.4275
vn 0.0024 -0.9988 0.0491
vn 0.0476 -0.2427 0.9689
vn 0.0252 0.8575 0.5139
vn 0.0462 -0.3365 0.9405
vn 0.0293 0.8029 0.5954
vn 0.0444 -0.4271 0.9031
vn 0.0330 0.7405 0.6712
vn 0.0421 -0.5136 0.8570
vn 0.0364 0.6711 0.7405
vn 0.0394 -0.5952 0.8026
vn 0.0394 0.5952 0.8026
vn 0.0364 -0.6711 0.7405
vn 0.0421 0.5136 0.8570
vn 0.0330 -0.7405 0.6712
vn 0.0444 0.4271 0.9031
vn 0.0293 -0.8029 0.5954
vn 0.0462 0.3365 0.9405
vn 0.0252 -0.8575 0.5139
vn 0.0476 0.2427 0.9689
vn 0.0024 0.9988 0.0491
vn 0.0210 -0.9038 0.4275
vn 0.0485 0.1466 0.9880
vn 0.0072 0.9892 0.1467
vn 0.0165 -0.9414 0.3368
vn 0.0490 0.0490 0.9976
vn 0.0119 0.9700 0.2430
vn -0.0024 -0.9988 0.0491
vn -0.0476 -0.2427 0.9689
vn -0.0252 0.8575 0.5139
vn -0.0462 -0.3365 0.9405
vn -0.0293 0.8029 0.5954
vn -0.0444 -0.4271 0.9031
vn -0.0330 0.7405 0.6712
vn -0.0421 -0.5136 0.8570
vn -0.0364 0.6711 0.7405
vn -0.0394 -0.5952 0.8026
vn -0.0394 0.5952 0.8026
vn -0.0364 -0.6711 0.7405
vn -0.0421 0.5136 0.8570
vn -0.0330 -0.7405 0.6712
vn -0.0444 0.4271 0.9031
vn -0.0293 -0.8029 0.5954
vn -0.0462 0.3365 0.9405
vn -0.0252 -0.8575 0.5139
vn -0.0476 0.2427 0.9689
vn -0.0024 0.9988 0.0491
vn -0.0210 -0.9038 0.4275
vn -0.0485 0.1466 0.9880
vn -0.0072 0.9892 0.1467
vn -0.0165 -0.9414 0.3368
vn -0.0490 0.0490 0.9976
vn -0.0119 0.9700 0.2430
vn -0.0119 -0.9700 0.2430
vn -0.0490 -0.0490 0.9976
vn -0.0165 0.9414 0.3368
vn -0.0072 -0.9892 0.1467
vn -0.0485 -0.1466 0.9880
vn -0.0210 0.9038 0.4275
vn -0.1327 -0.4271 0.8944
vn -0.0986 0.7405 0.6647
vn -0.1259 -0.5136 0.8487
vn -0.1088 0.6711 0.7333
vn -0.1179 -0.5952 0.7949
vn -0.1179 0.5952 0.7949
vn -0.1088 -0.6711 0.7333
vn -0.1259 0.5136 0.8487
vn -0.0986 -0.7405 0.6647
vn -0.1327 0.4271 0.8944
vn -0.0875 -0.8029 0.5897
vn -0.1382 0.3365 0.9315
vn -0.0755 -0.8575 0.5090
vn -0.1423 0.2427 0.9596
vn -0.0072 0.9988 0.0486
vn -0.0628 -0.9038 0.4233
vn -0.1451 0.1466 0.9785
vn -0.0216 0.9892 0.1453
vn -0.0495 -0.9414 0.3336
vn -0.1466 0.0490 0.9880
vn -0.0357 0.9700 0.2406
vn -0.0357 -0.9700 0.2406
vn -0.1466 -0.0490 0.9880
vn -0.0495 0.9414 0.3336
vn -0.0216 -0.9892 0.1453
vn -0.1451 -0.1466 0.9785
vn -0.0628 0.9038 0.4233
vn -0.0072 -0.9988 0.0486
vn -0.1423 -0.2427 0.9596
vn -0.0755 0.8575 0.5090
vn -0.1382 -0.3365 0.9315
vn -0.0875 0.8029 0.5897
vn -0.1952 -0.5952 0.7795
vn -0.1952 0.5952 0.7795
vn -0.1801 -0.6711 0.7191
vn -0.2085 0.5136 0.8323
vn -0.1633 -0.7405 0.6519
vn -0.2197 0.4271 0.8771
vn -0.1449 -0.8029 0.5783
vn -0.2288 0.3365 0.9135
vn -0.1250 -0.8575 0.4991
vn -0.2357 0.2427 0.9410
vn -0.0119 0.9988 0.0477
vn -0.1040 -0.9038 0.4152
vn -0.2404 0.1466 0.9596
vn -0.0357 0.9892 0.1425
vn -0.0819 -0.9414 0.3271
vn -0.2427 0.0490 0.9689
vn -0.0591 0.9700 0.2360
vn -0.0591 -0.9700 0.2360
vn -0.2427 -0.0490 0.9689
vn -0.0819 0.9414 0.3271
vn -0.0357 -0.9892 0.1425
vn -0.2404 -0.1466 0.9596
vn -0.1040 0.9038 0.4152
vn -0.0119 -0.9988 0.0477
vn -0.2357 -0.2427 0.9410
vn -0.1250 0.8575 0.4991
vn -0.2288 -0.3365 0.9135
vn -0.1449 0.8029 0.5783
vn -0.2197 -0.4271 0.8771
vn -0.1633 0.7405 0.6519
vn -0.2085 -0.5136 0.8323
vn -0.1801 0.6711 0.7191
vn -0.2264 -0.7405 0.6327
vn -0.3046 0.4271 0.8513
vn -0.2008 -0.8029 0.5613
vn -0.3172 0.3365 0.8866
vn -0.1733 -0.8575 0.4845
vn -0.3268 0.2427 0.9134
vn -0.0165 0.9988 0.0463
vn -0.1442 -0.9038 0.4030
vn -0.3333 0.1466 0.9314
vn -0.0495 0.9892 0.1383
vn -0.1136 -0.9414 0.3175
vn -0.3365 0.0490 0.9404
vn -0.0819 0.9700 0.2290
vn -0.0819 -0.9700 0.2290
vn -0.3365 -0.0490 0.9404
vn -0.1136 0.9414 0.3175
vn -0.0495 -0.9892 0.1383
vn -0.3333 -0.1466 0.9314
vn -0.1442 0.9038 0.4030
vn -0.0165 -0.9988 0.0463
vn -0.3268 -0.2427 0.9134
vn -0.1733 0.8575 0.4845
vn -0.3172 -0.3365 0.8866
vn -0.2008 0.8029 0.5613
vn -0.3046 -0.4271 0.8513
vn -0.2264 0.7405 0.6327
vn -0.2891 -0.5136 0.8078
vn -0.2498 0.6711 0.6980
vn -0.2707 -0.5952 0.7566
vn -0.2707 0.5952 0.7566
vn -0.2498 -0.6711 0.6980
vn -0.2891 0.5136 0.8078
vn -0.2200 -0.8575 0.4652
vn -0.4148 0.2427 0.8770
vn -0.0210 0.9988 0.0444
vn -0.1830 -0.9038 0.3869
vn -0.4229 0.1466 0.8942
vn -0.0628 0.9892 0.1328
vn -0.1442 -0.9414 0.3049
vn -0.4270 0.0490 0.9029
vn -0.1040 0.9700 0.2199
vn -0.1040 -0.9700 0.2199
vn -0.4270 -0.0490 0.9029
vn -0.1442 0.9414 0.3049
vn -0.0628 -0.9892 0.1328
vn -0.4229 -0.1466 0.8942
vn -0.1830 0.9038 0.3869
vn -0.0210 -0.9988 0.0444
vn -0.4148 -0.2427 0.8770
vn -0.2200 0.8575 0.4652
vn -0.4026 -0.3365 0.8513
vn -0.2549 0.8029 0.5389
vn -0.3866 -0.4271 0.8174
vn -0.2873 0.7405 0.6075
vn -0.3668 -0.5136 0.7756
vn -0.3170 0.6711 0.6702
vn -0.3436 -0.5952 0.7264
vn -0.3436 0.5952 0.7264
vn -0.3170 -0.6711 0.6702
vn -0.3668 0.5136 0.7756
vn -0.2873 -0.7405 0.6075
vn -0.3866 0.4271 0.8174
vn -0.2549 -0.8029 0.5389
vn -0.4026 0.3365 0.8513
vn -0.0755 0.9892 0.1260
vn -0.1734 -0.9414 0.2893
vn -0.5135 0.0490 0.8567
vn -0.1251 0.9700 0.2086
vn -0.1251 -0.9700 0.2086
vn -0.5135 -0.0490 0.8567
vn -0.1734 0.9414 0.2893
vn -0.0755 -0.9892 0.1260
vn -0.5086 -0.1466 0.8485
vn -0.2200 0.9038 0.3671
vn -0.0253 -0.9988 0.0421
vn -0.4987 -0.2427 0.8321
vn -0.2645 0.8575 0.4413
vn -0.4841 -0.3365 0.8077
vn -0.3065 0.8029 0.5113
vn -0.4648 -0.4271 0.7755
vn -0.3455 0.7405 0.5764
vn -0.4411 -0.5136 0.7359
vn -0.3811 0.6711 0.6359
vn -0.4131 -0.5952 0.6892
vn -0.4131 0.5952 0.6892
vn -0.3811 -0.6711 0.6359
vn -0.4411 0.5136 0.7359
vn -0.3455 -0.7405 0.5764
vn -0.4648 0.4271 0.7755
vn -0.3065 -0.8029 0.5113
vn -0.4841 0.3365 0.8077
vn -0.2645 -0.8575 0.4413
vn -0.4987 0.2427 0.8321
vn -0.0253 0.9988 0.0421
vn -0.2200 -0.9038 0.3671
vn -0.5086 0.1466 0.8485
vn -0.2009 0.9414 0.2709
vn -0.0875 -0.9892 0.1180
vn -0.5893 -0.1466 0.7945
vn -0.2549 0.9038 0.3438
vn -0.0293 -0.9988 0.0395
vn -0.5779 -0.2427 0.7792
vn -0.3065 0.8575 0.4133
vn -0.5610 -0.3365 0.7564
vn -0.3551 0.8029 0.4788
vn -0.5386 -0.4271 0.7263
vn -0.4003 0.7405 0.5398
vn -0.5111 -0.5136 0.6892
vn -0.4416 0.6711 0.5955
vn -0.4787 -0.5952 0.6454
vn -0.4787 0.5952 0.6454
vn -0.4416 -0.6711 0.5955
vn -0.5111 0.5136 0.6892
vn -0.4003 -0.7405 0.5398
vn -0.5386 0.4271 0.7263
vn -0.3551 -0.8029 0.4788
vn -0.5610 0.3365 0.7564
vn -0.3065 -0.8575 0.4133
vn -0.5779 0.2427 0.7792
vn -0.0293 0.9988 0.0395
vn -0.2549 -0.9038 0.3438
vn -0.5893 0.1466 0.7945
vn -0.0875 0.9892 0.1180
vn -0.2009 -0.9414 0.2709
vn -0.5950 0.0490 0.8022
vn -0.1449 0.9700 0.1954
vn -0.1449 -0.9700 0.1954
vn -0.5950 -0.0490 0.8022
vn -0.3456 0.8575 0.3813
vn -0.6324 -0.3365 0.6977
vn -0.4004 0.8029 0.4417
vn -0.6072 -0.4271 0.6700
vn -0.4513 0.7405 0.4979
vn -0.5762 -0.5136 0.6357
vn -0.4979 0.6711 0.5493
vn -0.5396 -0.5952 0.5954
vn -0.5396 0.5952 0.5954
vn -0.4979 -0.6711 0.5493
vn -0.5762 0.5136 0.6357
vn -0.4513 -0.7405 0.4979
vn -0.6072 0.4271 0.6700
vn -0.4004 -0.8029 0.4417
vn -0.6324 0.3365 0.6977
vn -0.3456 -0.8575 0.3813
vn -0.6515 0.2427 0.7188
vn -0.0330 0.9988 0.0364
vn -0.2874 -0.9038 0.3171
vn -0.6643 0.1466 0.7330
vn -0.0987 0.9892 0.1088
vn -0.2265 -0.9414 0.2499
vn -0.6708 0.0490 0.7401
vn -0.1634 0.9700 0.1802
vn -0.1634 -0.9700 0.1802
vn -0.6708 -0.0490 0.7401
vn -0.2265 0.9414 0.2499
vn -0.0987 -0.9892 0.1088
vn -0.6643 -0.1466 0.7330
vn -0.2874 0.9038 0.3171
vn -0.0330 -0.9988 0.0364
vn -0.6515 -0.2427 0.7188
vn -0.4979 0.7405 0.4513
vn -0.6357 -0.5136 0.5762
vn -0.5493 0.6711 0.4979
vn -0.5954 -0.5952 0.5396
vn -0.5954 0.5952 0.5396
vn -0.5493 -0.6711 0.4979
vn -0.6357 0.5136 0.5762
vn -0.4979 -0.7405 0.4513
vn -0.6700 0.4271 0.6072
vn -0.4417 -0.8029 0.4004
vn -0.6977 0.3365 0.6324
vn -0.3813 -0.8575 0.3456
vn -0.7188 0.2427 0.6515
vn -0.0364 0.9988 0.0330
vn -0.3171 -0.9038 0.2874
vn -0.7330 0.1466 0.6643
vn -0.1088 0.9892 0.0987
vn -0.2499 -0.9414 0.2265
vn -0.7401 0.0490 0.6708
vn -0.1802 0.9700 0.1634
vn -0.1802 -0.9700 0.1634
vn -0.7401 -0.0490 0.6708
vn -0.2499 0.9414 0.2265
vn -0.1089 -0.9892 0.0987
vn -0.7330 -0.1466 0.6643
vn -0.3171 0.9038 0.2874
vn -0.0364 -0.9988 0.0330
vn -0.7188 -0.2427 0.6515
vn -0.3813 0.8575 0.3456
vn -0.6977 -0.3365 0.6324
vn -0.4417 0.8029 0.4004
vn -0.6700 -0.4271 0.6072
vn -0.6454 0.5952 0.4787
vn -0.5955 -0.6711 0.4416
vn -0.6892 0.5136 0.5111
vn -0.5398 -0.7405 0.4003
vn -0.7263 0.4271 0.5386
vn -0.4788 -0.8029 0.3551
vn -0.7564 0.3365 0.5610
vn -0.4133 -0.8575 0.3065
vn -0.7792 0.2427 0.5779
vn -0.0395 0.9988 0.0293
vn -0.3438 -0.9038 0.2549
vn -0.7945 0.1466 0.5893
vn -0.1180 0.9892 0.0875
vn -0.2709 -0.9414 0.2009
vn -0.8022 0.0490 0.5950
vn -0.1954 0.9700 0.1449
vn -0.1954 -0.9700 0.1449
vn -0.8022 -0.0490 0.5950
vn -0.2709 0.9414 0.2009
vn -0.1180 -0.9892 0.0875
vn -0.7945 -0.1466 0.5893
vn -0.3438 0.9038 0.2549
vn -0.0395 -0.9988 0.0293
vn -0.7792 -0.2427 0.5779
vn -0.4133 0.8575 0.3065
vn -0.7564 -0.3365 0.5610
vn -0.4788 0.8029 0.3551
vn -0.7263 -0.4271 0.5386
vn -0.5398 0.7405 0.4003
vn -0.6892 -0.5136 0.5111
vn -0.5955 0.6711 0.4416
vn -0.6454 -0.5952 0.4787
vn -0.7755 0.4271 0.4648
vn -0.5113 -0.8029 0.3065
vn -0.8077 0.3365 0.4841
vn -0.4413 -0.8575 0.2645
vn -0.8321 0.2427 0.4987
vn -0.0421 0.9988 0.0253
vn -0.3671 -0.9038 0.2200
vn -0.8485 0.1466 0.5086
vn -0.1260 0.9892 0.0755
vn -0.2893 -0.9414 0.1734
vn -0.8567 0.0490 0.5135
vn -0.2086 0.9700 0.1251
vn -0.2086 -0.9700 0.1251
vn -0.8567 -0.0490 0.5135
vn -0.2893 0.9414 0.1734
vn -0.1260 -0.9892 0.0755
vn -0.8485 -0.1466 0.5086
vn -0.3671 0.9038 0.2200
vn -0.0421 -0.9988 0.0253
vn -0.8321 -0.2427 0.4987
vn -0.4413 0.8575 0.2645
vn -0.8077 -0.3365 0.4841
vn -0.5113 0.8029 0.3065
vn -0.7755 -0.4271 0.4648
vn -0.5764 0.7405 0.3455
vn -0.7359 -0.5136 0.4411
vn -0.6359 0.6711 0.3811
vn -0.6892 -0.5952 0.4131
vn -0.6892 0.5952 0.4131
vn -0.6359 -0.6711 0.3811
vn -0.7359 0.5136 0.4411
vn -0.5764 -0.7405 0.3455
vn -0.8770 0.2427 0.4148
vn -0.0444 0.9988 0.0210
vn -0.3869 -0.9038 0.1830
vn -0.8942 0.1466 0.4229
vn -0.1328 0.9892 0.0628
vn -0.3049 -0.9414 0.1442
vn -0.9029 0.0490 0.4270
vn -0.2199 0.9700 0.1040
vn -0.2199 -0.9700 0.1040
vn -0.9029 -0.0490 0.4270
vn -0.3049 0.9414 0.1442
vn -0.1328 -0.9892 0.0628
vn -0.8942 -0.1466 0.4229
vn -0.3869 0.9038 0.1830
vn -0.0444 -0.9988 0.0210
vn -0.8770 -0.2427 0.4148
vn -0.4652 0.8575 0.2200
vn -0.8513 -0.3365 0.4026
vn -0.5389 0.8029 0.2549
vn -0.8174 -0.4271 0.3866
vn -0.6075 0.7405 0.2873
vn -0.7756 -0.5136 0.3668
vn -0.6702 0.6711 0.3170
vn -0.7264 -0.5952 0.3436
vn -0.7264 0.5952 0.3436
vn -0.6702 -0.6711 0.3170
vn -0.7756 0.5136 0.3668
vn -0.6075 -0.7405 0.2873
vn -0.8174 0.4271 0.3866
vn -0.5389 -0.8029 0.2549
vn -0.8513 0.3365 0.4026
vn -0.4652 -0.8575 0.2200
vn -0.9404 0.0490 0.3365
vn -0.2290 0.9700 0.0820
vn -0.2290 -0.9700 0.0820
vn -0.9404 -0.0490 0.3365
vn -0.3175 0.9414 0.1136
vn -0.1383 -0.9892 0.0495
vn -0.9314 -0.1466 0.3333
vn -0.4030 0.9038 0.1442
vn -0.0462 -0.9988 0.0166
vn -0.9134 -0.2427 0.3268
vn -0.4845 0.8575 0.1733
vn -0.8866 -0.3365 0.3172
vn -0.5613 0.8029 0.2008
vn -0.8513 -0.4271 0.3046
vn -0.6327 0.7405 0.2264
vn -0.8078 -0.5136 0.2891
vn -0.6980 0.6711 0.2498
vn -0.7566 -0.5952 0.2707
vn -0.7566 0.5952 0.2707
vn -0.6980 -0.6711 0.2498
vn -0.8078 0.5136 0.2891
vn -0.6327 -0.7405 0.2264
vn -0.8513 0.4271 0.3046
vn -0.5613 -0.8029 0.2008
vn -0.8866 0.3365 0.3172
vn -0.4845 -0.8575 0.1733
vn -0.9134 0.2427 0.3268
vn -0.0462 0.9988 0.0166
vn -0.4030 -0.9038 0.1442
vn -0.9314 0.1466 0.3333
vn -0.1383 0.9892 0.0495
vn -0.3175 -0.9414 0.1136
vn -0.9596 -0.1466 0.2404
vn -0.4152 0.9038 0.1040
vn -0.0477 -0.9988 0.0119
vn -0.9410 -0.2427 0.2357
vn -0.4991 0.8575 0.1250
vn -0.9135 -0.3365 0.2288
vn -0.5783 0.8029 0.1449
vn -0.8771 -0.4271 0.2197
vn -0.6519 0.7405 0.1633
vn -0.8323 -0.5136 0.2085
vn -0.7191 0.6711 0.1801
vn -0.7795 -0.5952 0.1952
vn -0.7795 0.5952 0.1952
vn -0.7191 -0.6711 0.1801
vn -0.8323 0.5136 0.2085
vn -0.6519 -0.7405 0.1633
vn -0.8771 0.4271 0.2197
vn -0.5783 -0.8029 0.1449
vn -0.9135 0.3365 0.2288
vn -0.4991 -0.8575 0.1250
vn -0.9410 0.2427 0.2357
vn -0.0477 0.9988 0.0119
vn -0.4152 -0.9038 0.1040
vn -0.9596 0.1466 0.2404
vn -0.1425 0.9892 0.0357
vn -0.3271 -0.9414 0.0819
vn -0.9689 0.0490 0.2427
vn -0.2360 0.9700 0.0591
vn -0.2360 -0.9700 0.0591
vn -0.9689 -0.0490 0.2427
vn -0.3271 0.9414 0.0819
vn -0.1425 -0.9892 0.0357
vn -0.9315 -0.3365 0.1382
vn -0.5897 0.8029 0.0875
vn -0.8944 -0.4271 0.1327
vn -0.6647 0.7405 0.0986
vn -0.8487 -0.5136 0.1259
vn -0.7333 0.6711 0.1088
vn -0.7949 -0.5952 0.1179
vn -0.7949 0.5952 0.1179
vn -0.7333 -0.6711 0.1088
vn -0.8487 0.5136 0.1259
vn -0.6647 -0.7405 0.0986
vn -0.8944 0.4271 0.1327
vn -0.5897 -0.8029 0.0875
vn -0.9315 0.3365 0.1382
vn -0.5090 -0.8575 0.0755
vn -0.9596 0.2427 0.1423
vn -0.0486 0.9988 0.0072
vn -0.4233 -0.9038 0.0628
vn -0.9785 0.1466 0.1451
vn -0.1453 0.9892 0.0216
vn -0.3336 -0.9414 0.0495
vn -0.9880 0.0490 0.1466
vn -0.2406 0.9700 0.0357
vn -0.2406 -0.9700 0.0357
vn -0.9880 -0.0490 0.1466
vn -0.3336 0.9414 0.0495
vn -0.1453 -0.9892 0.0216
vn -0.9785 -0.1466 0.1451
vn -0.4233 0.9038 0.0628
vn -0.0486 -0.9988 0.0072
vn -0.9596 -0.2427 0.1423
vn -0.5090 0.8575 0.0755
vn -0.8570 -0.5136 0.0421
vn -0.7405 0.6711 0.0364
vn -0.8026 -0.5952 0.0394
vn -0.8026 0.5952 0.0394
vn -0.7405 -0.6711 0.0364
vn -0.8570 0.5136 0.0421
vn -0.6712 -0.7405 0.0330
vn -0.9031 0.4271 0.0444
vn -0.5954 -0.8029 0.0293
vn -0.9405 0.3365 0.0462
vn -0.5139 -0.8575 0.0252
vn -0.9689 0.2427 0.0476
vn -0.0491 0.9988 0.0024
vn -0.4275 -0.9038 0.0210
vn -0.9880 0.1466 0.0485
vn -0.1467 0.9892 0.0072
vn -0.3368 -0.9414 0.0165
vn -0.9976 0.0490 0.0490
vn -0.2430 0.9700 0.0119
vn -0.2430 -0.9700 0.0119
vn -0.9976 -0.0490 0.0490
vn -0.3368 0.9414 0.0165
vn -0.1467 -0.9892 0.0072
vn -0.9880 -0.1466 0.0485
vn -0.4275 0.9038 0.0210
vn -0.0491 -0.9988 0.0024
vn -0.9689 -0.2427 0.0476
vn -0.5139 0.8575 0.0252
vn -0.9405 -0.3365 0.0462
vn -0.5954 0.8029 0.0293
vn -0.9031 -0.4271 0.0444
vn -0.6712 0.7405 0.0330
vn -0.7405 -0.6711 -0.0364
vn -0.8570 0.5136 -0.0421
vn -0.6712 -0.7405 -0.0330
vn -0.9031 0.4271 -0.0444
vn -0.5954 -0.8029 -0.0293
vn -0.9405 0.3365 -0.0462
vn -0.5139 -0.8575 -0.0252
vn -0.9689 0.2427 -0.0476
vn -0.0491 0.9988 -0.0024
vn -0.4275 -0.9038 -0.0210
vn -0.9880 0.1466 -0.0485
vn -0.1467 0.9892 -0.0072
vn -0.3368 -0.9414 -0.0165
vn -0.9976 0.0490 -0.0490
vn -0.2430 0.9700 -0.0119
vn -0.2430 -0.9700 -0.0119
vn -0.9976 -0.0490 -0.0490
vn -0.3368 0.9414 -0.0165
vn -0.1467 -0.9892 -0.0072
vn -0.9880 -0.1466 -0.0485
vn -0.4275 0.9038 -0.0210
vn -0.0491 -0.9988 -0.0024
vn -0.9689 -0.2427 -0.0476
vn -0.5139 0.8575 -0.0252
vn -0.9405 -0.3365 -0.0462
vn -0.5954 0.8029 -0.0293
vn -0.9031 -0.4271 -0.0444
vn -0.6712 0.7405 -0.0330
vn -0.8570 -0.5136 -0.0421
vn -0.7405 0.6711 -0.0364
vn -0.8026 -0.5952 -0.0394
vn -0.8026 0.5952 -0.0394
vn -0.5897 -0.8029 -0.0875
vn -0.9315 0.3365 -0.1382
vn -0.5090 -0.8575 -0.0755
vn -0.9596 0.2427 -0.1423
vn -0.0486 0.9988 -0.0072
vn -0.4233 -0.9038 -0.0628
vn -0.9785 0.1466 -0.1451
vn -0.1453 0.9892 -0.0216
vn -0.3336 -0.9414 -0.0495
vn -0.9880 0.0490 -0.1466
vn -0.2406 0.9700 -0.0357
vn -0.2406 -0.9700 -0.0357
vn -0.9880 -0.0490 -0.1466
vn -0.3336 0.9414 -0.0495
vn -0.1453 -0.9892 -0.0216
vn -0.9785 -0.1466 -0.1451
vn -0.4233 0.9038 -0.0628
vn -0.0486 -0.9988 -0.0072
vn -0.9596 -0.2427 -0.1423
vn -0.5090 0.8575 -0.0755
vn -0.9315 -0.3365 -0.1382
vn -0.5897 0.8029 -0.0875
vn -0.8944 -0.4271 -0.1327
vn -0.6647 0.7405 -0.0986
vn -0.8487 -0.5136 -0.1259
vn -0.7333 0.6711 -0.1088
vn -0.7949 -0.5952 -0.1179
vn -0.7949 0.5952 -0.1179
vn -0.7333 -0.6711 -0.1088
vn -0.8487 0.5136 -0.1259
vn -0.6647 -0.7405 -0.0986
vn -0.8944 0.4271 -0.1327
vn -0.0477 0.9988 -0.0119
vn -0.4152 -0.9038 -0.1040
vn -0.9596 0.1466 -0.2404
vn -0.1425 0.9892 -0.0357
vn -0.3271 -0.9414 -0.0819
vn -0.9689 0.0490 -0.2427
vn -0.2360 0.9700 -0.0591
vn -0.2360 -0.9700 -0.0591
vn -0.9689 -0.0490 -0.2427
vn -0.3271 0.9414 -0.0819
vn -0.1425 -0.9892 -0.0357
vn -0.9596 -0.1466 -0.2404
vn -0.4152 0.9038 -0.1040
vn -0.0477 -0.9988 -0.0119
vn -0.9410 -0.2427 -0.2357
vn -0.4991 0.8575 -0.1250
vn -0.9135 -0.3365 -0.2288
vn -0.5783 0.8029 -0.1449
vn -0.8771 -0.4271 -0.2197
vn -0.6519 0.7405 -0.1633
vn -0.8323 -0.5136 -0.2085
vn -0.7191 0.6711 -0.1801
vn -0.7795 -0.5952 -0.1952
vn -0.7795 0.5952 -0.1952
vn -0.7191 -0.6711 -0.1801
vn -0.8323 0.5136 -0.2085
vn -0.6519 -0.7405 -0.1633
vn -0.8771 0.4271 -0.2197
vn -0.5783 -0.8029 -0.1449
vn -0.9135 0.3365 -0.2288
vn -0.4991 -0.8575 -0.1250
vn -0.9410 0.2427 -0.2357
vn -0.9314 0.1466 -0.3333
vn -0.1383 0.9892 -0.0495
vn -0.3175 -0.9414 -0.1136
vn -0.9404 0.0490 -0.3365
vn -0.2290 0.9700 -0.0820
vn -0.2290 -0.9700 -0.0820
vn -0.9404 -0.0490 -0.3365
vn -0.3175 0.9414 -0.1136
vn -0.1383 -0.9892 -0.0495
vn -0.9314 -0.1466 -0.3333
vn -0.4030 0.9038 -0.1442
vn -0.0462 -0.9988 -0.0166
vn -0.9134 -0.2427 -0.3268
vn -0.4845 0.8575 -0.1733
vn -0.8866 -0.3365 -0.3172
vn -0.5613 0.8029 -0.2008
vn -0.8513 -0.4271 -0.3046
vn -0.6327 0.7405 -0.2264
vn -0.8078 -0.5136 -0.2891
vn -0.6980 0.6711 -0.2498
vn -0.7566 -0.5952 -0.2707
vn -0.7566 0.5952 -0.2707
vn -0.6980 -0.6711 -0.2498
vn -0.8078 0.5136 -0.2891
vn -0.6327 -0.7405 -0.2264
vn -0.8513 0.4271 -0.3046
vn -0.5613 -0.8029 -0.2008
vn -0.8866 0.3365 -0.3172
vn -0.4845 -0.8575 -0.1733
vn -0.9134 0.2427 -0.3268
vn -0.0463 0.9988 -0.0166
vn -0.4030 -0.9038 -0.1442
vn -0.9029 -0.0490 -0.4270
vn -0.3049 0.9414 -0.1442
vn -0.1328 -0.9892 -0.0628
vn -0.8942 -0.1466 -0.4229
vn -0.3869 0.9038 -0.1830
vn -0.0444 -0.9988 -0.0210
vn -0.8770 -0.2427 -0.4148
vn -0.4652 0.8575 -0.2200
vn -0.8513 -0.3365 -0.4026
vn -0.5389 0.8029 -0.2549
vn -0.8174 -0.4271 -0.3866
vn -0.6075 0.7405 -0.2873
vn -0.7756 -0.5136 -0.3668
vn -0.6702 0.6711 -0.3170
vn -0.7264 -0.5952 -0.3436
vn -0.7264 0.5952 -0.3436
vn -0.6702 -0.6711 -0.3170
vn -0.7756 0.5136 -0.3668
vn -0.6075 -0.7405 -0.2873
vn -0.8174 0.4271 -0.3866
vn -0.5389 -0.8029 -0.2549
vn -0.8513 0.3365 -0.4026
vn -0.4652 -0.8575 -0.2200
vn -0.8770 0.2427 -0.4148
vn -0.0444 0.9988 -0.0210
vn -0.3869 -0.9038 -0.1830
vn -0.8942 0.1466 -0.4229
vn -0.1328 0.9892 -0.0628
vn -0.3049 -0.9414 -0.1442
vn -0.9029 0.0490 -0.4270
vn -0.2199 0.9700 -0.1040
vn -0.2199 -0.9700 -0.1040
vn -0.8321 -0.2427 -0.4987
vn -0.4413 0.8575 -0.2645
vn -0.8077 -0.3365 -0.4841
vn -0.5113 0.8029 -0.3065
vn -0.7755 -0.4271 -0.4648
vn -0.5764 0.7405 -0.3455
vn -0.7359 -0.5136 -0.4411
vn -0.6359 0.6711 -0.3811
vn -0.6892 -0.5952 -0.4131
vn -0.6892 0.5952 -0.4131
vn -0.6359 -0.6711 -0.3811
vn -0.7359 0.5136 -0.4411
vn -0.5764 -0.7405 -0.3455
vn -0.7755 0.4271 -0.4648
vn -0.5113 -0.8029 -0.3065
vn -0.8077 0.3365 -0.4841
vn -0.4413 -0.8575 -0.2645
vn -0.8321 0.2427 -0.4987
vn -0.0421 0.9988 -0.0253
vn -0.3671 -0.9038 -0.2200
vn -0.8485 0.1466 -0.5086
vn -0.1260 0.9892 -0.0755
vn -0.2893 -0.9414 -0.1734
vn -0.8567 0.0490 -0.5135
vn -0.2086 0.9700 -0.1251
vn -0.2086 -0.9700 -0.1251
vn -0.8567 -0.0490 -0.5135
vn -0.2893 0.9414 -0.1734
vn -0.1260 -0.9892 -0.0755
vn -0.8485 -0.1466 -0.5086
vn -0.3671 0.9038 -0.2200
vn -0.0421 -0.9988 -0.0253
vn -0.7263 -0.4271 -0.5386
vn -0.5398 0.7405 -0.4003
vn -0.6892 -0.5136 -0.5111
vn -0.5955 0.6711 -0.4416
vn -0.6454 -0.5952 -0.4787
vn -0.6454 0.5952 -0.4787
vn -0.5955 -0.6711 -0.4416
vn -0.6892 0.5136 -0.5111
vn -0.5398 -0.7405 -0.4003
vn -0.7263 0.4271 -0.5386
vn -0.4788 -0.8029 -0.3551
vn -0.7564 0.3365 -0.5610
vn -0.4133 -0.8575 -0.3065
vn -0.7792 0.2427 -0.5779
vn -0.0395 0.9988 -0.0293
vn -0.3438 -0.9038 -0.2549
vn -0.7945 0.1466 -0.5893
vn -0.1180 0.9892 -0.0875
vn -0.2709 -0.9414 -0.2009
vn -0.8022 0.0490 -0.5950
vn -0.1954 0.9700 -0.1449
vn -0.1954 -0.9700 -0.1449
vn -0.8022 -0.0490 -0.5950
vn -0.2709 0.9414 -0.2009
vn -0.1180 -0.9892 -0.0875
vn -0.7945 -0.1466 -0.5893
vn -0.3438 0.9038 -0.2549
vn -0.0395 -0.9988 -0.0293
vn -0.7792 -0.2427 -0.5779
vn -0.4133 0.8575 -0.3065
vn -0.7564 -0.3365 -0.5610
vn -0.4788 0.8029 -0.3551
vn -0.5954 -0.5952 -0.5396
vn -0.5954 0.5952 -0.5396
vn -0.5493 -0.6711 -0.4979
vn -0.6357 0.5136 -0.5762
vn -0.4979 -0.7405 -0.4513
vn -0.6700 0.4271 -0.6072
vn -0.4417 -0.8029 -0.4004
vn -0.6977 0.3365 -0.6324
vn -0.3813 -0.8575 -0.3456
vn -0.7188 0.2427 -0.6515
vn -0.0364 0.9988 -0.0330
vn -0.3171 -0.9038 -0.2874
vn -0.7330 0.1466 -0.6643
vn -0.1088 0.9892 -0.0987
vn -0.2499 -0.9414 -0.2265
vn -0.7401 0.0490 -0.6708
vn -0.1802 0.9700 -0.1634
vn -0.1802 -0.9700 -0.1634
vn -0.7401 -0.0490 -0.6708
vn -0.2499 0.9414 -0.2265
vn -0.1088 -0.9892 -0.0987
vn -0.7330 -0.1466 -0.6643
vn -0.3171 0.9038 -0.2874
vn -0.0364 -0.9988 -0.0330
vn -0.7188 -0.2427 -0.6515
vn -0.3813 0.8575 -0.3456
vn -0.6977 -0.3365 -0.6324
vn -0.4417 0.8029 -0.4004
vn -0.6700 -0.4271 -0.6072
vn -0.4979 0.7405 -0.4513
vn -0.6357 -0.5136 -0.5762
vn -0.5493 0.6711 -0.4979
vn -0.4513 -0.7405 -0.4979
vn -0.6072 0.4271 -0.6700
vn -0.4004 -0.8029 -0.4417
vn -0.6324 0.3365 -0.6977
vn -0.3456 -0.8575 -0.3813
vn -0.6515 0.2427 -0.7188
vn -0.0330 0.9988 -0.0364
vn -0.2874 -0.9038 -0.3171
vn -0.6643 0.1466 -0.7330
vn -0.0987 0.9892 -0.1088
vn -0.2265 -0.9414 -0.2499
vn -0.6708 0.0490 -0.7401
vn -0.1634 0.9700 -0.1802
vn -0.1634 -0.9700 -0.1802
vn -0.6708 -0.0490 -0.7401
vn -0.2265 0.9414 -0.2499
vn -0.0987 -0.9892 -0.1088
vn -0.6643 -0.1466 -0.7330
vn -0.2874 0.9038 -0.3171
vn -0.0330 -0.9988 -0.0364
vn -0.6515 -0.2427 -0.7188
vn -0.3456 0.8575 -0.3813
vn -0.6324 -0.3365 -0.6977
vn -0.4004 0.8029 -0.4417
vn -0.6072 -0.4271 -0.6700
vn -0.4513 0.7405 -0.4979
vn -0.5762 -0.5136 -0.6357
vn -0.4979 0.6711 -0.5493
vn -0.5396 -0.5952 -0.5954
vn -0.5396 0.5952 -0.5954
vn -0.4979 -0.6711 -0.5493
vn -0.5762 0.5136 -0.6357
vn -0.3065 -0.8575 -0.4133
vn -0.5779 0.2427 -0.7792
vn -0.0293 0.9988 -0.0395
vn -0.2549 -0.9038 -0.3438
vn -0.5893 0.1466 -0.7945
vn -0.0875 0.9892 -0.1180
vn -0.2009 -0.9414 -0.2709
vn -0.5950 0.0490 -0.8022
vn -0.1449 0.9700 -0.1954
vn -0.1449 -0.9700 -0.1954
vn -0.5950 -0.0490 -0.8022
vn -0.2009 0.9414 -0.2709
vn -0.0875 -0.9892 -0.1180
vn -0.5893 -0.1466 -0.7945
vn -0.2549 0.9038 -0.3438
vn -0.0293 -0.9988 -0.0395
vn -0.5779 -0.2427 -0.7792
vn -0.3065 0.8575 -0.4133
vn -0.5610 -0.3365 -0.7564
vn -0.3551 0.8029 -0.4788
vn -0.5386 -0.4271 -0.7263
vn -0.4003 0.7405 -0.5398
vn -0.5111 -0.5136 -0.6892
vn -0.4416 0.6711 -0.5955
vn -0.4787 -0.5952 -0.6454
vn -0.4787 0.5952 -0.6454
vn -0.4416 -0.6711 -0.5955
vn -0.5111 0.5136 -0.6892
vn -0.4003 -0.7405 -0.5398
vn -0.5386 0.4271 -0.7263
vn -0.3551 -0.8029 -0.4788
vn -0.5610 0.3365 -0.7564
vn -0.0755 0.9892 -0.1260
vn -0.1734 -0.9414 -0.2893
vn -0.5135 0.0490 -0.8567
vn -0.1251 0.9700 -0.2086
vn -0.1251 -0.9700 -0.2086
vn -0.5135 -0.0490 -0.8567
vn -0.1734 0.9414 -0.2893
vn -0.0755 -0.9892 -0.1260
vn -0.5086 -0.1466 -0.8485
vn -0.2200 0.9038 -0.3671
vn -0.0253 -0.9988 -0.0421
vn -0.4987 -0.2427 -0.8321
vn -0.2645 0.8575 -0.4413
vn -0.4841 -0.3365 -0.8077
vn -0.3065 0.8029 -0.5113
vn -0.4648 -0.4271 -0.7755
vn -0.3455 0.7405 -0.5764
vn -0.4411 -0.5136 -0.7359
vn -0.3811 0.6711 -0.6359
vn -0.4131 -0.5952 -0.6892
vn -0.4131 0.5952 -0.6892
vn -0.3811 -0.6711 -0.6359
vn -0.4411 0.5136 -0.7359
vn -0.3455 -0.7405 -0.5764
vn -0.4648 0.4271 -0.7755
vn -0.3065 -0.8029 -0.5113
vn -0.4841 0.3365 -0.8077
vn -0.2645 -0.8575 -0.4413
vn -0.4987 0.2427 -0.8321
vn -0.0253 0.9988 -0.0421
vn -0.2200 -0.9038 -0.3671
vn -0.5086 0.1466 -0.8485
vn -0.1442 0.9414 -0.3049
vn -0.0628 -0.9892 -0.1328
vn -0.4229 -0.1466 -0.8942
vn -0.1830 0.9038 -0.3869
vn -0.0210 -0.9988 -0.0444
vn -0.4148 -0.2427 -0.8770
vn -0.2200 0.8575 -0.4652
vn -0.4026 -0.3365 -0.8513
vn -0.2549 0.8029 -0.5389
vn -0.3866 -0.4271 -0.8174
vn -0.2873 0.7405 -0.6075
vn -0.3668 -0.5136 -0.7756
vn -0.3170 0.6711 -0.6702
vn -0.3436 -0.5952 -0.7264
vn -0.3436 0.5952 -0.7264
vn -0.3170 -0.6711 -0.6702
vn -0.3668 0.5136 -0.7756
vn -0.2873 -0.7405 -0.6075
vn -0.3866 0.4271 -0.8174
vn -0.2549 -0.8029 -0.5389
vn -0.4026 0.3365 -0.8513
vn -0.2200 -0.8575 -0.4652
vn -0.4148 0.2427 -0.8770
vn -0.0210 0.9988 -0.0444
vn -0.1830 -0.9038 -0.3869
vn -0.4229 0.1466 -0.8942
vn -0.0628 0.9892 -0.1328
vn -0.1442 -0.9414 -0.3049
vn -0.4270 0.0490 -0.9029
vn -0.1040 0.9700 -0.2199
vn -0.1040 -0.9700 -0.2199
vn -0.4270 -0.0490 -0.9029
vn -0.1733 0.8575 -0.4845
vn -0.3172 -0.3365 -0.8866
vn -0.2008 0.8029 -0.5613
vn -0.3046 -0.4271 -0.8513
vn -0.2264 0.7405 -0.6327
vn -0.2891 -0.5136 -0.8078
vn -0.2498 0.6711 -0.6980
vn -0.2707 -0.5952 -0.7566
vn -0.2707 0.5952 -0.7566
vn -0.2498 -0.6711 -0.6980
vn -0.2891 0.5136 -0.8078
vn -0.2264 -0.7405 -0.6327
vn -0.3046 0.4271 -0.8513
vn -0.2008 -0.8029 -0.5613
vn -0.3172 0.3365 -0.8866
vn -0.1733 -0.8575 -0.4845
vn -0.3268 0.2427 -0.9134
vn -0.0165 0.9988 -0.0463
vn -0.1442 -0.9038 -0.4030
vn -0.3333 0.1466 -0.9314
vn -0.0495 0.9892 -0.1383
vn -0.1136 -0.9414 -0.3175
vn -0.3365 0.0490 -0.9404
vn -0.0819 0.9700 -0.2290
vn -0.0819 -0.9700 -0.2290
vn -0.3365 -0.0490 -0.9404
vn -0.1136 0.9414 -0.3175
vn -0.0495 -0.9892 -0.1383
vn -0.3333 -0.1466 -0.9314
vn -0.1442 0.9038 -0.4030
vn -0.0165 -0.9988 -0.0463
vn -0.3268 -0.2427 -0.9134
vn -0.1633 0.7405 -0.6519
vn -0.2085 -0.5136 -0.8323
vn -0.1801 0.6711 -0.7191
vn -0.1952 -0.5952 -0.7795
vn -0.1952 0.5952 -0.7795
vn -0.1801 -0.6711 -0.7191
vn -0.2085 0.5136 -0.8323
vn -0.1633 -0.7405 -0.6519
vn -0.2197 0.4271 -0.8771
vn -0.1449 -0.8029 -0.5783
vn -0.2288 0.3365 -0.9135
vn -0.1250 -0.8575 -0.4991
vn -0.2357 0.2427 -0.9410
vn -0.0119 0.9988 -0.0477
vn -0.1040 -0.9038 -0.4152
vn -0.2404 0.1466 -0.9596
vn -0.0357 0.9892 -0.1425
vn -0.0819 -0.9414 -0.3271
vn -0.2427 0.0490 -0.9689
vn -0.0591 0.9700 -0.2360
vn -0.0591 -0.9700 -0.2360
vn -0.2427 -0.0490 -0.9689
vn -0.0819 0.9414 -0.3271
vn -0.0357 -0.9892 -0.1425
vn -0.2404 -0.1466 -0.9596
vn -0.1040 0.9038 -0.4152
vn -0.0119 -0.9988 -0.0477
vn -0.2357 -0.2427 -0.9410
vn -0.1250 0.8575 -0.4991
vn -0.2288 -0.3365 -0.9135
vn -0.1449 0.8029 -0.5783
vn -0.2197 -0.4271 -0.8771
vn -0.1179 0.5952 -0.7949
vn -0.1088 -0.6711 -0.7333
vn -0.1259 0.5136 -0.8487
vn -0.0986 -0.7405 -0.6647
vn -0.1327 0.4271 -0.8944
vn -0.0875 -0.8029 -0.5897
vn -0.1382 0.3365 -0.9315
vn -0.0755 -0.8575 -0.5090
vn -0.1423 0.2427 -0.9596
vn -0.0072 0.9988 -0.0486
vn -0.0628 -0.9038 -0.4233
vn -0.1451 0.1466 -0.9785
vn -0.0216 0.9892 -0.1453
vn -0.0495 -0.9414 -0.3336
vn -0.1466 0.0490 -0.9880
vn -0.0357 0.9700 -0.2406
vn -0.0357 -0.9700 -0.2406
vn -0.1466 -0.0490 -0.9880
vn -0.0495 0.9414 -0.3336
vn -0.0216 -0.9892 -0.1453
vn -0.1451 -0.1466 -0.9785
vn -0.0628 0.9038 -0.4233
vn -0.0072 -0.9988 -0.0486
vn -0.1423 -0.2427 -0.9596
vn -0.0755 0.8575 -0.5090
vn -0.1382 -0.3365 -0.9315
vn -0.0875 0.8029 -0.5897
vn -0.1327 -0.4271 -0.8944
vn -0.0986 0.7405 -0.6647
vn -0.1259 -0.5136 -0.8487
vn -0.1088 0.6711 -0.7333
vn -0.1179 -0.5952 -0.7949
vn -0.0444 0.4271 -0.9031
vn -0.0293 -0.8029 -0.5954
vn -0.0462 0.3365 -0.9405
vn -0.0252 -0.8575 -0.5139
vn -0.0476 0.2427 -0.9689
vn -0.0024 0.9988 -0.0491
vn -0.0210 -0.9038 -0.4275
vn -0.0485 0.1466 -0.9880
vn -0.0072 0.9892 -0.1467
vn -0.0165 -0.9414 -0.3368
vn -0.0490 0.0490 -0.9976
vn -0.0119 0.9700 -0.2430
vn -0.0119 -0.9700 -0.2430
vn -0.0490 -0.0490 -0.9976
vn -0.0165 0.9414 -0.3368
vn -0.0072 -0.9892 -0.1467
vn -0.0485 -0.1466 -0.9880
vn -0.0210 0.9038 -0.4275
vn -0.0024 -0.9988 -0.0491
vn -0.0476 -0.2427 -0.9689
vn -0.0252 0.8575 -0.5139
vn -0.0462 -0.3365 -0.9405
vn -0.0293 0.8029 -0.5954
vn -0.0444 -0.4271 -0.9031
vn -0.0330 0.7405 -0.6712
vn -0.0421 -0.5136 -0.8570
vn -0.0364 0.6711 -0.7405
vn -0.0394 -0.5952 -0.8026
vn -0.0394 0.5952 -0.8026
vn -0.0364 -0.6711 -0.7405
vn -0.0421 0.5136 -0.8570
vn -0.0330 -0.7405 -0.6712
vt 0.750000 0.875000
vt 0.750000 0.906250
vt 0.734375 0.906250
vt 0.734375 0.875000
vt 0.750000 0.031250
vt 0.750000 0.062500
vt 0.734375 0.062500
vt 0.734375 0.031250
vt 0.750000 0.437500
vt 0.750000 0.468750
vt 0.734375 0.468750
vt 0.734375 0.437500
vt 0.750000 0.843750
vt 0.734375 0.843750
vt 0.742188 0.000000
vt 0.750000 0.406250
vt 0.734375 0.406250
vt 0.750000 0.812500
vt 0.734375 0.812500
vt 0.750000 0.375000
vt 0.734375 0.375000
vt 0.750000 0.781250
vt 0.734375 0.781250
vt 0.750000 0.343750
vt 0.734375 0.343750
vt 0.750000 0.750000
vt 0.734375 0.750000
vt 0.750000 0.312500
vt 0.734375 0.312500
vt 0.750000 0.718750
vt 0.734375 0.718750
vt 0.750000 0.281250
vt 0.734375 0.281250
vt 0.750000 0.687500
vt 0.734375 0.687500
vt 0.750000 0.250000
vt 0.734375 0.250000
vt 0.750000 0.656250
vt 0.734375 0.656250
vt 0.750000 0.218750
vt 0.734375 0.218750
vt 0.750000 0.625000
vt 0.734375 0.625000
vt 0.750000 0.187500
vt 0.734375 0.187500
vt 0.750000 0.593750
vt 0.734375 0.593750
vt 0.750000 0.156250
vt 0.734375 0.156250
vt 0.750000 0.562500
vt 0.734375 0.562500
vt 0.750000 0.968750
vt 0.742188 1.000000
vt 0.734375 0.968750
vt 0.750000 0.125000
vt 0.734375 0.125000
vt 0.750000 0.531250
vt 0.734375 0.531250
vt 0.750000 0.937500
vt 0.734375 0.937500
vt 0.750000 0.093750
vt 0.734375 0.093750
vt 0.750000 0.500000
vt 0.734375 0.500000
vt 0.718750 0.656250
vt 0.718750 0.625000
vt 0.718750 0.218750
vt 0.718750 0.187500
vt 0.718750 0.593750
vt 0.718750 0.156250
vt 0.718750 0.562500
vt 0.726562 1.000000
vt 0.718750 0.968750
vt 0.718750 0.125000
vt 0.718750 0.531250
vt 0.718750 0.937500
vt 0.718750 0.093750
vt 0.718750 0.500000
vt 0.718750 0.906250
vt 0.718750 0.062500
vt 0.718750 0.468750
vt 0.718750 0.875000
vt 0.718750 0.031250
vt 0.718750 0.437500
vt 0.718750 0.843750
vt 0.726562 0.000000
vt 0.718750 0.406250
vt 0.718750 0.812500
vt 0.718750 0.375000
vt 0.718750 0.781250
vt 0.718750 0.343750
vt 0.718750 0.750000
vt 0.718750 0.312500
vt 0.718750 0.718750
vt 0.718750 0.281250
vt 0.718750 0.687500
vt 0.718750 0.250000
vt 0.703125 0.593750
vt 0.703125 0.562500
vt 0.710938 1.000000
vt 0.703125 0.968750
vt 0.703125 0.156250
vt 0.703125 0.125000
vt 0.703125 0.531250
vt 0.703125 0.937500
vt 0.703125 0.093750
vt 0.703125 0.500000
vt 0.703125 0.906250
vt 0.703125 0.062500
vt 0.703125 0.468750
vt 0.703125 0.875000
vt 0.703125 0.031250
vt 0.703125 0.437500
vt 0.703125 0.843750
vt 0.710938 0.000000
vt 0.703125 0.406250
vt 0.703125 0.812500
vt 0.703125 0.375000
vt 0.703125 0.781250
vt 0.703125 0.343750
vt 0.703125 0.750000
vt 0.703125 0.312500
vt 0.703125 0.718750
vt 0.703125 0.281250
vt 0.703125 0.687500
vt 0.703125 0.250000
vt 0.703125 0.656250
vt 0.703125 0.218750
vt 0.703125 0.625000
vt 0.703125 0.187500
vt 0.687500 0.531250
vt 0.687500 0.500000
vt 0.687500 0.937500
vt 0.687500 0.906250
vt 0.687500 0.093750
vt 0.687500 0.062500
vt 0.687500 0.468750
vt 0.687500 0.875000
vt 0.687500 0.031250
vt 0.687500 0.437500
vt 0.687500 0.843750
vt 0.695312 0.000000
vt 0.687500 0.406250
vt 0.687500 0.812500
vt 0.687500 0.375000
vt 0.687500 0.781250
vt 0.687500 0.343750
vt 0.687500 0.750000
vt 0.687500 0.312500
vt 0.687500 0.718750
vt 0.687500 0.281250
vt 0.687500 0.687500
vt 0.687500 0.250000
vt 0.687500 0.656250
vt 0.687500 0.218750
vt 0.687500 0.625000
vt 0.687500 0.187500
vt 0.687500 0.593750
vt 0.687500 0.156250
vt 0.687500 0.562500
vt 0.695312 1.000000
vt 0.687500 0.968750
vt 0.687500 0.125000
vt 0.671875 0.468750
vt 0.671875 0.437500
vt 0.671875 0.875000
vt 0.671875 0.843750
vt 0.679688 0.000000
vt 0.671875 0.031250
vt 0.671875 0.406250
vt 0.671875 0.812500
vt 0.671875 0.375000
vt 0.671875 0.781250
vt 0.671875 0.343750
vt 0.671875 0.750000
vt 0.671875 0.312500
vt 0.671875 0.718750
vt 0.671875 0.281250
vt 0.671875 0.687500
vt 0.671875 0.250000
vt 0.671875 0.656250
vt 0.671875 0.218750
vt 0.671875 0.625000
vt 0.671875 0.187500
vt 0.671875 0.593750
vt 0.671875 0.156250
vt 0.671875 0.562500
vt 0.679688 1.000000
vt 0.671875 0.968750
vt 0.671875 0.125000
vt 0.671875 0.531250
vt 0.671875 0.937500
vt 0.671875 0.093750
vt 0.671875 0.500000
vt 0.671875 0.906250
vt 0.671875 0.062500
vt 0.656250 0.406250
vt 0.656250 0.375000
vt 0.656250 0.812500
vt 0.656250 0.781250
vt 0.656250 0.343750
vt 0.656250 0.750000
vt 0.656250 0.312500
vt 0.656250 0.718750
vt 0.656250 0.281250
vt 0.656250 0.687500
vt 0.656250 0.250000
vt 0.656250 0.656250
vt 0.656250 0.218750
vt 0.656250 0.625000
vt 0.656250 0.187500
vt 0.656250 0.593750
vt 0.656250 0.156250
vt 0.656250 0.562500
vt 0.664062 1.000000
vt 0.656250 0.968750
vt 0.656250 0.125000
vt 0.656250 0.531250
vt 0.656250 0.937500
vt 0.656250 0.093750
vt 0.656250 0.500000
vt 0.656250 0.906250
vt 0.656250 0.062500
vt 0.656250 0.468750
vt 0.656250 0.875000
vt 0.656250 0.031250
vt 0.656250 0.437500
vt 0.656250 0.843750
vt 0.664062 0.000000
vt 0.640625 0.343750
vt 0.640625 0.312500
vt 0.640625 0.750000
vt 0.640625 0.718750
vt 0.640625 0.281250
vt 0.640625 0.687500
vt 0.640625 0.250000
vt 0.640625 0.656250
vt 0.640625 0.218750
vt 0.640625 0.625000
vt 0.640625 0.187500
vt 0.640625 0.593750
vt 0.640625 0.156250
vt 0.640625 0.562500
vt 0.648438 1.000000
vt 0.640625 0.968750
vt 0.640625 0.125000
vt 0.640625 0.531250
vt 0.640625 0.937500
vt 0.640625 0.093750
vt 0.640625 0.500000
vt 0.640625 0.906250
vt 0.640625 0.062500
vt 0.640625 0.468750
vt 0.640625 0.875000
vt 0.640625 0.031250
vt 0.640625 0.437500
vt 0.640625 0.843750
vt 0.648438 0.000000
vt 0.640625 0.406250
vt 0.640625 0.812500
vt 0.640625 0.375000
vt 0.640625 0.781250
vt 0.625000 0.281250
vt 0.625000 0.250000
vt 0.625000 0.687500
vt 0.625000 0.656250
vt 0.625000 0.218750
vt 0.625000 0.625000
vt 0.625000 0.187500
vt 0.625000 0.593750
vt 0.625000 0.156250
vt 0.625000 0.562500
vt 0.632812 1.000000
vt 0.625000 0.968750
vt 0.625000 0.125000
vt 0.625000 0.531250
vt 0.625000 0.937500
vt 0.625000 0.093750
vt 0.625000 0.500000
vt 0.625000 0.906250
vt 0.625000 0.062500
vt 0.625000 0.468750
vt 0.625000 0.875000
vt 0.625000 0.031250
vt 0.625000 0.437500
vt 0.625000 0.843750
vt 0.632812 0.000000
vt 0.625000 0.406250
vt 0.625000 0.812500
vt 0.625000 0.375000
vt 0.625000 0.781250
vt 0.625000 0.343750
vt 0.625000 0.750000
vt 0.625000 0.312500
vt 0.625000 0.718750
vt 0.609375 0.218750
vt 0.609375 0.187500
vt 0.609375 0.625000
vt 0.609375 0.593750
vt 0.609375 0.156250
vt 0.609375 0.562500
vt 0.617188 1.000000
vt 0.609375 0.968750
vt 0.609375 0.125000
vt 0.609375 0.531250
vt 0.609375 0.937500
vt 0.609375 0.093750
vt 0.609375 0.500000
vt 0.609375 0.906250
vt 0.609375 0.062500
vt 0.609375 0.468750
vt 0.609375 0.875000
vt 0.609375 0.031250
vt 0.609375 0.437500
vt 0.609375 0.843750
vt 0.617188 0.000000
vt 0.609375 0.406250
vt 0.609375 0.812500
vt 0.609375 0.375000
vt 0.609375 0.781250
vt 0.609375 0.343750
vt 0.609375 0.750000
vt 0.609375 0.312500
vt 0.609375 0.718750
vt 0.609375 0.281250
vt 0.609375 0.687500
vt 0.609375 0.250000
vt 0.609375 0.656250
vt 0.593750 0.156250
vt 0.593750 0.125000
vt 0.593750 0.562500
vt 0.593750 0.531250
vt 0.593750 0.968750
vt 0.593750 0.937500
vt 0.593750 0.093750
vt 0.593750 0.500000
vt 0.593750 0.906250
vt 0.593750 0.062500
vt 0.593750 0.468750
vt 0.593750 0.875000
vt 0.593750 0.031250
vt 0.593750 0.437500
vt 0.593750 0.843750
vt 0.601562 0.000000
vt 0.593750 0.406250
vt 0.593750 0.812500
vt 0.593750 0.375000
vt 0.593750 0.781250
vt 0.593750 0.343750
vt 0.593750 0.750000
vt 0.593750 0.312500
vt 0.593750 0.718750
vt 0.593750 0.281250
vt 0.593750 0.687500
vt 0.593750 0.250000
vt 0.593750 0.656250
vt 0.593750 0.218750
vt 0.593750 0.625000
vt 0.593750 0.187500
vt 0.593750 0.593750
vt 0.601562 1.000000
vt 0.578125 0.093750
vt 0.578125 0.062500
vt 0.578125 0.500000
vt 0.578125 0.468750
vt 0.578125 0.906250
vt 0.578125 0.875000
vt 0.578125 0.031250
vt 0.578125 0.437500
vt 0.578125 0.843750
vt 0.585938 0.000000
vt 0.578125 0.406250
vt 0.578125 0.812500
vt 0.578125 0.375000
vt 0.578125 0.781250
vt 0.578125 0.343750
vt 0.578125 0.750000
vt 0.578125 0.312500
vt 0.578125 0.718750
vt 0.578125 0.281250
vt 0.578125 0.687500
vt 0.578125 0.250000
vt 0.578125 0.656250
vt 0.578125 0.218750
vt 0.578125 0.625000
vt 0.578125 0.187500
vt 0.578125 0.593750
vt 0.578125 0.156250
vt 0.578125 0.562500
vt 0.585938 1.000000
vt 0.578125 0.968750
vt 0.578125 0.125000
vt 0.578125 0.531250
vt 0.578125 0.937500
vt 0.570312 0.000000
vt 0.562500 0.031250
vt 0.562500 0.437500
vt 0.562500 0.406250
vt 0.562500 0.843750
vt 0.562500 0.812500
vt 0.562500 0.375000
vt 0.562500 0.781250
vt 0.562500 0.343750
vt 0.562500 0.750000
vt 0.562500 0.312500
vt 0.562500 0.718750
vt 0.562500 0.281250
vt 0.562500 0.687500
vt 0.562500 0.250000
vt 0.562500 0.656250
vt 0.562500 0.218750
vt 0.562500 0.625000
vt 0.562500 0.187500
vt 0.562500 0.593750
vt 0.562500 0.156250
vt 0.562500 0.562500
vt 0.570312 1.000000
vt 0.562500 0.968750
vt 0.562500 0.125000
vt 0.562500 0.531250
vt 0.562500 0.937500
vt 0.562500 0.093750
vt 0.562500 0.500000
vt 0.562500 0.906250
vt 0.562500 0.062500
vt 0.562500 0.468750
vt 0.562500 0.875000
vt 0.546875 0.375000
vt 0.546875 0.343750
vt 0.546875 0.781250
vt 0.546875 0.750000
vt 0.546875 0.312500
vt 0.546875 0.718750
vt 0.546875 0.281250
vt 0.546875 0.687500
vt 0.546875 0.250000
vt 0.546875 0.656250
vt 0.546875 0.218750
vt 0.546875 0.625000
vt 0.546875 0.187500
vt 0.546875 0.593750
vt 0.546875 0.156250
vt 0.546875 0.562500
vt 0.554688 1.000000
vt 0.546875 0.968750
vt 0.546875 0.125000
vt 0.546875 0.531250
vt 0.546875 0.937500
vt 0.546875 0.093750
vt 0.546875 0.500000
vt 0.546875 0.906250
vt 0.546875 0.062500
vt 0.546875 0.468750
vt 0.546875 0.875000
vt 0.546875 0.031250
vt 0.546875 0.437500
vt 0.546875 0.843750
vt 0.554688 0.000000
vt 0.546875 0.406250
vt 0.546875 0.812500
vt 0.531250 0.312500
vt 0.531250 0.281250
vt 0.531250 0.718750
vt 0.531250 0.687500
vt 0.531250 0.250000
vt 0.531250 0.656250
vt 0.531250 0.218750
vt 0.531250 0.625000
vt 0.531250 0.187500
vt 0.531250 0.593750
vt 0.531250 0.156250
vt 0.531250 0.562500
vt 0.539062 1.000000
vt 0.531250 0.968750
vt 0.531250 0.125000
vt 0.531250 0.531250
vt 0.531250 0.937500
vt 0.531250 0.093750
vt 0.531250 0.500000
vt 0.531250 0.906250
vt 0.531250 0.062500
vt 0.531250 0.468750
vt 0.531250 0.875000
vt 0.531250 0.031250
vt 0.531250 0.437500
vt 0.531250 0.843750
vt 0.539062 0.000000
vt 0.531250 0.406250
vt 0.531250 0.812500
vt 0.531250 0.375000
vt 0.531250 0.781250
vt 0.531250 0.343750
vt 0.531250 0.750000
vt 0.515625 0.250000
vt 0.515625 0.218750
vt 0.515625 0.656250
vt 0.515625 0.625000
vt 0.515625 0.187500
vt 0.515625 0.593750
vt 0.515625 0.156250
vt 0.515625 0.562500
vt 0.523438 1.000000
vt 0.515625 0.968750
vt 0.515625 0.125000
vt 0.515625 0.531250
vt 0.515625 0.937500
vt 0.515625 0.093750
vt 0.515625 0.500000
vt 0.515625 0.906250
vt 0.515625 0.062500
vt 0.515625 0.468750
vt 0.515625 0.875000
vt 0.515625 0.031250
vt 0.515625 0.437500
vt 0.515625 0.843750
vt 0.523438 0.000000
vt 0.515625 0.406250
vt 0.515625 0.812500
vt 0.515625 0.375000
vt 0.515625 0.781250
vt 0.515625 0.343750
vt 0.515625 0.750000
vt 0.515625 0.312500
vt 0.515625 0.718750
vt 0.515625 0.281250
vt 0.515625 0.687500
vt 0.500000 0.187500
vt 0.500000 0.156250
vt 0.500000 0.593750
vt 0.500000 0.562500
vt 0.507812 1.000000
vt 0.500000 0.968750
vt 0.500000 0.125000
vt 0.500000 0.531250
vt 0.500000 0.937500
vt 0.500000 0.093750
vt 0.500000 0.500000
vt 0.500000 0.906250
vt 0.500000 0.062500
vt 0.500000 0.468750
vt 0.500000 0.875000
vt 0.500000 0.031250
vt 0.500000 0.437500
vt 0.500000 0.843750
vt 0.507812 0.000000
vt 0.500000 0.406250
vt 0.500000 0.812500
vt 0.500000 0.375000
vt 0.500000 0.781250
vt 0.500000 0.343750
vt 0.500000 0.750000
vt 0.500000 0.312500
vt 0.500000 0.718750
vt 0.500000 0.281250
vt 0.500000 0.687500
vt 0.500000 0.250000
vt 0.500000 0.656250
vt 0.500000 0.218750
vt 0.500000 0.625000
vt 0.484375 0.968750
vt 0.484375 0.937500
vt 0.484375 0.125000
vt 0.484375 0.093750
vt 0.484375 0.531250
vt 0.484375 0.500000
vt 0.484375 0.906250
vt 0.484375 0.062500
vt 0.484375 0.468750
vt 0.484375 0.875000
vt 0.484375 0.031250
vt 0.484375 0.437500
vt 0.484375 0.843750
vt 0.492188 0.000000
vt 0.484375 0.406250
vt 0.484375 0.812500
vt 0.484375 0.375000
vt 0.484375 0.781250
vt 0.484375 0.343750
vt 0.484375 0.750000
vt 0.484375 0.312500
vt 0.484375 0.718750
vt 0.484375 0.281250
vt 0.484375 0.687500
vt 0.484375 0.250000
vt 0.484375 0.656250
vt 0.484375 0.218750
vt 0.484375 0.625000
vt 0.484375 0.187500
vt 0.484375 0.593750
vt 0.484375 0.156250
vt 0.484375 0.562500
vt 0.492188 1.000000
vt 0.468750 0.906250
vt 0.468750 0.875000
vt 0.468750 0.062500
vt 0.468750 0.031250
vt 0.468750 0.468750
vt 0.468750 0.437500
vt 0.468750 0.843750
vt 0.476562 0.000000
vt 0.468750 0.406250
vt 0.468750 0.812500
vt 0.468750 0.375000
vt 0.468750 0.781250
vt 0.468750 0.343750
vt 0.468750 0.750000
vt 0.468750 0.312500
vt 0.468750 0.718750
vt 0.468750 0.281250
vt 0.468750 0.687500
vt 0.468750 0.250000
vt 0.468750 0.656250
vt 0.468750 0.218750
vt 0.468750 0.625000
vt 0.468750 0.187500
vt 0.468750 0.593750
vt 0.468750 0.156250
vt 0.468750 0.562500
vt 0.476562 1.000000
vt 0.468750 0.968750
vt 0.468750 0.125000
vt 0.468750 0.531250
vt 0.468750 0.937500
vt 0.468750 0.093750
vt 0.468750 0.500000
vt 0.453125 0.843750
vt 0.453125 0.812500
vt 0.453125 0.406250
vt 0.453125 0.375000
vt 0.453125 0.781250
vt 0.453125 0.343750
vt 0.453125 0.750000
vt 0.453125 0.312500
vt 0.453125 0.718750
vt 0.453125 0.281250
vt 0.453125 0.687500
vt 0.453125 0.250000
vt 0.453125 0.656250
vt 0.453125 0.218750
vt 0.453125 0.625000
vt 0.453125 0.187500
vt 0.453125 0.593750
vt 0.453125 0.156250
vt 0.453125 0.562500
vt 0.460938 1.000000
vt 0.453125 0.968750
vt 0.453125 0.125000
vt 0.453125 0.531250
vt 0.453125 0.937500
vt 0.453125 0.093750
vt 0.453125 0.500000
vt 0.453125 0.906250
vt 0.453125 0.062500
vt 0.453125 0.468750
vt 0.453125 0.875000
vt 0.453125 0.031250
vt 0.453125 0.437500
vt 0.460938 0.000000
vt 0.437500 0.781250
vt 0.437500 0.750000
vt 0.437500 0.343750
vt 0.437500 0.312500
vt 0.437500 0.718750
vt 0.437500 0.281250
vt 0.437500 0.687500
vt 0.437500 0.250000
vt 0.437500 0.656250
vt 0.437500 0.218750
vt 0.437500 0.625000
vt 0.437500 0.187500
vt 0.437500 0.593750
vt 0.437500 0.156250
vt 0.437500 0.562500
vt 0.445312 1.000000
vt 0.437500 0.968750
vt 0.437500 0.125000
vt 0.437500 0.531250
vt 0.437500 0.937500
vt 0.437500 0.093750
vt 0.437500 0.500000
vt 0.437500 0.906250
vt 0.437500 0.062500
vt 0.437500 0.468750
vt 0.437500 0.875000
vt 0.437500 0.031250
vt 0.437500 0.437500
vt 0.437500 0.843750
vt 0.445312 0.000000
vt 0.437500 0.406250
vt 0.437500 0.812500
vt 0.437500 0.375000
vt 0.421875 0.718750
vt 0.421875 0.687500
vt 0.421875 0.281250
vt 0.421875 0.250000
vt 0.421875 0.656250
vt 0.421875 0.218750
vt 0.421875 0.625000
vt 0.421875 0.187500
vt 0.421875 0.593750
vt 0.421875 0.156250
vt 0.421875 0.562500
vt 0.429688 1.000000
vt 0.421875 0.968750
vt 0.421875 0.125000
vt 0.421875 0.531250
vt 0.421875 0.937500
vt 0.421875 0.093750
vt 0.421875 0.500000
vt 0.421875 0.906250
vt 0.421875 0.062500
vt 0.421875 0.468750
vt 0.421875 0.875000
vt 0.421875 0.031250
vt 0.421875 0.437500
vt 0.421875 0.843750
vt 0.429688 0.000000
vt 0.421875 0.406250
vt 0.421875 0.812500
vt 0.421875 0.375000
vt 0.421875 0.781250
vt 0.421875 0.343750
vt 0.421875 0.750000
vt 0.421875 0.312500
vt 0.406250 0.656250
vt 0.406250 0.625000
vt 0.406250 0.218750
vt 0.406250 0.187500
vt 0.406250 0.593750
vt 0.406250 0.156250
vt 0.406250 0.562500
vt 0.414062 1.000000
vt 0.406250 0.968750
vt 0.406250 0.125000
vt 0.406250 0.531250
vt 0.406250 0.937500
vt 0.406250 0.093750
vt 0.406250 0.500000
vt 0.406250 0.906250
vt 0.406250 0.062500
vt 0.406250 0.468750
vt 0.406250 0.875000
vt 0.406250 0.031250
vt 0.406250 0.437500
vt 0.406250 0.843750
vt 0.414062 0.000000
vt 0.406250 0.406250
vt 0.406250 0.812500
vt 0.406250 0.375000
vt 0.406250 0.781250
vt 0.406250 0.343750
vt 0.406250 0.750000
vt 0.406250 0.312500
vt 0.406250 0.718750
vt 0.406250 0.281250
vt 0.406250 0.687500
vt 0.406250 0.250000
vt 0.390625 0.593750
vt 0.390625 0.562500
vt 0.398438 1.000000
vt 0.390625 0.968750
vt 0.390625 0.156250
vt 0.390625 0.125000
vt 0.390625 0.531250
vt 0.390625 0.937500
vt 0.390625 0.093750
vt 0.390625 0.500000
vt 0.390625 0.906250
vt 0.390625 0.062500
vt 0.390625 0.468750
vt 0.390625 0.875000
vt 0.390625 0.031250
vt 0.390625 0.437500
vt 0.390625 0.843750
vt 0.398438 0.000000
vt 0.390625 0.406250
vt 0.390625 0.812500
vt 0.390625 0.375000
vt 0.390625 0.781250
vt 0.390625 0.343750
vt 0.390625 0.750000
vt 0.390625 0.312500
vt 0.390625 0.718750
vt 0.390625 0.281250
vt 0.390625 0.687500
vt 0.390625 0.250000
vt 0.390625 0.656250
vt 0.390625 0.218750
vt 0.390625 0.625000
vt 0.390625 0.187500
vt 0.375000 0.531250
vt 0.375000 0.500000
vt 0.375000 0.937500
vt 0.375000 0.906250
vt 0.375000 0.093750
vt 0.375000 0.062500
vt 0.375000 0.468750
vt 0.375000 0.875000
vt 0.375000 0.031250
vt 0.375000 0.437500
vt 0.375000 0.843750
vt 0.382812 0.000000
vt 0.375000 0.406250
vt 0.375000 0.812500
vt 0.375000 0.375000
vt 0.375000 0.781250
vt 0.375000 0.343750
vt 0.375000 0.750000
vt 0.375000 0.312500
vt 0.375000 0.718750
vt 0.375000 0.281250
vt 0.375000 0.687500
vt 0.375000 0.250000
vt 0.375000 0.656250
vt 0.375000 0.218750
vt 0.375000 0.625000
vt 0.375000 0.187500
vt 0.375000 0.593750
vt 0.375000 0.156250
vt 0.375000 0.562500
vt 0.382812 1.000000
vt 0.375000 0.968750
vt 0.375000 0.125000
vt 0.359375 0.468750
vt 0.359375 0.437500
vt 0.359375 0.875000
vt 0.359375 0.843750
vt 0.367188 0.000000
vt 0.359375 0.031250
vt 0.359375 0.406250
vt 0.359375 0.812500
vt 0.359375 0.375000
vt 0.359375 0.781250
vt 0.359375 0.343750
vt 0.359375 0.750000
vt 0.359375 0.312500
vt 0.359375 0.718750
vt 0.359375 0.281250
vt 0.359375 0.687500
vt 0.359375 0.250000
vt 0.359375 0.656250
vt 0.359375 0.218750
vt 0.359375 0.625000
vt 0.359375 0.187500
vt 0.359375 0.593750
vt 0.359375 0.156250
vt 0.359375 0.562500
vt 0.367188 1.000000
vt 0.359375 0.968750
vt 0.359375 0.125000
vt 0.359375 0.531250
vt 0.359375 0.937500
vt 0.359375 0.093750
vt 0.359375 0.500000
vt 0.359375 0.906250
vt 0.359375 0.062500
vt 0.343750 0.406250
vt 0.343750 0.375000
vt 0.343750 0.812500
vt 0.343750 0.781250
vt 0.343750 0.343750
vt 0.343750 0.750000
vt 0.343750 0.312500
vt 0.343750 0.718750
vt 0.343750 0.281250
vt 0.343750 0.687500
vt 0.343750 0.250000
vt 0.343750 0.656250
vt 0.343750 0.218750
vt 0.343750 0.625000
vt 0.343750 0.187500
vt 0.343750 0.593750
vt 0.343750 0.156250
vt 0.343750 0.562500
vt 0.351562 1.000000
vt 0.343750 0.968750
vt 0.343750 0.125000
vt 0.343750 0.531250
vt 0.343750 0.937500
vt 0.343750 0.093750
vt 0.343750 0.500000
vt 0.343750 0.906250
vt 0.343750 0.062500
vt 0.343750 0.468750
vt 0.343750 0.875000
vt 0.343750 0.031250
vt 0.343750 0.437500
vt 0.343750 0.843750
vt 0.351562 0.000000
vt 0.328125 0.406250
vt 0.328125 0.375000
vt 0.328125 0.812500
vt 0.328125 0.781250
vt 0.328125 0.343750
vt 0.328125 0.750000
vt 0.328125 0.312500
vt 0.328125 0.718750
vt 0.328125 0.281250
vt 0.328125 0.687500
vt 0.328125 0.250000
vt 0.328125 0.656250
vt 0.328125 0.218750
vt 0.328125 0.625000
vt 0.328125 0.187500
vt 0.328125 0.593750
vt 0.328125 0.156250
vt 0.328125 0.562500
vt 0.335937 1.000000
vt 0.328125 0.968750
vt 0.328125 0.125000
vt 0.328125 0.531250
vt 0.328125 0.937500
vt 0.328125 0.093750
vt 0.328125 0.500000
vt 0.328125 0.906250
vt 0.328125 0.062500
vt 0.328125 0.468750
vt 0.328125 0.875000
vt 0.328125 0.031250
vt 0.328125 0.437500
vt 0.328125 0.843750
vt 0.335937 0.000000
vt 0.312500 0.343750
vt 0.312500 0.312500
vt 0.312500 0.750000
vt 0.312500 0.718750
vt 0.312500 0.281250
vt 0.312500 0.687500
vt 0.312500 0.250000
vt 0.312500 0.656250
vt 0.312500 0.218750
vt 0.312500 0.625000
vt 0.312500 0.187500
vt 0.312500 0.593750
vt 0.312500 0.156250
vt 0.312500 0.562500
vt 0.320312 1.000000
vt 0.312500 0.968750
vt 0.312500 0.125000
vt 0.312500 0.531250
vt 0.312500 0.937500
vt 0.312500 0.093750
vt 0.312500 0.500000
vt 0.312500 0.906250
vt 0.312500 0.062500
vt 0.312500 0.468750
vt 0.312500 0.875000
vt 0.312500 0.031250
vt 0.312500 0.437500
vt 0.312500 0.843750
vt 0.320312 0.000000
vt 0.312500 0.406250
vt 0.312500 0.812500
vt 0.312500 0.375000
vt 0.312500 0.781250
vt 0.296875 0.281250
vt 0.296875 0.250000
vt 0.296875 0.687500
vt 0.296875 0.656250
vt 0.296875 0.218750
vt 0.296875 0.625000
vt 0.296875 0.187500
vt 0.296875 0.593750
vt 0.296875 0.156250
vt 0.296875 0.562500
vt 0.304688 1.000000
vt 0.296875 0.968750
vt 0.296875 0.125000
vt 0.296875 0.531250
vt 0.296875 0.937500
vt 0.296875 0.093750
vt 0.296875 0.500000
vt 0.296875 0.906250
vt 0.296875 0.062500
vt 0.296875 0.468750
vt 0.296875 0.875000
vt 0.296875 0.031250
vt 0.296875 0.437500
vt 0.296875 0.843750
vt 0.304688 0.000000
vt 0.296875 0.406250
vt 0.296875 0.812500
vt 0.296875 0.375000
vt 0.296875 0.781250
vt 0.296875 0.343750
vt 0.296875 0.750000
vt 0.296875 0.312500
vt 0.296875 0.718750
vt 0.281250 0.218750
vt 0.281250 0.187500
vt 0.281250 0.625000
vt 0.281250 0.593750
vt 0.281250 0.156250
vt 0.281250 0.562500
vt 0.289062 1.000000
vt 0.281250 0.968750
vt 0.281250 0.125000
vt 0.281250 0.531250
vt 0.281250 0.937500
vt 0.281250 0.093750
vt 0.281250 0.500000
vt 0.281250 0.906250
vt 0.281250 0.062500
vt 0.281250 0.468750
vt 0.281250 0.875000
vt 0.281250 0.031250
vt 0.281250 0.437500
vt 0.281250 0.843750
vt 0.289062 0.000000
vt 0.281250 0.406250
vt 0.281250 0.812500
vt 0.281250 0.375000
vt 0.281250 0.781250
vt 0.281250 0.343750
vt 0.281250 0.750000
vt 0.281250 0.312500
vt 0.281250 0.718750
vt 0.281250 0.281250
vt 0.281250 0.687500
vt 0.281250 0.250000
vt 0.281250 0.656250
vt 0.265625 0.156250
vt 0.265625 0.125000
vt 0.265625 0.562500
vt 0.265625 0.531250
vt 0.265625 0.968750
vt 0.265625 0.937500
vt 0.265625 0.093750
vt 0.265625 0.500000
vt 0.265625 0.906250
vt 0.265625 0.062500
vt 0.265625 0.468750
vt 0.265625 0.875000
vt 0.265625 0.031250
vt 0.265625 0.437500
vt 0.265625 0.843750
vt 0.273438 0.000000
vt 0.265625 0.406250
vt 0.265625 0.812500
vt 0.265625 0.375000
vt 0.265625 0.781250
vt 0.265625 0.343750
vt 0.265625 0.750000
vt 0.265625 0.312500
vt 0.265625 0.718750
vt 0.265625 0.281250
vt 0.265625 0.687500
vt 0.265625 0.250000
vt 0.265625 0.656250
vt 0.265625 0.218750
vt 0.265625 0.625000
vt 0.265625 0.187500
vt 0.265625 0.593750
vt 0.273438 1.000000
vt 0.250000 0.093750
vt 0.250000 0.062500
vt 0.250000 0.500000
vt 0.250000 0.468750
vt 0.250000 0.906250
vt 0.250000 0.875000
vt 0.250000 0.031250
vt 0.250000 0.437500
vt 0.250000 0.843750
vt 0.257812 0.000000
vt 0.250000 0.406250
vt 0.250000 0.812500
vt 0.250000 0.375000
vt 0.250000 0.781250
vt 0.250000 0.343750
vt 0.250000 0.750000
vt 0.250000 0.312500
vt 0.250000 0.718750
vt 0.250000 0.281250
vt 0.250000 0.687500
vt 0.250000 0.250000
vt 0.250000 0.656250
vt 0.250000 0.218750
vt 0.250000 0.625000
vt 0.250000 0.187500
vt 0.250000 0.593750
vt 0.250000 0.156250
vt 0.250000 0.562500
vt 0.257812 1.000000
vt 0.250000 0.968750
vt 0.250000 0.125000
vt 0.250000 0.531250
vt 0.250000 0.937500
vt 0.242187 0.000000
vt 0.234375 0.031250
vt 0.234375 0.437500
vt 0.234375 0.406250
vt 0.234375 0.843750
vt 0.234375 0.812500
vt 0.234375 0.375000
vt 0.234375 0.781250
vt 0.234375 0.343750
vt 0.234375 0.750000
vt 0.234375 0.312500
vt 0.234375 0.718750
vt 0.234375 0.281250
vt 0.234375 0.687500
vt 0.234375 0.250000
vt 0.234375 0.656250
vt 0.234375 0.218750
vt 0.234375 0.625000
vt 0.234375 0.187500
vt 0.234375 0.593750
vt 0.234375 0.156250
vt 0.234375 0.562500
vt 0.242187 1.000000
vt 0.234375 0.968750
vt 0.234375 0.125000
vt 0.234375 0.531250
vt 0.234375 0.937500
vt 0.234375 0.093750
vt 0.234375 0.500000
vt 0.234375 0.906250
vt 0.234375 0.062500
vt 0.234375 0.468750
vt 0.234375 0.875000
vt 0.218750 0.375000
vt 0.218750 0.343750
vt 0.218750 0.781250
vt 0.218750 0.750000
vt 0.218750 0.312500
vt 0.218750 0.718750
vt 0.218750 0.281250
vt 0.218750 0.687500
vt 0.218750 0.250000
vt 0.218750 0.656250
vt 0.218750 0.218750
vt 0.218750 0.625000
vt 0.218750 0.187500
vt 0.218750 0.593750
vt 0.218750 0.156250
vt 0.218750 0.562500
vt 0.226562 1.000000
vt 0.218750 0.968750
vt 0.218750 0.125000
vt 0.218750 0.531250
vt 0.218750 0.937500
vt 0.218750 0.093750
vt 0.218750 0.500000
vt 0.218750 0.906250
vt 0.218750 0.062500
vt 0.218750 0.468750
vt 0.218750 0.875000
vt 0.218750 0.031250
vt 0.218750 0.437500
vt 0.218750 0.843750
vt 0.226562 0.000000
vt 0.218750 0.406250
vt 0.218750 0.812500
vt 0.203125 0.312500
vt 0.203125 0.281250
vt 0.203125 0.718750
vt 0.203125 0.687500
vt 0.203125 0.250000
vt 0.203125 0.656250
vt 0.203125 0.218750
vt 0.203125 0.625000
vt 0.203125 0.187500
vt 0.203125 0.593750
vt 0.203125 0.156250
vt 0.203125 0.562500
vt 0.210938 1.000000
vt 0.203125 0.968750
vt 0.203125 0.125000
vt 0.203125 0.531250
vt 0.203125 0.937500
vt 0.203125 0.093750
vt 0.203125 0.500000
vt 0.203125 0.906250
vt 0.203125 0.062500
vt 0.203125 0.468750
vt 0.203125 0.875000
vt 0.203125 0.031250
vt 0.203125 0.437500
vt 0.203125 0.843750
vt 0.210938 0.000000
vt 0.203125 0.406250
vt 0.203125 0.812500
vt 0.203125 0.375000
vt 0.203125 0.781250
vt 0.203125 0.343750
vt 0.203125 0.750000
vt 0.187500 0.250000
vt 0.187500 0.218750
vt 0.187500 0.656250
vt 0.187500 0.625000
vt 0.187500 0.187500
vt 0.187500 0.593750
vt 0.187500 0.156250
vt 0.187500 0.562500
vt 0.195312 1.000000
vt 0.187500 0.968750
vt 0.187500 0.125000
vt 0.187500 0.531250
vt 0.187500 0.937500
vt 0.187500 0.093750
vt 0.187500 0.500000
vt 0.187500 0.906250
vt 0.187500 0.062500
vt 0.187500 0.468750
vt 0.187500 0.875000
vt 0.187500 0.031250
vt 0.187500 0.437500
vt 0.187500 0.843750
vt 0.195312 0.000000
vt 0.187500 0.406250
vt 0.187500 0.812500
vt 0.187500 0.375000
vt 0.187500 0.781250
vt 0.187500 0.343750
vt 0.187500 0.750000
vt 0.187500 0.312500
vt 0.187500 0.718750
vt 0.187500 0.281250
vt 0.187500 0.687500
vt 0.171875 0.187500
vt 0.171875 0.156250
vt 0.171875 0.593750
vt 0.171875 0.562500
vt 0.179687 1.000000
vt 0.171875 0.968750
vt 0.171875 0.125000
vt 0.171875 0.531250
vt 0.171875 0.937500
vt 0.171875 0.093750
vt 0.171875 0.500000
vt 0.171875 0.906250
vt 0.171875 0.062500
vt 0.171875 0.468750
vt 0.171875 0.875000
vt 0.171875 0.031250
vt 0.171875 0.437500
vt 0.171875 0.843750
vt 0.179687 0.000000
vt 0.171875 0.406250
vt 0.171875 0.812500
vt 0.171875 0.375000
vt 0.171875 0.781250
vt 0.171875 0.343750
vt 0.171875 0.750000
vt 0.171875 0.312500
vt 0.171875 0.718750
vt 0.171875 0.281250
vt 0.171875 0.687500
vt 0.171875 0.250000
vt 0.171875 0.656250
vt 0.171875 0.218750
vt 0.171875 0.625000
vt 0.156250 0.968750
vt 0.156250 0.937500
vt 0.156250 0.125000
vt 0.156250 0.093750
vt 0.156250 0.531250
vt 0.156250 0.500000
vt 0.156250 0.906250
vt 0.156250 0.062500
vt 0.156250 0.468750
vt 0.156250 0.875000
vt 0.156250 0.031250
vt 0.156250 0.437500
vt 0.156250 0.843750
vt 0.164062 0.000000
vt 0.156250 0.406250
vt 0.156250 0.812500
vt 0.156250 0.375000
vt 0.156250 0.781250
vt 0.156250 0.343750
vt 0.156250 0.750000
vt 0.156250 0.312500
vt 0.156250 0.718750
vt 0.156250 0.281250
vt 0.156250 0.687500
vt 0.156250 0.250000
vt 0.156250 0.656250
vt 0.156250 0.218750
vt 0.156250 0.625000
vt 0.156250 0.187500
vt 0.156250 0.593750
vt 0.156250 0.156250
vt 0.156250 0.562500
vt 0.164062 1.000000
vt 0.140625 0.906250
vt 0.140625 0.875000
vt 0.140625 0.062500
vt 0.140625 0.031250
vt 0.140625 0.468750
vt 0.140625 0.437500
vt 0.140625 0.843750
vt 0.148438 0.000000
vt 0.140625 0.406250
vt 0.140625 0.812500
vt 0.140625 0.375000
vt 0.140625 0.781250
vt 0.140625 0.343750
vt 0.140625 0.750000
vt 0.140625 0.312500
vt 0.140625 0.718750
vt 0.140625 0.281250
vt 0.140625 0.687500
vt 0.140625 0.250000
vt 0.140625 0.656250
vt 0.140625 0.218750
vt 0.140625 0.625000
vt 0.140625 0.187500
vt 0.140625 0.593750
vt 0.140625 0.156250
vt 0.140625 0.562500
vt 0.148438 1.000000
vt 0.140625 0.968750
vt 0.140625 0.125000
vt 0.140625 0.531250
vt 0.140625 0.937500
vt 0.140625 0.093750
vt 0.140625 0.500000
vt 0.125000 0.843750
vt 0.125000 0.812500
vt 0.125000 0.406250
vt 0.125000 0.375000
vt 0.125000 0.781250
vt 0.125000 0.343750
vt 0.125000 0.750000
vt 0.125000 0.312500
vt 0.125000 0.718750
vt 0.125000 0.281250
vt 0.125000 0.687500
vt 0.125000 0.250000
vt 0.125000 0.656250
vt 0.125000 0.218750
vt 0.125000 0.625000
vt 0.125000 0.187500
vt 0.125000 0.593750
vt 0.125000 0.156250
vt 0.125000 0.562500
vt 0.132812 1.000000
vt 0.125000 0.968750
vt 0.125000 0.125000
vt 0.125000 0.531250
vt 0.125000 0.937500
vt 0.125000 0.093750
vt 0.125000 0.500000
vt 0.125000 0.906250
vt 0.125000 0.062500
vt 0.125000 0.468750
vt 0.125000 0.875000
vt 0.125000 0.031250
vt 0.125000 0.437500
vt 0.132812 0.000000
vt 0.109375 0.781250
vt 0.109375 0.750000
vt 0.109375 0.343750
vt 0.109375 0.312500
vt 0.109375 0.718750
vt 0.109375 0.281250
vt 0.109375 0.687500
vt 0.109375 0.250000
vt 0.109375 0.656250
vt 0.109375 0.218750
vt 0.109375 0.625000
vt 0.109375 0.187500
vt 0.109375 0.593750
vt 0.109375 0.156250
vt 0.109375 0.562500
vt 0.117188 1.000000
vt 0.109375 0.968750
vt 0.109375 0.125000
vt 0.109375 0.531250
vt 0.109375 0.937500
vt 0.109375 0.093750
vt 0.109375 0.500000
vt 0.109375 0.906250
vt 0.109375 0.062500
vt 0.109375 0.468750
vt 0.109375 0.875000
vt 0.109375 0.031250
vt 0.109375 0.437500
vt 0.109375 0.843750
vt 0.117188 0.000000
vt 0.109375 0.406250
vt 0.109375 0.812500
vt 0.109375 0.375000
vt 0.093750 0.718750
vt 0.093750 0.687500
vt 0.093750 0.281250
vt 0.093750 0.250000
vt 0.093750 0.656250
vt 0.093750 0.218750
vt 0.093750 0.625000
vt 0.093750 0.187500
vt 0.093750 0.593750
vt 0.093750 0.156250
vt 0.093750 0.562500
vt 0.101562 1.000000
vt 0.093750 0.968750
vt 0.093750 0.125000
vt 0.093750 0.531250
vt 0.093750 0.937500
vt 0.093750 0.093750
vt 0.093750 0.500000
vt 0.093750 0.906250
vt 0.093750 0.062500
vt 0.093750 0.468750
vt 0.093750 0.875000
vt 0.093750 0.031250
vt 0.093750 0.437500
vt 0.093750 0.843750
vt 0.101562 0.000000
vt 0.093750 0.406250
vt 0.093750 0.812500
vt 0.093750 0.375000
vt 0.093750 0.781250
vt 0.093750 0.343750
vt 0.093750 0.750000
vt 0.093750 0.312500
vt 0.078125 0.656250
vt 0.078125 0.625000
vt 0.078125 0.218750
vt 0.078125 0.187500
vt 0.078125 0.593750
vt 0.078125 0.156250
vt 0.078125 0.562500
vt 0.085937 1.000000
vt 0.078125 0.968750
vt 0.078125 0.125000
vt 0.078125 0.531250
vt 0.078125 0.937500
vt 0.078125 0.093750
vt 0.078125 0.500000
vt 0.078125 0.906250
vt 0.078125 0.062500
vt 0.078125 0.468750
vt 0.078125 0.875000
vt 0.078125 0.031250
vt 0.078125 0.437500
vt 0.078125 0.843750
vt 0.085937 0.000000
vt 0.078125 0.406250
vt 0.078125 0.812500
vt 0.078125 0.375000
vt 0.078125 0.781250
vt 0.078125 0.343750
vt 0.078125 0.750000
vt 0.078125 0.312500
vt 0.078125 0.718750
vt 0.078125 0.281250
vt 0.078125 0.687500
vt 0.078125 0.250000
vt 0.062500 0.593750
vt 0.062500 0.562500
vt 0.070312 1.000000
vt 0.062500 0.968750
vt 0.062500 0.156250
vt 0.062500 0.125000
vt 0.062500 0.531250
vt 0.062500 0.937500
vt 0.062500 0.093750
vt 0.062500 0.500000
vt 0.062500 0.906250
vt 0.062500 0.062500
vt 0.062500 0.468750
vt 0.062500 0.875000
vt 0.062500 0.031250
vt 0.062500 0.437500
vt 0.062500 0.843750
vt 0.070312 0.000000
vt 0.062500 0.406250
vt 0.062500 0.812500
vt 0.062500 0.375000
vt 0.062500 0.781250
vt 0.062500 0.343750
vt 0.062500 0.750000
vt 0.062500 0.312500
vt 0.062500 0.718750
vt 0.062500 0.281250
vt 0.062500 0.687500
vt 0.062500 0.250000
vt 0.062500 0.656250
vt 0.062500 0.218750
vt 0.062500 0.625000
vt 0.062500 0.187500
vt 0.046875 0.531250
vt 0.046875 0.500000
vt 0.046875 0.937500
vt 0.046875 0.906250
vt 0.046875 0.093750
vt 0.046875 0.062500
vt 0.046875 0.468750
vt 0.046875 0.875000
vt 0.046875 0.031250
vt 0.046875 0.437500
vt 0.046875 0.843750
vt 0.054688 0.000000
vt 0.046875 0.406250
vt 0.046875 0.812500
vt 0.046875 0.375000
vt 0.046875 0.781250
vt 0.046875 0.343750
vt 0.046875 0.750000
vt 0.046875 0.312500
vt 0.046875 0.718750
vt 0.046875 0.281250
vt 0.046875 0.687500
vt 0.046875 0.250000
vt 0.046875 0.656250
vt 0.046875 0.218750
vt 0.046875 0.625000
vt 0.046875 0.187500
vt 0.046875 0.593750
vt 0.046875 0.156250
vt 0.046875 0.562500
vt 0.054688 1.000000
vt 0.046875 0.968750
vt 0.046875 0.125000
vt 0.031250 0.468750
vt 0.031250 0.437500
vt 0.031250 0.875000
vt 0.031250 0.843750
vt 0.039062 0.000000
vt 0.031250 0.031250
vt 0.031250 0.406250
vt 0.031250 0.812500
vt 0.031250 0.375000
vt 0.031250 0.781250
vt 0.031250 0.343750
vt 0.031250 0.750000
vt 0.031250 0.312500
vt 0.031250 0.718750
vt 0.031250 0.281250
vt 0.031250 0.687500
vt 0.031250 0.250000
vt 0.031250 0.656250
vt 0.031250 0.218750
vt 0.031250 0.625000
vt 0.031250 0.187500
vt 0.031250 0.593750
vt 0.031250 0.156250
vt 0.031250 0.562500
vt 0.039062 1.000000
vt 0.031250 0.968750
vt 0.031250 0.125000
vt 0.031250 0.531250
vt 0.031250 0.937500
vt 0.031250 0.093750
vt 0.031250 0.500000
vt 0.031250 0.906250
vt 0.031250 0.062500
vt 0.015625 0.406250
vt 0.015625 0.375000
vt 0.015625 0.812500
vt 0.015625 0.781250
vt 0.015625 0.343750
vt 0.015625 0.750000
vt 0.015625 0.312500
vt 0.015625 0.718750
vt 0.015625 0.281250
vt 0.015625 0.687500
vt 0.015625 0.250000
vt 0.015625 0.656250
vt 0.015625 0.218750
vt 0.015625 0.625000
vt 0.015625 0.187500
vt 0.015625 0.593750
vt 0.015625 0.156250
vt 0.015625 0.562500
vt 0.023438 1.000000
vt 0.015625 0.968750
vt 0.015625 0.125000
vt 0.015625 0.531250
vt 0.015625 0.937500
vt 0.015625 0.093750
vt 0.015625 0.500000
vt 0.015625 0.906250
vt 0.015625 0.062500
vt 0.015625 0.468750
vt 0.015625 0.875000
vt 0.015625 0.031250
vt 0.015625 0.437500
vt 0.015625 0.843750
vt 0.023438 0.000000
vt 0.000000 0.343750
vt 0.000000 0.312500
vt 0.000000 0.750000
vt 0.000000 0.718750
vt 0.000000 0.281250
vt 0.000000 0.687500
vt 0.000000 0.250000
vt 0.000000 0.656250
vt 0.000000 0.218750
vt 0.000000 0.625000
vt 0.000000 0.187500
vt 0.000000 0.593750
vt 0.000000 0.156250
vt 0.000000 0.562500
vt 0.007812 1.000000
vt 0.000000 0.968750
vt 0.000000 0.125000
vt 0.000000 0.531250
vt 0.000000 0.937500
vt 0.000000 0.093750
vt 0.000000 0.500000
vt 0.000000 0.906250
vt 0.000000 0.062500
vt 0.000000 0.468750
vt 0.000000 0.875000
vt 0.000000 0.031250
vt 0.000000 0.437500
vt 0.000000 0.843750
vt 0.007812 0.000000
vt 0.000000 0.406250
vt 0.000000 0.812500
vt 0.000000 0.375000
vt 0.000000 0.781250
vt 1.000000 0.250000
vt 1.000000 0.281250
vt 0.984375 0.281250
vt 0.984375 0.250000
vt 1.000000 0.656250
vt 1.000000 0.687500
vt 0.984375 0.687500
vt 0.984375 0.656250
vt 1.000000 0.218750
vt 0.984375 0.218750
vt 1.000000 0.625000
vt 0.984375 0.625000
vt 1.000000 0.187500
vt 0.984375 0.187500
vt 1.000000 0.593750
vt 0.984375 0.593750
vt 1.000000 0.156250
vt 0.984375 0.156250
vt 1.000000 0.562500
vt 0.984375 0.562500
vt 1.000000 0.968750
vt 0.992188 1.000000
vt 0.984375 0.968750
vt 1.000000 0.125000
vt 0.984375 0.125000
vt 1.000000 0.531250
vt 0.984375 0.531250
vt 1.000000 0.937500
vt 0.984375 0.937500
vt 1.000000 0.093750
vt 0.984375 0.093750
vt 1.000000 0.500000
vt 0.984375 0.500000
vt 1.000000 0.906250
vt 0.984375 0.906250
vt 1.000000 0.062500
vt 0.984375 0.062500
vt 1.000000 0.468750
vt 0.984375 0.468750
vt 1.000000 0.875000
vt 0.984375 0.875000
vt 1.000000 0.031250
vt 0.984375 0.031250
vt 1.000000 0.437500
vt 0.984375 0.437500
vt 1.000000 0.843750
vt 0.984375 0.843750
vt 0.992188 0.000000
vt 1.000000 0.406250
vt 0.984375 0.406250
vt 1.000000 0.812500
vt 0.984375 0.812500
vt 1.000000 0.375000
vt 0.984375 0.375000
vt 1.000000 0.781250
vt 0.984375 0.781250
vt 1.000000 0.343750
vt 0.984375 0.343750
vt 1.000000 0.750000
vt 0.984375 0.750000
vt 1.000000 0.312500
vt 0.984375 0.312500
vt 1.000000 0.718750
vt 0.984375 0.718750
vt 0.968750 0.218750
vt 0.968750 0.187500
vt 0.968750 0.625000
vt 0.968750 0.593750
vt 0.968750 0.156250
vt 0.968750 0.562500
vt 0.976562 1.000000
vt 0.968750 0.968750
vt 0.968750 0.125000
vt 0.968750 0.531250
vt 0.968750 0.937500
vt 0.968750 0.093750
vt 0.968750 0.500000
vt 0.968750 0.906250
vt 0.968750 0.062500
vt 0.968750 0.468750
vt 0.968750 0.875000
vt 0.968750 0.031250
vt 0.968750 0.437500
vt 0.968750 0.843750
vt 0.976562 0.000000
vt 0.968750 0.406250
vt 0.968750 0.812500
vt 0.968750 0.375000
vt 0.968750 0.781250
vt 0.968750 0.343750
vt 0.968750 0.750000
vt 0.968750 0.312500
vt 0.968750 0.718750
vt 0.968750 0.281250
vt 0.968750 0.687500
vt 0.968750 0.250000
vt 0.968750 0.656250
vt 0.960938 1.000000
vt 0.953125 0.968750
vt 0.953125 0.156250
vt 0.953125 0.125000
vt 0.953125 0.562500
vt 0.953125 0.531250
vt 0.953125 0.937500
vt 0.953125 0.093750
vt 0.953125 0.500000
vt 0.953125 0.906250
vt 0.953125 0.062500
vt 0.953125 0.468750
vt 0.953125 0.875000
vt 0.953125 0.031250
vt 0.953125 0.437500
vt 0.953125 0.843750
vt 0.960938 0.000000
vt 0.953125 0.406250
vt 0.953125 0.812500
vt 0.953125 0.375000
vt 0.953125 0.781250
vt 0.953125 0.343750
vt 0.953125 0.750000
vt 0.953125 0.312500
vt 0.953125 0.718750
vt 0.953125 0.281250
vt 0.953125 0.687500
vt 0.953125 0.250000
vt 0.953125 0.656250
vt 0.953125 0.218750
vt 0.953125 0.625000
vt 0.953125 0.187500
vt 0.953125 0.593750
vt 0.937500 0.562500
vt 0.937500 0.531250
vt 0.937500 0.968750
vt 0.937500 0.937500
vt 0.937500 0.125000
vt 0.937500 0.093750
vt 0.937500 0.500000
vt 0.937500 0.906250
vt 0.937500 0.062500
vt 0.937500 0.468750
vt 0.937500 0.875000
vt 0.937500 0.031250
vt 0.937500 0.437500
vt 0.937500 0.843750
vt 0.945312 0.000000
vt 0.937500 0.406250
vt 0.937500 0.812500
vt 0.937500 0.375000
vt 0.937500 0.781250
vt 0.937500 0.343750
vt 0.937500 0.750000
vt 0.937500 0.312500
vt 0.937500 0.718750
vt 0.937500 0.281250
vt 0.937500 0.687500
vt 0.937500 0.250000
vt 0.937500 0.656250
vt 0.937500 0.218750
vt 0.937500 0.625000
vt 0.937500 0.187500
vt 0.937500 0.593750
vt 0.937500 0.156250
vt 0.945312 1.000000
vt 0.921875 0.500000
vt 0.921875 0.468750
vt 0.921875 0.906250
vt 0.921875 0.875000
vt 0.921875 0.062500
vt 0.921875 0.031250
vt 0.921875 0.437500
vt 0.921875 0.843750
vt 0.929687 0.000000
vt 0.921875 0.406250
vt 0.921875 0.812500
vt 0.921875 0.375000
vt 0.921875 0.781250
vt 0.921875 0.343750
vt 0.921875 0.750000
vt 0.921875 0.312500
vt 0.921875 0.718750
vt 0.921875 0.281250
vt 0.921875 0.687500
vt 0.921875 0.250000
vt 0.921875 0.656250
vt 0.921875 0.218750
vt 0.921875 0.625000
vt 0.921875 0.187500
vt 0.921875 0.593750
vt 0.921875 0.156250
vt 0.921875 0.562500
vt 0.929687 1.000000
vt 0.921875 0.968750
vt 0.921875 0.125000
vt 0.921875 0.531250
vt 0.921875 0.937500
vt 0.921875 0.093750
vt 0.906250 0.437500
vt 0.906250 0.406250
vt 0.906250 0.843750
vt 0.906250 0.812500
vt 0.906250 0.375000
vt 0.906250 0.781250
vt 0.906250 0.343750
vt 0.906250 0.750000
vt 0.906250 0.312500
vt 0.906250 0.718750
vt 0.906250 0.281250
vt 0.906250 0.687500
vt 0.906250 0.250000
vt 0.906250 0.656250
vt 0.906250 0.218750
vt 0.906250 0.625000
vt 0.906250 0.187500
vt 0.906250 0.593750
vt 0.906250 0.156250
vt 0.906250 0.562500
vt 0.914062 1.000000
vt 0.906250 0.968750
vt 0.906250 0.125000
vt 0.906250 0.531250
vt 0.906250 0.937500
vt 0.906250 0.093750
vt 0.906250 0.500000
vt 0.906250 0.906250
vt 0.906250 0.062500
vt 0.906250 0.468750
vt 0.906250 0.875000
vt 0.906250 0.031250
vt 0.914062 0.000000
vt 0.890625 0.375000
vt 0.890625 0.343750
vt 0.890625 0.781250
vt 0.890625 0.750000
vt 0.890625 0.312500
vt 0.890625 0.718750
vt 0.890625 0.281250
vt 0.890625 0.687500
vt 0.890625 0.250000
vt 0.890625 0.656250
vt 0.890625 0.218750
vt 0.890625 0.625000
vt 0.890625 0.187500
vt 0.890625 0.593750
vt 0.890625 0.156250
vt 0.890625 0.562500
vt 0.898438 1.000000
vt 0.890625 0.968750
vt 0.890625 0.125000
vt 0.890625 0.531250
vt 0.890625 0.937500
vt 0.890625 0.093750
vt 0.890625 0.500000
vt 0.890625 0.906250
vt 0.890625 0.062500
vt 0.890625 0.468750
vt 0.890625 0.875000
vt 0.890625 0.031250
vt 0.890625 0.437500
vt 0.890625 0.843750
vt 0.898438 0.000000
vt 0.890625 0.406250
vt 0.890625 0.812500
vt 0.875000 0.312500
vt 0.875000 0.281250
vt 0.875000 0.718750
vt 0.875000 0.687500
vt 0.875000 0.250000
vt 0.875000 0.656250
vt 0.875000 0.218750
vt 0.875000 0.625000
vt 0.875000 0.187500
vt 0.875000 0.593750
vt 0.875000 0.156250
vt 0.875000 0.562500
vt 0.882812 1.000000
vt 0.875000 0.968750
vt 0.875000 0.125000
vt 0.875000 0.531250
vt 0.875000 0.937500
vt 0.875000 0.093750
vt 0.875000 0.500000
vt 0.875000 0.906250
vt 0.875000 0.062500
vt 0.875000 0.468750
vt 0.875000 0.875000
vt 0.875000 0.031250
vt 0.875000 0.437500
vt 0.875000 0.843750
vt 0.882812 0.000000
vt 0.875000 0.406250
vt 0.875000 0.812500
vt 0.875000 0.375000
vt 0.875000 0.781250
vt 0.875000 0.343750
vt 0.875000 0.750000
vt 0.859375 0.250000
vt 0.859375 0.218750
vt 0.859375 0.656250
vt 0.859375 0.625000
vt 0.859375 0.187500
vt 0.859375 0.593750
vt 0.859375 0.156250
vt 0.859375 0.562500
vt 0.867188 1.000000
vt 0.859375 0.968750
vt 0.859375 0.125000
vt 0.859375 0.531250
vt 0.859375 0.937500
vt 0.859375 0.093750
vt 0.859375 0.500000
vt 0.859375 0.906250
vt 0.859375 0.062500
vt 0.859375 0.468750
vt 0.859375 0.875000
vt 0.859375 0.031250
vt 0.859375 0.437500
vt 0.859375 0.843750
vt 0.867188 0.000000
vt 0.859375 0.406250
vt 0.859375 0.812500
vt 0.859375 0.375000
vt 0.859375 0.781250
vt 0.859375 0.343750
vt 0.859375 0.750000
vt 0.859375 0.312500
vt 0.859375 0.718750
vt 0.859375 0.281250
vt 0.859375 0.687500
vt 0.843750 0.187500
vt 0.843750 0.156250
vt 0.843750 0.593750
vt 0.843750 0.562500
vt 0.851562 1.000000
vt 0.843750 0.968750
vt 0.843750 0.125000
vt 0.843750 0.531250
vt 0.843750 0.937500
vt 0.843750 0.093750
vt 0.843750 0.500000
vt 0.843750 0.906250
vt 0.843750 0.062500
vt 0.843750 0.468750
vt 0.843750 0.875000
vt 0.843750 0.031250
vt 0.843750 0.437500
vt 0.843750 0.843750
vt 0.851562 0.000000
vt 0.843750 0.406250
vt 0.843750 0.812500
vt 0.843750 0.375000
vt 0.843750 0.781250
vt 0.843750 0.343750
vt 0.843750 0.750000
vt 0.843750 0.312500
vt 0.843750 0.718750
vt 0.843750 0.281250
vt 0.843750 0.687500
vt 0.843750 0.250000
vt 0.843750 0.656250
vt 0.843750 0.218750
vt 0.843750 0.625000
vt 0.828125 0.968750
vt 0.828125 0.937500
vt 0.828125 0.125000
vt 0.828125 0.093750
vt 0.828125 0.531250
vt 0.828125 0.500000
vt 0.828125 0.906250
vt 0.828125 0.062500
vt 0.828125 0.468750
vt 0.828125 0.875000
vt 0.828125 0.031250
vt 0.828125 0.437500
vt 0.828125 0.843750
vt 0.835938 0.000000
vt 0.828125 0.406250
vt 0.828125 0.812500
vt 0.828125 0.375000
vt 0.828125 0.781250
vt 0.828125 0.343750
vt 0.828125 0.750000
vt 0.828125 0.312500
vt 0.828125 0.718750
vt 0.828125 0.281250
vt 0.828125 0.687500
vt 0.828125 0.250000
vt 0.828125 0.656250
vt 0.828125 0.218750
vt 0.828125 0.625000
vt 0.828125 0.187500
vt 0.828125 0.593750
vt 0.828125 0.156250
vt 0.828125 0.562500
vt 0.835938 1.000000
vt 0.812500 0.906250
vt 0.812500 0.875000
vt 0.812500 0.062500
vt 0.812500 0.031250
vt 0.812500 0.468750
vt 0.812500 0.437500
vt 0.812500 0.843750
vt 0.820312 0.000000
vt 0.812500 0.406250
vt 0.812500 0.812500
vt 0.812500 0.375000
vt 0.812500 0.781250
vt 0.812500 0.343750
vt 0.812500 0.750000
vt 0.812500 0.312500
vt 0.812500 0.718750
vt 0.812500 0.281250
vt 0.812500 0.687500
vt 0.812500 0.250000
vt 0.812500 0.656250
vt 0.812500 0.218750
vt 0.812500 0.625000
vt 0.812500 0.187500
vt 0.812500 0.593750
vt 0.812500 0.156250
vt 0.812500 0.562500
vt 0.820312 1.000000
vt 0.812500 0.968750
vt 0.812500 0.125000
vt 0.812500 0.531250
vt 0.812500 0.937500
vt 0.812500 0.093750
vt 0.812500 0.500000
vt 0.796875 0.843750
vt 0.796875 0.812500
vt 0.796875 0.406250
vt 0.796875 0.375000
vt 0.796875 0.781250
vt 0.796875 0.343750
vt 0.796875 0.750000
vt 0.796875 0.312500
vt 0.796875 0.718750
vt 0.796875 0.281250
vt 0.796875 0.687500
vt 0.796875 0.250000
vt 0.796875 0.656250
vt 0.796875 0.218750
vt 0.796875 0.625000
vt 0.796875 0.187500
vt 0.796875 0.593750
vt 0.796875 0.156250
vt 0.796875 0.562500
vt 0.804688 1.000000
vt 0.796875 0.968750
vt 0.796875 0.125000
vt 0.796875 0.531250
vt 0.796875 0.937500
vt 0.796875 0.093750
vt 0.796875 0.500000
vt 0.796875 0.906250
vt 0.796875 0.062500
vt 0.796875 0.468750
vt 0.796875 0.875000
vt 0.796875 0.031250
vt 0.796875 0.437500
vt 0.804688 0.000000
vt 0.781250 0.781250
vt 0.781250 0.750000
vt 0.781250 0.343750
vt 0.781250 0.312500
vt 0.781250 0.718750
vt 0.781250 0.281250
vt 0.781250 0.687500
vt 0.781250 0.250000
vt 0.781250 0.656250
vt 0.781250 0.218750
vt 0.781250 0.625000
vt 0.781250 0.187500
vt 0.781250 0.593750
vt 0.781250 0.156250
vt 0.781250 0.562500
vt 0.789062 1.000000
vt 0.781250 0.968750
vt 0.781250 0.125000
vt 0.781250 0.531250
vt 0.781250 0.937500
vt 0.781250 0.093750
vt 0.781250 0.500000
vt 0.781250 0.906250
vt 0.781250 0.062500
vt 0.781250 0.468750
vt 0.781250 0.875000
vt 0.781250 0.031250
vt 0.781250 0.437500
vt 0.781250 0.843750
vt 0.789062 0.000000
vt 0.781250 0.406250
vt 0.781250 0.812500
vt 0.781250 0.375000
vt 0.765625 0.718750
vt 0.765625 0.687500
vt 0.765625 0.281250
vt 0.765625 0.250000
vt 0.765625 0.656250
vt 0.765625 0.218750
vt 0.765625 0.625000
vt 0.765625 0.187500
vt 0.765625 0.593750
vt 0.765625 0.156250
vt 0.765625 0.562500
vt 0.773438 1.000000
vt 0.765625 0.968750
vt 0.765625 0.125000
vt 0.765625 0.531250
vt 0.765625 0.937500
vt 0.765625 0.093750
vt 0.765625 0.500000
vt 0.765625 0.906250
vt 0.765625 0.062500
vt 0.765625 0.468750
vt 0.765625 0.875000
vt 0.765625 0.031250
vt 0.765625 0.437500
vt 0.765625 0.843750
vt 0.773438 0.000000
vt 0.765625 0.406250
vt 0.765625 0.812500
vt 0.765625 0.375000
vt 0.765625 0.781250
vt 0.765625 0.343750
vt 0.765625 0.750000
vt 0.765625 0.312500
vt 0.757812 1.000000
vt 0.757812 0.000000
s 0
f 1971/1/1 3/2/1 18/3/1 19/4/1
f 15/5/2 1986/6/2 45/7/2 46/8/2
f 1978/9/3 10/10/3 32/11/3 33/12/3
f 4/13/4 1971/1/4 19/4/4 20/14/4
f 1226/15/5 15/5/5 46/8/5
f 11/16/6 1978/9/6 33/12/6 34/17/6
f 1972/18/7 4/13/7 20/14/7 21/19/7
f 12/20/8 11/16/8 34/17/8 35/21/8
f 1973/22/9 1972/18/9 21/19/9 22/23/9
f 13/24/10 12/20/10 35/21/10 36/25/10
f 1974/26/11 1973/22/11 22/23/11 23/27/11
f 1979/28/12 13/24/12 36/25/12 37/29/12
f 1975/30/13 1974/26/13 23/27/13 24/31/13
f 1980/32/14 1979/28/14 37/29/14 38/33/14
f 1976/34/15 1975/30/15 24/31/15 25/35/15
f 1981/36/16 1980/32/16 38/33/16 39/37/16
f 5/38/17 1976/34/17 25/35/17 26/39/17
f 1982/40/18 1981/36/18 39/37/18 40/41/18
f 6/42/19 5/38/19 26/39/19 27/43/19
f 1983/44/20 1982/40/20 40/41/20 41/45/20
f 7/46/21 6/42/21 27/43/21 28/47/21
f 1984/48/22 1983/44/22 41/45/22 42/49/22
f 1977/50/23 7/46/23 28/47/23 29/51/23
f 1/52/24 1039/53/24 16/54/24
f 1985/55/25 1984/48/25 42/49/25 43/56/25
f 8/57/26 1977/50/26 29/51/26 30/58/26
f 2/59/27 1/52/27 16/54/27 17/60/27
f 14/61/28 1985/55/28 43/56/28 44/62/28
f 9/63/29 8/57/29 30/58/29 31/64/29
f 3/2/30 2/59/30 17/60/30 18/3/30
f 1986/6/31 14/61/31 44/62/31 45/7/31
f 10/10/32 9/63/32 31/64/32 32/11/32
f 27/43/33 26/39/33 57/65/33 58/66/33
f 41/45/34 40/41/34 71/67/34 72/68/34
f 28/47/35 27/43/35 58/66/35 59/69/35
f 42/49/36 41/45/36 72/68/36 73/70/36
f 29/51/37 28/47/37 59/69/37 60/71/37
f 16/54/38 1039/72/38 47/73/38
f 43/56/39 42/49/39 73/70/39 74/74/39
f 30/58/40 29/51/40 60/71/40 61/75/40
f 17/60/41 16/54/41 47/73/41 48/76/41
f 44/62/42 43/56/42 74/74/42 75/77/42
f 31/64/43 30/58/43 61/75/43 62/78/43
f 18/3/44 17/60/44 48/76/44 49/79/44
f 45/7/45 44/62/45 75/77/45 76/80/45
f 32/11/46 31/64/46 62/78/46 63/81/46
f 19/4/47 18/3/47 49/79/47 50/82/47
f 46/8/48 45/7/48 76/80/48 77/83/48
f 33/12/49 32/11/49 63/81/49 64/84/49
f 20/14/50 19/4/50 50/82/50 51/85/50
f 1226/86/51 46/8/51 77/83/51
f 34/17/52 33/12/52 64/84/52 65/87/52
f 21/19/53 20/14/53 51/85/53 52/88/53
f 35/21/54 34/17/54 65/87/54 66/89/54
f 22/23/55 21/19/55 52/88/55 53/90/55
f 36/25/56 35/21/56 66/89/56 67/91/56
f 23/27/57 22/23/57 53/90/57 54/92/57
f 37/29/58 36/25/58 67/91/58 68/93/58
f 24/31/59 23/27/59 54/92/59 55/94/59
f 38/33/60 37/29/60 68/93/60 69/95/60
f 25/35/61 24/31/61 55/94/61 56/96/61
f 39/37/62 38/33/62 69/95/62 70/97/62
f 26/39/63 25/35/63 56/96/63 57/65/63
f 40/41/64 39/37/64 70/97/64 71/67/64
f 60/71/65 59/69/65 90/98/65 91/99/65
f 47/73/66 1039/100/66 78/101/66
f 74/74/67 73/70/67 104/102/67 105/103/67
f 61/75/68 60/71/68 91/99/68 92/104/68
f 48/76/69 47/73/69 78/101/69 79/105/69
f 75/77/70 74/74/70 105/103/70 106/106/70
f 62/78/71 61/75/71 92/104/71 93/107/71
f 49/79/72 48/76/72 79/105/72 80/108/72
f 76/80/73 75/77/73 106/106/73 107/109/73
f 63/81/74 62/78/74 93/107/74 94/110/74
f 50/82/75 49/79/75 80/108/75 81/111/75
f 77/83/76 76/80/76 107/109/76 108/112/76
f 64/84/77 63/81/77 94/110/77 95/113/77
f 51/85/78 50/82/78 81/111/78 82/114/78
f 1226/115/79 77/83/79 108/112/79
f 65/87/80 64/84/80 95/113/80 96/116/80
f 52/88/81 51/85/81 82/114/81 83/117/81
f 66/89/82 65/87/82 96/116/82 97/118/82
f 53/90/83 52/88/83 83/117/83 84/119/83
f 67/91/84 66/89/84 97/118/84 98/120/84
f 54/92/85 53/90/85 84/119/85 85/121/85
f 68/93/86 67/91/86 98/120/86 99/122/86
f 55/94/87 54/92/87 85/121/87 86/123/87
f 69/95/88 68/93/88 99/122/88 100/124/88
f 56/96/89 55/94/89 86/123/89 87/125/89
f 70/97/90 69/95/90 100/124/90 101/126/90
f 57/65/91 56/96/91 87/125/91 88/127/91
f 71/67/92 70/97/92 101/126/92 102/128/92
f 58/66/93 57/65/93 88/127/93 89/129/93
f 72/68/94 71/67/94 102/128/94 103/130/94
f 59/69/95 58/66/95 89/129/95 90/98/95
f 73/70/96 72/68/96 103/130/96 104/102/96
f 93/107/97 92/104/97 123/131/97 124/132/97
f 80/108/98 79/105/98 110/133/98 111/134/98
f 107/109/99 106/106/99 137/135/99 138/136/99
f 94/110/100 93/107/100 124/132/100 125/137/100
f 81/111/101 80/108/101 111/134/101 112/138/101
f 108/112/102 107/109/102 138/136/102 139/139/102
f 95/113/103 94/110/103 125/137/103 126/140/103
f 82/114/104 81/111/104 112/138/104 113/141/104
f 1226/142/105 108/112/105 139/139/105
f 96/116/106 95/113/106 126/140/106 127/143/106
f 83/117/107 82/114/107 113/141/107 114/144/107
f 97/118/108 96/116/108 127/143/108 128/145/108
f 84/119/109 83/117/109 114/144/109 115/146/109
f 98/120/110 97/118/110 128/145/110 129/147/110
f 85/121/111 84/119/111 115/146/111 116/148/111
f 99/122/112 98/120/112 129/147/112 130/149/112
f 86/123/113 85/121/113 116/148/113 117/150/113
f 100/124/114 99/122/114 130/149/114 131/151/114
f 87/125/115 86/123/115 117/150/115 118/152/115
f 101/126/116 100/124/116 131/151/116 132/153/116
f 88/127/117 87/125/117 118/152/117 119/154/117
f 102/128/118 101/126/118 132/153/118 133/155/118
f 89/129/119 88/127/119 119/154/119 120/156/119
f 103/130/120 102/128/120 133/155/120 134/157/120
f 90/98/121 89/129/121 120/156/121 121/158/121
f 104/102/122 103/130/122 134/157/122 135/159/122
f 91/99/123 90/98/123 121/158/123 122/160/123
f 78/101/124 1039/161/124 109/162/124
f 105/103/125 104/102/125 135/159/125 136/163/125
f 92/104/126 91/99/126 122/160/126 123/131/126
f 79/105/127 78/101/127 109/162/127 110/133/127
f 106/106/128 105/103/128 136/163/128 137/135/128
f 126/140/129 125/137/129 156/164/129 157/165/129
f 113/141/130 112/138/130 143/166/130 144/167/130
f 1226/168/131 139/139/131 170/169/131
f 127/143/132 126/140/132 157/165/132 158/170/132
f 114/144/133 113/141/133 144/167/133 145/171/133
f 128/145/134 127/143/134 158/170/134 159/172/134
f 115/146/135 114/144/135 145/171/135 146/173/135
f 129/147/136 128/145/136 159/172/136 160/174/136
f 116/148/137 115/146/137 146/173/137 147/175/137
f 130/149/138 129/147/138 160/174/138 161/176/138
f 117/150/139 116/148/139 147/175/139 148/177/139
f 131/151/140 130/149/140 161/176/140 162/178/140
f 118/152/141 117/150/141 148/177/141 149/179/141
f 132/153/142 131/151/142 162/178/142 163/180/142
f 119/154/143 118/152/143 149/179/143 150/181/143
f 133/155/144 132/153/144 163/180/144 164/182/144
f 120/156/145 119/154/145 150/181/145 151/183/145
f 134/157/146 133/155/146 164/182/146 165/184/146
f 121/158/147 120/156/147 151/183/147 152/185/147
f 135/159/148 134/157/148 165/184/148 166/186/148
f 122/160/149 121/158/149 152/185/149 153/187/149
f 109/162/150 1039/188/150 140/189/150
f 136/163/151 135/159/151 166/186/151 167/190/151
f 123/131/152 122/160/152 153/187/152 154/191/152
f 110/133/153 109/162/153 140/189/153 141/192/153
f 137/135/154 136/163/154 167/190/154 168/193/154
f 124/132/155 123/131/155 154/191/155 155/194/155
f 111/134/156 110/133/156 141/192/156 142/195/156
f 138/136/157 137/135/157 168/193/157 169/196/157
f 125/137/158 124/132/158 155/194/158 156/164/158
f 112/138/159 111/134/159 142/195/159 143/166/159
f 139/139/160 138/136/160 169/196/160 170/169/160
f 159/172/161 158/170/161 189/197/161 190/198/161
f 146/173/162 145/171/162 176/199/162 177/200/162
f 160/174/163 159/172/163 190/198/163 191/201/163
f 147/175/164 146/173/164 177/200/164 178/202/164
f 161/176/165 160/174/165 191/201/165 192/203/165
f 148/177/166 147/175/166 178/202/166 179/204/166
f 162/178/167 161/176/167 192/203/167 193/205/167
f 149/179/168 148/177/168 179/204/168 180/206/168
f 163/180/169 162/178/169 193/205/169 194/207/169
f 150/181/170 149/179/170 180/206/170 181/208/170
f 164/182/171 163/180/171 194/207/171 195/209/171
f 151/183/172 150/181/172 181/208/172 182/210/172
f 165/184/173 164/182/173 195/209/173 196/211/173
f 152/185/174 151/183/174 182/210/174 183/212/174
f 166/186/175 165/184/175 196/211/175 197/213/175
f 153/187/176 152/185/176 183/212/176 184/214/176
f 140/189/177 1039/215/177 171/216/177
f 167/190/178 166/186/178 197/213/178 198/217/178
f 154/191/179 153/187/179 184/214/179 185/218/179
f 141/192/180 140/189/180 171/216/180 172/219/180
f 168/193/181 167/190/181 198/217/181 199/220/181
f 155/194/182 154/191/182 185/218/182 186/221/182
f 142/195/183 141/192/183 172/219/183 173/222/183
f 169/196/184 168/193/184 199/220/184 200/223/184
f 156/164/185 155/194/185 186/221/185 187/224/185
f 143/166/186 142/195/186 173/222/186 174/225/186
f 170/169/187 169/196/187 200/223/187 201/226/187
f 157/165/188 156/164/188 187/224/188 188/227/188
f 144/167/189 143/166/189 174/225/189 175/228/189
f 1226/229/190 170/169/190 201/226/190
f 158/170/191 157/165/191 188/227/191 189/197/191
f 145/171/192 144/167/192 175/228/192 176/199/192
f 192/203/193 191/201/193 222/230/193 223/231/193
f 179/204/194 178/202/194 209/232/194 210/233/194
f 193/205/195 192/203/195 223/231/195 224/234/195
f 180/206/196 179/204/196 210/233/196 211/235/196
f 194/207/197 193/205/197 224/234/197 225/236/197
f 181/208/198 180/206/198 211/235/198 212/237/198
f 195/209/199 194/207/199 225/236/199 226/238/199
f 182/210/200 181/208/200 212/237/200 213/239/200
f 196/211/201 195/209/201 226/238/201 227/240/201
f 183/212/202 182/210/202 213/239/202 214/241/202
f 197/213/203 196/211/203 227/240/203 228/242/203
f 184/214/204 183/212/204 214/241/204 215/243/204
f 171/216/205 1039/244/205 202/245/205
f 198/217/206 197/213/206 228/242/206 229/246/206
f 185/218/207 184/214/207 215/243/207 216/247/207
f 172/219/208 171/216/208 202/245/208 203/248/208
f 199/220/209 198/217/209 229/246/209 230/249/209
f 186/221/210 185/218/210 216/247/210 217/250/210
f 173/222/211 172/219/211 203/248/211 204/251/211
f 200/223/212 199/220/212 230/249/212 231/252/212
f 187/224/213 186/221/213 217/250/213 218/253/213
f 174/225/214 173/222/214 204/251/214 205/254/214
f 201/226/215 200/223/215 231/252/215 232/255/215
f 188/227/216 187/224/216 218/253/216 219/256/216
f 175/228/217 174/225/217 205/254/217 206/257/217
f 1226/258/218 201/226/218 232/255/218
f 189/197/219 188/227/219 219/256/219 220/259/219
f 176/199/220 175/228/220 206/257/220 207/260/220
f 190/198/221 189/197/221 220/259/221 221/261/221
f 177/200/222 176/199/222 207/260/222 208/262/222
f 191/201/223 190/198/223 221/261/223 222/230/223
f 178/202/224 177/200/224 208/262/224 209/232/224
f 225/236/225 224/234/225 255/263/225 256/264/225
f 212/237/226 211/235/226 242/265/226 243/266/226
f 226/238/227 225/236/227 256/264/227 257/267/227
f 213/239/228 212/237/228 243/266/228 244/268/228
f 227/240/229 226/238/229 257/267/229 258/269/229
f 214/241/230 213/239/230 244/268/230 245/270/230
f 228/242/231 227/240/231 258/269/231 259/271/231
f 215/243/232 214/241/232 245/270/232 246/272/232
f 202/245/233 1039/273/233 233/274/233
f 229/246/234 228/242/234 259/271/234 260/275/234
f 216/247/235 215/243/235 246/272/235 247/276/235
f 203/248/236 202/245/236 233/274/236 234/277/236
f 230/249/237 229/246/237 260/275/237 261/278/237
f 217/250/238 216/247/238 247/276/238 248/279/238
f 204/251/239 203/248/239 234/277/239 235/280/239
f 231/252/240 230/249/240 261/278/240 262/281/240
f 218/253/241 217/250/241 248/279/241 249/282/241
f 205/254/242 204/251/242 235/280/242 236/283/242
f 232/255/243 231/252/243 262/281/243 263/284/243
f 219/256/244 218/253/244 249/282/244 250/285/244
f 206/257/245 205/254/245 236/283/245 237/286/245
f 1226/287/246 232/255/246 263/284/246
f 220/259/247 219/256/247 250/285/247 251/288/247
f 207/260/248 206/257/248 237/286/248 238/289/248
f 221/261/249 220/259/249 251/288/249 252/290/249
f 208/262/250 207/260/250 238/289/250 239/291/250
f 222/230/251 221/261/251 252/290/251 253/292/251
f 209/232/252 208/262/252 239/291/252 240/293/252
f 223/231/253 222/230/253 253/292/253 254/294/253
f 210/233/254 209/232/254 240/293/254 241/295/254
f 224/234/255 223/231/255 254/294/255 255/263/255
f 211/235/256 210/233/256 241/295/256 242/265/256
f 258/269/257 257/267/257 288/296/257 289/297/257
f 245/270/258 244/268/258 275/298/258 276/299/258
f 259/271/259 258/269/259 289/297/259 290/300/259
f 246/272/260 245/270/260 276/299/260 277/301/260
f 233/274/261 1039/302/261 264/303/261
f 260/275/262 259/271/262 290/300/262 291/304/262
f 247/276/263 246/272/263 277/301/263 278/305/263
f 234/277/264 233/274/264 264/303/264 265/306/264
f 261/278/265 260/275/265 291/304/265 292/307/265
f 248/279/266 247/276/266 278/305/266 279/308/266
f 235/280/267 234/277/267 265/306/267 266/309/267
f 262/281/268 261/278/268 292/307/268 293/310/268
f 249/282/269 248/279/269 279/308/269 280/311/269
f 236/283/270 235/280/270 266/309/270 267/312/270
f 263/284/271 262/281/271 293/310/271 294/313/271
f 250/285/272 249/282/272 280/311/272 281/314/272
f 237/286/273 236/283/273 267/312/273 268/315/273
f 1226/316/274 263/284/274 294/313/274
f 251/288/275 250/285/275 281/314/275 282/317/275
f 238/289/276 237/286/276 268/315/276 269/318/276
f 252/290/277 251/288/277 282/317/277 283/319/277
f 239/291/278 238/289/278 269/318/278 270/320/278
f 253/292/279 252/290/279 283/319/279 284/321/279
f 240/293/280 239/291/280 270/320/280 271/322/280
f 254/294/281 253/292/281 284/321/281 285/323/281
f 241/295/282 240/293/282 271/322/282 272/324/282
f 255/263/283 254/294/283 285/323/283 286/325/283
f 242/265/284 241/295/284 272/324/284 273/326/284
f 256/264/285 255/263/285 286/325/285 287/327/285
f 243/266/286 242/265/286 273/326/286 274/328/286
f 257/267/287 256/264/287 287/327/287 288/296/287
f 244/268/288 243/266/288 274/328/288 275/298/288
f 291/304/289 290/300/289 321/329/289 322/330/289
f 278/305/290 277/301/290 308/331/290 309/332/290
f 265/306/291 264/303/291 295/333/291 296/334/291
f 292/307/292 291/304/292 322/330/292 323/335/292
f 279/308/293 278/305/293 309/332/293 310/336/293
f 266/309/294 265/306/294 296/334/294 297/337/294
f 293/310/295 292/307/295 323/335/295 324/338/295
f 280/311/296 279/308/296 310/336/296 311/339/296
f 267/312/297 266/309/297 297/337/297 298/340/297
f 294/313/298 293/310/298 324/338/298 325/341/298
f 281/314/299 280/311/299 311/339/299 312/342/299
f 268/315/300 267/312/300 298/340/300 299/343/300
f 1226/344/301 294/313/301 325/341/301
f 282/317/302 281/314/302 312/342/302 313/345/302
f 269/318/303 268/315/303 299/343/303 300/346/303
f 283/319/304 282/317/304 313/345/304 314/347/304
f 270/320/305 269/318/305 300/346/305 301/348/305
f 284/321/306 283/319/306 314/347/306 315/349/306
f 271/322/307 270/320/307 301/348/307 302/350/307
f 285/323/308 284/321/308 315/349/308 316/351/308
f 272/324/309 271/322/309 302/350/309 303/352/309
f 286/325/310 285/323/310 316/351/310 317/353/310
f 273/326/311 272/324/311 303/352/311 304/354/311
f 287/327/312 286/325/312 317/353/312 318/355/312
f 274/328/313 273/326/313 304/354/313 305/356/313
f 288/296/314 287/327/314 318/355/314 319/357/314
f 275/298/315 274/328/315 305/356/315 306/358/315
f 289/297/316 288/296/316 319/357/316 320/359/316
f 276/299/317 275/298/317 306/358/317 307/360/317
f 290/300/318 289/297/318 320/359/318 321/329/318
f 277/301/319 276/299/319 307/360/319 308/331/319
f 264/303/320 1039/361/320 295/333/320
f 324/338/321 323/335/321 354/362/321 355/363/321
f 311/339/322 310/336/322 341/364/322 342/365/322
f 298/340/323 297/337/323 328/366/323 329/367/323
f 325/341/324 324/338/324 355/363/324 356/368/324
f 312/342/325 311/339/325 342/365/325 343/369/325
f 299/343/326 298/340/326 329/367/326 330/370/326
f 1226/371/327 325/341/327 356/368/327
f 313/345/328 312/342/328 343/369/328 344/372/328
f 300/346/329 299/343/329 330/370/329 331/373/329
f 314/347/330 313/345/330 344/372/330 345/374/330
f 301/348/331 300/346/331 331/373/331 332/375/331
f 315/349/332 314/347/332 345/374/332 346/376/332
f 302/350/333 301/348/333 332/375/333 333/377/333
f 316/351/334 315/349/334 346/376/334 347/378/334
f 303/352/335 302/350/335 333/377/335 334/379/335
f 317/353/336 316/351/336 347/378/336 348/380/336
f 304/354/337 303/352/337 334/379/337 335/381/337
f 318/355/338 317/353/338 348/380/338 349/382/338
f 305/356/339 304/354/339 335/381/339 336/383/339
f 319/357/340 318/355/340 349/382/340 350/384/340
f 306/358/341 305/356/341 336/383/341 337/385/341
f 320/359/342 319/357/342 350/384/342 351/386/342
f 307/360/343 306/358/343 337/385/343 338/387/343
f 321/329/344 320/359/344 351/386/344 352/388/344
f 308/331/345 307/360/345 338/387/345 339/389/345
f 295/333/346 1039/390/346 326/391/346
f 322/330/347 321/329/347 352/388/347 353/392/347
f 309/332/348 308/331/348 339/389/348 340/393/348
f 296/334/349 295/333/349 326/391/349 327/394/349
f 323/335/350 322/330/350 353/392/350 354/362/350
f 310/336/351 309/332/351 340/393/351 341/364/351
f 297/337/352 296/334/352 327/394/352 328/366/352
f 1226/395/353 356/368/353 387/396/353
f 344/372/354 343/369/354 374/397/354 375/398/354
f 331/373/355 330/370/355 361/399/355 362/400/355
f 345/374/356 344/372/356 375/398/356 376/401/356
f 332/375/357 331/373/357 362/400/357 363/402/357
f 346/376/358 345/374/358 376/401/358 377/403/358
f 333/377/359 332/375/359 363/402/359 364/404/359
f 347/378/360 346/376/360 377/403/360 378/405/360
f 334/379/361 333/377/361 364/404/361 365/406/361
f 348/380/362 347/378/362 378/405/362 379/407/362
f 335/381/363 334/379/363 365/406/363 366/408/363
f 349/382/364 348/380/364 379/407/364 380/409/364
f 336/383/365 335/381/365 366/408/365 367/410/365
f 350/384/366 349/382/366 380/409/366 381/411/366
f 337/385/367 336/383/367 367/410/367 368/412/367
f 351/386/368 350/384/368 381/411/368 382/413/368
f 338/387/369 337/385/369 368/412/369 369/414/369
f 352/388/370 351/386/370 382/413/370 383/415/370
f 339/389/371 338/387/371 369/414/371 370/416/371
f 326/391/372 1039/417/372 357/418/372
f 353/392/373 352/388/373 383/415/373 384/419/373
f 340/393/374 339/389/374 370/416/374 371/420/374
f 327/394/375 326/391/375 357/418/375 358/421/375
f 354/362/376 353/392/376 384/419/376 385/422/376
f 341/364/377 340/393/377 371/420/377 372/423/377
f 328/366/378 327/394/378 358/421/378 359/424/378
f 355/363/379 354/362/379 385/422/379 386/425/379
f 342/365/380 341/364/380 372/423/380 373/426/380
f 329/367/381 328/366/381 359/424/381 360/427/381
f 356/368/382 355/363/382 386/425/382 387/396/382
f 343/369/383 342/365/383 373/426/383 374/397/383
f 330/370/384 329/367/384 360/427/384 361/399/384
f 377/403/385 376/401/385 407/428/385 408/429/385
f 364/404/386 363/402/386 394/430/386 395/431/386
f 378/405/387 377/403/387 408/429/387 409/432/387
f 365/406/388 364/404/388 395/431/388 396/433/388
f 379/407/389 378/405/389 409/432/389 410/434/389
f 366/408/390 365/406/390 396/433/390 397/435/390
f 380/409/391 379/407/391 410/434/391 411/436/391
f 367/410/392 366/408/392 397/435/392 398/437/392
f 381/411/393 380/409/393 411/436/393 412/438/393
f 368/412/394 367/410/394 398/437/394 399/439/394
f 382/413/395 381/411/395 412/438/395 413/440/395
f 369/414/396 368/412/396 399/439/396 400/441/396
f 383/415/397 382/413/397 413/440/397 414/442/397
f 370/416/398 369/414/398 400/441/398 401/443/398
f 357/418/399 1039/444/399 388/445/399
f 384/419/400 383/415/400 414/442/400 415/446/400
f 371/420/401 370/416/401 401/443/401 402/447/401
f 358/421/402 357/418/402 388/445/402 389/448/402
f 385/422/403 384/419/403 415/446/403 416/449/403
f 372/423/404 371/420/404 402/447/404 403/450/404
f 359/424/405 358/421/405 389/448/405 390/451/405
f 386/425/406 385/422/406 416/449/406 417/452/406
f 373/426/407 372/423/407 403/450/407 404/453/407
f 360/427/408 359/424/408 390/451/408 391/454/408
f 387/396/409 386/425/409 417/452/409 418/455/409
f 374/397/410 373/426/410 404/453/410 405/456/410
f 361/399/411 360/427/411 391/454/411 392/457/411
f 1226/458/412 387/396/412 418/455/412
f 375/398/413 374/397/413 405/456/413 406/459/413
f 362/400/414 361/399/414 392/457/414 393/460/414
f 376/401/415 375/398/415 406/459/415 407/428/415
f 363/402/416 362/400/416 393/460/416 394/430/416
f 410/434/417 409/432/417 440/461/417 441/462/417
f 397/435/418 396/433/418 427/463/418 428/464/418
f 411/436/419 410/434/419 441/462/419 442/465/419
f 398/437/420 397/435/420 428/464/420 429/466/420
f 412/438/421 411/436/421 442/465/421 443/467/421
f 399/439/422 398/437/422 429/466/422 430/468/422
f 413/440/423 412/438/423 443/467/423 444/469/423
f 400/441/424 399/439/424 430/468/424 431/470/424
f 414/442/425 413/440/425 444/469/425 445/471/425
f 401/443/426 400/441/426 431/470/426 432/472/426
f 388/445/427 1039/473/427 419/474/427
f 415/446/428 414/442/428 445/471/428 446/475/428
f 402/447/429 401/443/429 432/472/429 433/476/429
f 389/448/430 388/445/430 419/474/430 420/477/430
f 416/449/431 415/446/431 446/475/431 447/478/431
f 403/450/432 402/447/432 433/476/432 434/479/432
f 390/451/433 389/448/433 420/477/433 421/480/433
f 417/452/434 416/449/434 447/478/434 448/481/434
f 404/453/435 403/450/435 434/479/435 435/482/435
f 391/454/436 390/451/436 421/480/436 422/483/436
f 418/455/437 417/452/437 448/481/437 449/484/437
f 405/456/438 404/453/438 435/482/438 436/485/438
f 392/457/439 391/454/439 422/483/439 423/486/439
f 1226/487/440 418/455/440 449/484/440
f 406/459/441 405/456/441 436/485/441 437/488/441
f 393/460/442 392/457/442 423/486/442 424/489/442
f 407/428/443 406/459/443 437/488/443 438/490/443
f 394/430/444 393/460/444 424/489/444 425/491/444
f 408/429/445 407/428/445 438/490/445 439/492/445
f 395/431/446 394/430/446 425/491/446 426/493/446
f 409/432/447 408/429/447 439/492/447 440/461/447
f 396/433/448 395/431/448 426/493/448 427/463/448
f 443/467/449 442/465/449 473/494/449 474/495/449
f 430/468/450 429/466/450 460/496/450 461/497/450
f 444/469/451 443/467/451 474/495/451 475/498/451
f 431/470/452 430/468/452 461/497/452 462/499/452
f 445/471/453 444/469/453 475/498/453 476/500/453
f 432/472/454 431/470/454 462/499/454 463/501/454
f 419/474/455 1039/502/455 450/503/455
f 446/475/456 445/471/456 476/500/456 477/504/456
f 433/476/457 432/472/457 463/501/457 464/505/457
f 420/477/458 419/474/458 450/503/458 451/506/458
f 447/478/459 446/475/459 477/504/459 478/507/459
f 434/479/460 433/476/460 464/505/460 465/508/460
f 421/480/461 420/477/461 451/506/461 452/509/461
f 448/481/462 447/478/462 478/507/462 479/510/462
f 435/482/463 434/479/463 465/508/463 466/511/463
f 422/483/464 421/480/464 452/509/464 453/512/464
f 449/484/465 448/481/465 479/510/465 480/513/465
f 436/485/466 435/482/466 466/511/466 467/514/466
f 423/486/467 422/483/467 453/512/467 454/515/467
f 1226/516/468 449/484/468 480/513/468
f 437/488/469 436/485/469 467/514/469 468/517/469
f 424/489/470 423/486/470 454/515/470 455/518/470
f 438/490/471 437/488/471 468/517/471 469/519/471
f 425/491/472 424/489/472 455/518/472 456/520/472
f 439/492/473 438/490/473 469/519/473 470/521/473
f 426/493/474 425/491/474 456/520/474 457/522/474
f 440/461/475 439/492/475 470/521/475 471/523/475
f 427/463/476 426/493/476 457/522/476 458/524/476
f 441/462/477 440/461/477 471/523/477 472/525/477
f 428/464/478 427/463/478 458/524/478 459/526/478
f 442/465/479 441/462/479 472/525/479 473/494/479
f 429/466/480 428/464/480 459/526/480 460/496/480
f 476/500/481 475/498/481 506/527/481 507/528/481
f 463/501/482 462/499/482 493/529/482 494/530/482
f 450/503/483 1039/531/483 481/532/483
f 477/504/484 476/500/484 507/528/484 508/533/484
f 464/505/485 463/501/485 494/530/485 495/534/485
f 451/506/486 450/503/486 481/532/486 482/535/486
f 478/507/487 477/504/487 508/533/487 509/536/487
f 465/508/488 464/505/488 495/534/488 496/537/488
f 452/509/489 451/506/489 482/535/489 483/538/489
f 479/510/490 478/507/490 509/536/490 510/539/490
f 466/511/491 465/508/491 496/537/491 497/540/491
f 453/512/492 452/509/492 483/538/492 484/541/492
f 480/513/493 479/510/493 510/539/493 511/542/493
f 467/514/494 466/511/494 497/540/494 498/543/494
f 454/515/495 453/512/495 484/541/495 485/544/495
f 1226/545/496 480/513/496 511/542/496
f 468/517/497 467/514/497 498/543/497 499/546/497
f 455/518/498 454/515/498 485/544/498 486/547/498
f 469/519/499 468/517/499 499/546/499 500/548/499
f 456/520/500 455/518/500 486/547/500 487/549/500
f 470/521/501 469/519/501 500/548/501 501/550/501
f 457/522/502 456/520/502 487/549/502 488/551/502
f 471/523/503 470/521/503 501/550/503 502/552/503
f 458/524/504 457/522/504 488/551/504 489/553/504
f 472/525/505 471/523/505 502/552/505 503/554/505
f 459/526/506 458/524/506 489/553/506 490/555/506
f 473/494/507 472/525/507 503/554/507 504/556/507
f 460/496/508 459/526/508 490/555/508 491/557/508
f 474/495/509 473/494/509 504/556/509 505/558/509
f 461/497/510 460/496/510 491/557/510 492/559/510
f 475/498/511 474/495/511 505/558/511 506/527/511
f 462/499/512 461/497/512 492/559/512 493/529/512
f 482/535/513 481/532/513 512/560/513 513/561/513
f 509/536/514 508/533/514 539/562/514 540/563/514
f 496/537/515 495/534/515 526/564/515 527/565/515
f 483/538/516 482/535/516 513/561/516 514/566/516
f 510/539/517 509/536/517 540/563/517 541/567/517
f 497/540/518 496/537/518 527/565/518 528/568/518
f 484/541/519 483/538/519 514/566/519 515/569/519
f 511/542/520 510/539/520 541/567/520 542/570/520
f 498/543/521 497/540/521 528/568/521 529/571/521
f 485/544/522 484/541/522 515/569/522 516/572/522
f 1226/573/523 511/542/523 542/570/523
f 499/546/524 498/543/524 529/571/524 530/574/524
f 486/547/525 485/544/525 516/572/525 517/575/525
f 500/548/526 499/546/526 530/574/526 531/576/526
f 487/549/527 486/547/527 517/575/527 518/577/527
f 501/550/528 500/548/528 531/576/528 532/578/528
f 488/551/529 487/549/529 518/577/529 519/579/529
f 502/552/530 501/550/530 532/578/530 533/580/530
f 489/553/531 488/551/531 519/579/531 520/581/531
f 503/554/532 502/552/532 533/580/532 534/582/532
f 490/555/533 489/553/533 520/581/533 521/583/533
f 504/556/534 503/554/534 534/582/534 535/584/534
f 491/557/535 490/555/535 521/583/535 522/585/535
f 505/558/536 504/556/536 535/584/536 536/586/536
f 492/559/537 491/557/537 522/585/537 523/587/537
f 506/527/538 505/558/538 536/586/538 537/588/538
f 493/529/539 492/559/539 523/587/539 524/589/539
f 507/528/540 506/527/540 537/588/540 538/590/540
f 494/530/541 493/529/541 524/589/541 525/591/541
f 481/532/542 1039/592/542 512/560/542
f 508/533/543 507/528/543 538/590/543 539/562/543
f 495/534/544 494/530/544 525/591/544 526/564/544
f 515/569/545 514/566/545 545/593/545 546/594/545
f 542/570/546 541/567/546 572/595/546 573/596/546
f 529/571/547 528/568/547 559/597/547 560/598/547
f 516/572/548 515/569/548 546/594/548 547/599/548
f 1226/600/549 542/570/549 573/596/549
f 530/574/550 529/571/550 560/598/550 561/601/550
f 517/575/551 516/572/551 547/599/551 548/602/551
f 531/576/552 530/574/552 561/601/552 562/603/552
f 518/577/553 517/575/553 548/602/553 549/604/553
f 532/578/554 531/576/554 562/603/554 563/605/554
f 519/579/555 518/577/555 549/604/555 550/606/555
f 533/580/556 532/578/556 563/605/556 564/607/556
f 520/581/557 519/579/557 550/606/557 551/608/557
f 534/582/558 533/580/558 564/607/558 565/609/558
f 521/583/559 520/581/559 551/608/559 552/610/559
f 535/584/560 534/582/560 565/609/560 566/611/560
f 522/585/561 521/583/561 552/610/561 553/612/561
f 536/586/562 535/584/562 566/611/562 567/613/562
f 523/587/563 522/585/563 553/612/563 554/614/563
f 537/588/564 536/586/564 567/613/564 568/615/564
f 524/589/565 523/587/565 554/614/565 555/616/565
f 538/590/566 537/588/566 568/615/566 569/617/566
f 525/591/567 524/589/567 555/616/567 556/618/567
f 512/560/568 1039/619/568 543/620/568
f 539/562/569 538/590/569 569/617/569 570/621/569
f 526/564/570 525/591/570 556/618/570 557/622/570
f 513/561/571 512/560/571 543/620/571 544/623/571
f 540/563/572 539/562/572 570/621/572 571/624/572
f 527/565/573 526/564/573 557/622/573 558/625/573
f 514/566/574 513/561/574 544/623/574 545/593/574
f 541/567/575 540/563/575 571/624/575 572/595/575
f 528/568/576 527/565/576 558/625/576 559/597/576
f 548/602/577 547/599/577 578/626/577 579/627/577
f 562/603/578 561/601/578 592/628/578 593/629/578
f 549/604/579 548/602/579 579/627/579 580/630/579
f 563/605/580 562/603/580 593/629/580 594/631/580
f 550/606/581 549/604/581 580/630/581 581/632/581
f 564/607/582 563/605/582 594/631/582 595/633/582
f 551/608/583 550/606/583 581/632/583 582/634/583
f 565/609/584 564/607/584 595/633/584 596/635/584
f 552/610/585 551/608/585 582/634/585 583/636/585
f 566/611/586 565/609/586 596/635/586 597/637/586
f 553/612/587 552/610/587 583/636/587 584/638/587
f 567/613/588 566/611/588 597/637/588 598/639/588
f 554/614/589 553/612/589 584/638/589 585/640/589
f 568/615/590 567/613/590 598/639/590 599/641/590
f 555/616/591 554/614/591 585/640/591 586/642/591
f 569/617/592 568/615/592 599/641/592 600/643/592
f 556/618/593 555/616/593 586/642/593 587/644/593
f 543/620/594 1039/645/594 574/646/594
f 570/621/595 569/617/595 600/643/595 601/647/595
f 557/622/596 556/618/596 587/644/596 588/648/596
f 544/623/597 543/620/597 574/646/597 575/649/597
f 571/624/598 570/621/598 601/647/598 602/650/598
f 558/625/599 557/622/599 588/648/599 589/651/599
f 545/593/600 544/623/600 575/649/600 576/652/600
f 572/595/601 571/624/601 602/650/601 603/653/601
f 559/597/602 558/625/602 589/651/602 590/654/602
f 546/594/603 545/593/603 576/652/603 577/655/603
f 573/596/604 572/595/604 603/653/604 604/656/604
f 560/598/605 559/597/605 590/654/605 591/657/605
f 547/599/606 546/594/606 577/655/606 578/626/606
f 1226/658/607 573/596/607 604/656/607
f 561/601/608 560/598/608 591/657/608 592/628/608
f 581/632/609 580/630/609 611/659/609 612/660/609
f 595/633/610 594/631/610 625/661/610 626/662/610
f 582/634/611 581/632/611 612/660/611 613/663/611
f 596/635/612 595/633/612 626/662/612 627/664/612
f 583/636/613 582/634/613 613/663/613 614/665/613
f 597/637/614 596/635/614 627/664/614 628/666/614
f 584/638/615 583/636/615 614/665/615 615/667/615
f 598/639/616 597/637/616 628/666/616 629/668/616
f 585/640/617 584/638/617 615/667/617 616/669/617
f 599/641/618 598/639/618 629/668/618 630/670/618
f 586/642/619 585/640/619 616/669/619 617/671/619
f 600/643/620 599/641/620 630/670/620 631/672/620
f 587/644/621 586/642/621 617/671/621 618/673/621
f 574/646/622 1039/674/622 605/675/622
f 601/647/623 600/643/623 631/672/623 632/676/623
f 588/648/624 587/644/624 618/673/624 619/677/624
f 575/649/625 574/646/625 605/675/625 606/678/625
f 602/650/626 601/647/626 632/676/626 633/679/626
f 589/651/627 588/648/627 619/677/627 620/680/627
f 576/652/628 575/649/628 606/678/628 607/681/628
f 603/653/629 602/650/629 633/679/629 634/682/629
f 590/654/630 589/651/630 620/680/630 621/683/630
f 577/655/631 576/652/631 607/681/631 608/684/631
f 604/656/632 603/653/632 634/682/632 635/685/632
f 591/657/633 590/654/633 621/683/633 622/686/633
f 578/626/634 577/655/634 608/684/634 609/687/634
f 1226/688/635 604/656/635 635/685/635
f 592/628/636 591/657/636 622/686/636 623/689/636
f 579/627/637 578/626/637 609/687/637 610/690/637
f 593/629/638 592/628/638 623/689/638 624/691/638
f 580/630/639 579/627/639 610/690/639 611/659/639
f 594/631/640 593/629/640 624/691/640 625/661/640
f 614/665/641 613/663/641 644/692/641 645/693/641
f 628/666/642 627/664/642 658/694/642 659/695/642
f 615/667/643 614/665/643 645/693/643 646/696/643
f 629/668/644 628/666/644 659/695/644 660/697/644
f 616/669/645 615/667/645 646/696/645 647/698/645
f 630/670/646 629/668/646 660/697/646 661/699/646
f 617/671/647 616/669/647 647/698/647 648/700/647
f 631/672/648 630/670/648 661/699/648 662/701/648
f 618/673/649 617/671/649 648/700/649 649/702/649
f 605/675/650 1039/703/650 636/704/650
f 632/676/651 631/672/651 662/701/651 663/705/651
f 619/677/652 618/673/652 649/702/652 650/706/652
f 606/678/653 605/675/653 636/704/653 637/707/653
f 633/679/654 632/676/654 663/705/654 664/708/654
f 620/680/655 619/677/655 650/706/655 651/709/655
f 607/681/656 606/678/656 637/707/656 638/710/656
f 634/682/657 633/679/657 664/708/657 665/711/657
f 621/683/658 620/680/658 651/709/658 652/712/658
f 608/684/659 607/681/659 638/710/659 639/713/659
f 635/685/660 634/682/660 665/711/660 666/714/660
f 622/686/661 621/683/661 652/712/661 653/715/661
f 609/687/662 608/684/662 639/713/662 640/716/662
f 1226/717/663 635/685/663 666/714/663
f 623/689/664 622/686/664 653/715/664 654/718/664
f 610/690/665 609/687/665 640/716/665 641/719/665
f 624/691/666 623/689/666 654/718/666 655/720/666
f 611/659/667 610/690/667 641/719/667 642/721/667
f 625/661/668 624/691/668 655/720/668 656/722/668
f 612/660/669 611/659/669 642/721/669 643/723/669
f 626/662/670 625/661/670 656/722/670 657/724/670
f 613/663/671 612/660/671 643/723/671 644/692/671
f 627/664/672 626/662/672 657/724/672 658/694/672
f 647/698/673 646/696/673 677/725/673 678/726/673
f 661/699/674 660/697/674 691/727/674 692/728/674
f 648/700/675 647/698/675 678/726/675 679/729/675
f 662/701/676 661/699/676 692/728/676 693/730/676
f 649/702/677 648/700/677 679/729/677 680/731/677
f 636/704/678 1039/732/678 667/733/678
f 663/705/679 662/701/679 693/730/679 694/734/679
f 650/706/680 649/702/680 680/731/680 681/735/680
f 637/707/681 636/704/681 667/733/681 668/736/681
f 664/708/682 663/705/682 694/734/682 695/737/682
f 651/709/683 650/706/683 681/735/683 682/738/683
f 638/710/684 637/707/684 668/736/684 669/739/684
f 665/711/685 664/708/685 695/737/685 696/740/685
f 652/712/686 651/709/686 682/738/686 683/741/686
f 639/713/687 638/710/687 669/739/687 670/742/687
f 666/714/688 665/711/688 696/740/688 697/743/688
f 653/715/689 652/712/689 683/741/689 684/744/689
f 640/716/690 639/713/690 670/742/690 671/745/690
f 1226/746/691 666/714/691 697/743/691
f 654/718/692 653/715/692 684/744/692 685/747/692
f 641/719/693 640/716/693 671/745/693 672/748/693
f 655/720/694 654/718/694 685/747/694 686/749/694
f 642/721/695 641/719/695 672/748/695 673/750/695
f 656/722/696 655/720/696 686/749/696 687/751/696
f 643/723/697 642/721/697 673/750/697 674/752/697
f 657/724/698 656/722/698 687/751/698 688/753/698
f 644/692/699 643/723/699 674/752/699 675/754/699
f 658/694/700 657/724/700 688/753/700 689/755/700
f 645/693/701 644/692/701 675/754/701 676/756/701
f 659/695/702 658/694/702 689/755/702 690/757/702
f 646/696/703 645/693/703 676/756/703 677/725/703
f 660/697/704 659/695/704 690/757/704 691/727/704
f 680/731/705 679/729/705 710/758/705 711/759/705
f 667/733/706 1039/760/706 698/761/706
f 694/734/707 693/730/707 724/762/707 725/763/707
f 681/735/708 680/731/708 711/759/708 712/764/708
f 668/736/709 667/733/709 698/761/709 699/765/709
f 695/737/710 694/734/710 725/763/710 726/766/710
f 682/738/711 681/735/711 712/764/711 713/767/711
f 669/739/712 668/736/712 699/765/712 700/768/712
f 696/740/713 695/737/713 726/766/713 727/769/713
f 683/741/714 682/738/714 713/767/714 714/770/714
f 670/742/715 669/739/715 700/768/715 701/771/715
f 697/743/716 696/740/716 727/769/716 728/772/716
f 684/744/717 683/741/717 714/770/717 715/773/717
f 671/745/718 670/742/718 701/771/718 702/774/718
f 1226/775/719 697/743/719 728/772/719
f 685/747/720 684/744/720 715/773/720 716/776/720
f 672/748/721 671/745/721 702/774/721 703/777/721
f 686/749/722 685/747/722 716/776/722 717/778/722
f 673/750/723 672/748/723 703/777/723 704/779/723
f 687/751/724 686/749/724 717/778/724 718/780/724
f 674/752/725 673/750/725 704/779/725 705/781/725
f 688/753/726 687/751/726 718/780/726 719/782/726
f 675/754/727 674/752/727 705/781/727 706/783/727
f 689/755/728 688/753/728 719/782/728 720/784/728
f 676/756/729 675/754/729 706/783/729 707/785/729
f 690/757/730 689/755/730 720/784/730 721/786/730
f 677/725/731 676/756/731 707/785/731 708/787/731
f 691/727/732 690/757/732 721/786/732 722/788/732
f 678/726/733 677/725/733 708/787/733 709/789/733
f 692/728/734 691/727/734 722/788/734 723/790/734
f 679/729/735 678/726/735 709/789/735 710/758/735
f 693/730/736 692/728/736 723/790/736 724/762/736
f 713/767/737 712/764/737 743/791/737 744/792/737
f 700/768/738 699/765/738 730/793/738 731/794/738
f 727/769/739 726/766/739 757/795/739 758/796/739
f 714/770/740 713/767/740 744/792/740 745/797/740
f 701/771/741 700/768/741 731/794/741 732/798/741
f 728/772/742 727/769/742 758/796/742 759/799/742
f 715/773/743 714/770/743 745/797/743 746/800/743
f 702/774/744 701/771/744 732/798/744 733/801/744
f 1226/802/745 728/772/745 759/799/745
f 716/776/746 715/773/746 746/800/746 747/803/746
f 703/777/747 702/774/747 733/801/747 734/804/747
f 717/778/748 716/776/748 747/803/748 748/805/748
f 704/779/749 703/777/749 734/804/749 735/806/749
f 718/780/750 717/778/750 748/805/750 749/807/750
f 705/781/751 704/779/751 735/806/751 736/808/751
f 719/782/752 718/780/752 749/807/752 750/809/752
f 706/783/753 705/781/753 736/808/753 737/810/753
f 720/784/754 719/782/754 750/809/754 751/811/754
f 707/785/755 706/783/755 737/810/755 738/812/755
f 721/786/756 720/784/756 751/811/756 752/813/756
f 708/787/757 707/785/757 738/812/757 739/814/757
f 722/788/758 721/786/758 752/813/758 753/815/758
f 709/789/759 708/787/759 739/814/759 740/816/759
f 723/790/760 722/788/760 753/815/760 754/817/760
f 710/758/761 709/789/761 740/816/761 741/818/761
f 724/762/762 723/790/762 754/817/762 755/819/762
f 711/759/763 710/758/763 741/818/763 742/820/763
f 698/761/764 1039/821/764 729/822/764
f 725/763/765 724/762/765 755/819/765 756/823/765
f 712/764/766 711/759/766 742/820/766 743/791/766
f 699/765/767 698/761/767 729/822/767 730/793/767
f 726/766/768 725/763/768 756/823/768 757/795/768
f 746/800/769 745/797/769 776/824/769 777/825/769
f 733/801/770 732/798/770 763/826/770 764/827/770
f 1226/828/771 759/799/771 790/829/771
f 747/803/772 746/800/772 777/825/772 778/830/772
f 734/804/773 733/801/773 764/827/773 765/831/773
f 748/805/774 747/803/774 778/830/774 779/832/774
f 735/806/775 734/804/775 765/831/775 766/833/775
f 749/807/776 748/805/776 779/832/776 780/834/776
f 736/808/777 735/806/777 766/833/777 767/835/777
f 750/809/778 749/807/778 780/834/778 781/836/778
f 737/810/779 736/808/779 767/835/779 768/837/779
f 751/811/780 750/809/780 781/836/780 782/838/780
f 738/812/781 737/810/781 768/837/781 769/839/781
f 752/813/782 751/811/782 782/838/782 783/840/782
f 739/814/783 738/812/783 769/839/783 770/841/783
f 753/815/784 752/813/784 783/840/784 784/842/784
f 740/816/785 739/814/785 770/841/785 771/843/785
f 754/817/786 753/815/786 784/842/786 785/844/786
f 741/818/787 740/816/787 771/843/787 772/845/787
f 755/819/788 754/817/788 785/844/788 786/846/788
f 742/820/789 741/818/789 772/845/789 773/847/789
f 729/822/790 1039/848/790 760/849/790
f 756/823/791 755/819/791 786/846/791 787/850/791
f 743/791/792 742/820/792 773/847/792 774/851/792
f 730/793/793 729/822/793 760/849/793 761/852/793
f 757/795/794 756/823/794 787/850/794 788/853/794
f 744/792/795 743/791/795 774/851/795 775/854/795
f 731/794/796 730/793/796 761/852/796 762/855/796
f 758/796/797 757/795/797 788/853/797 789/856/797
f 745/797/798 744/792/798 775/854/798 776/824/798
f 732/798/799 731/794/799 762/855/799 763/826/799
f 759/799/800 758/796/800 789/856/800 790/829/800
f 779/832/801 778/830/801 809/857/801 810/858/801
f 766/833/802 765/831/802 796/859/802 797/860/802
f 780/834/803 779/832/803 810/858/803 811/861/803
f 767/835/804 766/833/804 797/860/804 798/862/804
f 781/836/805 780/834/805 811/861/805 812/863/805
f 768/837/806 767/835/806 798/862/806 799/864/806
f 782/838/807 781/836/807 812/863/807 813/865/807
f 769/839/808 768/837/808 799/864/808 800/866/808
f 783/840/809 782/838/809 813/865/809 814/867/809
f 770/841/810 769/839/810 800/866/810 801/868/810
f 784/842/811 783/840/811 814/867/811 815/869/811
f 771/843/812 770/841/812 801/868/812 802/870/812
f 785/844/813 784/842/813 815/869/813 816/871/813
f 772/845/814 771/843/814 802/870/814 803/872/814
f 786/846/815 785/844/815 816/871/815 817/873/815
f 773/847/816 772/845/816 803/872/816 804/874/816
f 760/849/817 1039/875/817 791/876/817
f 787/850/818 786/846/818 817/873/818 818/877/818
f 774/851/819 773/847/819 804/874/819 805/878/819
f 761/852/820 760/849/820 791/876/820 792/879/820
f 788/853/821 787/850/821 818/877/821 819/880/821
f 775/854/822 774/851/822 805/878/822 806/881/822
f 762/855/823 761/852/823 792/879/823 793/882/823
f 789/856/824 788/853/824 819/880/824 820/883/824
f 776/824/825 775/854/825 806/881/825 807/884/825
f 763/826/826 762/855/826 793/882/826 794/885/826
f 790/829/827 789/856/827 820/883/827 821/886/827
f 777/825/828 776/824/828 807/884/828 808/887/828
f 764/827/829 763/826/829 794/885/829 795/888/829
f 1226/889/830 790/829/830 821/886/830
f 778/830/831 777/825/831 808/887/831 809/857/831
f 765/831/832 764/827/832 795/888/832 796/859/832
f 810/858/833 809/857/833 840/890/833 841/891/833
f 797/860/834 796/859/834 827/892/834 828/893/834
f 811/861/835 810/858/835 841/891/835 842/894/835
f 798/862/836 797/860/836 828/893/836 829/895/836
f 812/863/837 811/861/837 842/894/837 843/896/837
f 799/864/838 798/862/838 829/895/838 830/897/838
f 813/865/839 812/863/839 843/896/839 844/898/839
f 800/866/840 799/864/840 830/897/840 831/899/840
f 814/867/841 813/865/841 844/898/841 845/900/841
f 801/868/842 800/866/842 831/899/842 832/901/842
f 815/869/843 814/867/843 845/900/843 846/902/843
f 802/870/844 801/868/844 832/901/844 833/903/844
f 816/871/845 815/869/845 846/902/845 847/904/845
f 803/872/846 802/870/846 833/903/846 834/905/846
f 817/873/847 816/871/847 847/904/847 848/906/847
f 804/874/848 803/872/848 834/905/848 835/907/848
f 791/876/849 1039/908/849 822/909/849
f 818/877/850 817/873/850 848/906/850 849/910/850
f 805/878/851 804/874/851 835/907/851 836/911/851
f 792/879/852 791/876/852 822/909/852 823/912/852
f 819/880/853 818/877/853 849/910/853 850/913/853
f 806/881/854 805/878/854 836/911/854 837/914/854
f 793/882/855 792/879/855 823/912/855 824/915/855
f 820/883/856 819/880/856 850/913/856 851/916/856
f 807/884/857 806/881/857 837/914/857 838/917/857
f 794/885/858 793/882/858 824/915/858 825/918/858
f 821/886/859 820/883/859 851/916/859 852/919/859
f 808/887/860 807/884/860 838/917/860 839/920/860
f 795/888/861 794/885/861 825/918/861 826/921/861
f 1226/922/862 821/886/862 852/919/862
f 809/857/863 808/887/863 839/920/863 840/890/863
f 796/859/864 795/888/864 826/921/864 827/892/864
f 843/896/865 842/894/865 873/923/865 874/924/865
f 830/897/866 829/895/866 860/925/866 861/926/866
f 844/898/867 843/896/867 874/924/867 875/927/867
f 831/899/868 830/897/868 861/926/868 862/928/868
f 845/900/869 844/898/869 875/927/869 876/929/869
f 832/901/870 831/899/870 862/928/870 863/930/870
f 846/902/871 845/900/871 876/929/871 877/931/871
f 833/903/872 832/901/872 863/930/872 864/932/872
f 847/904/873 846/902/873 877/931/873 878/933/873
f 834/905/874 833/903/874 864/932/874 865/934/874
f 848/906/875 847/904/875 878/933/875 879/935/875
f 835/907/876 834/905/876 865/934/876 866/936/876
f 822/909/877 1039/937/877 853/938/877
f 849/910/878 848/906/878 879/935/878 880/939/878
f 836/911/879 835/907/879 866/936/879 867/940/879
f 823/912/880 822/909/880 853/938/880 854/941/880
f 850/913/881 849/910/881 880/939/881 881/942/881
f 837/914/882 836/911/882 867/940/882 868/943/882
f 824/915/883 823/912/883 854/941/883 855/944/883
f 851/916/884 850/913/884 881/942/884 882/945/884
f 838/917/885 837/914/885 868/943/885 869/946/885
f 825/918/886 824/915/886 855/944/886 856/947/886
f 852/919/887 851/916/887 882/945/887 883/948/887
f 839/920/888 838/917/888 869/946/888 870/949/888
f 826/921/889 825/918/889 856/947/889 857/950/889
f 1226/951/890 852/919/890 883/948/890
f 840/890/891 839/920/891 870/949/891 871/952/891
f 827/892/892 826/921/892 857/950/892 858/953/892
f 841/891/893 840/890/893 871/952/893 872/954/893
f 828/893/894 827/892/894 858/953/894 859/955/894
f 842/894/895 841/891/895 872/954/895 873/923/895
f 829/895/896 828/893/896 859/955/896 860/925/896
f 876/929/897 875/927/897 906/956/897 907/957/897
f 863/930/898 862/928/898 893/958/898 894/959/898
f 877/931/899 876/929/899 907/957/899 908/960/899
f 864/932/900 863/930/900 894/959/900 895/961/900
f 878/933/901 877/931/901 908/960/901 909/962/901
f 865/934/902 864/932/902 895/961/902 896/963/902
f 879/935/903 878/933/903 909/962/903 910/964/903
f 866/936/904 865/934/904 896/963/904 897/965/904
f 853/938/905 1039/966/905 884/967/905
f 880/939/906 879/935/906 910/964/906 911/968/906
f 867/940/907 866/936/907 897/965/907 898/969/907
f 854/941/908 853/938/908 884/967/908 885/970/908
f 881/942/909 880/939/909 911/968/909 912/971/909
f 868/943/910 867/940/910 898/969/910 899/972/910
f 855/944/911 854/941/911 885/970/911 886/973/911
f 882/945/912 881/942/912 912/971/912 913/974/912
f 869/946/913 868/943/913 899/972/913 900/975/913
f 856/947/914 855/944/914 886/973/914 887/976/914
f 883/948/915 882/945/915 913/974/915 914/977/915
f 870/949/916 869/946/916 900/975/916 901/978/916
f 857/950/917 856/947/917 887/976/917 888/979/917
f 1226/980/918 883/948/918 914/977/918
f 871/952/919 870/949/919 901/978/919 902/981/919
f 858/953/920 857/950/920 888/979/920 889/982/920
f 872/954/921 871/952/921 902/981/921 903/983/921
f 859/955/922 858/953/922 889/982/922 890/984/922
f 873/923/923 872/954/923 903/983/923 904/985/923
f 860/925/924 859/955/924 890/984/924 891/986/924
f 874/924/925 873/923/925 904/985/925 905/987/925
f 861/926/926 860/925/926 891/986/926 892/988/926
f 875/927/927 874/924/927 905/987/927 906/956/927
f 862/928/928 861/926/928 892/988/928 893/958/928
f 909/962/929 908/960/929 939/989/929 940/990/929
f 896/963/930 895/961/930 926/991/930 927/992/930
f 910/964/931 909/962/931 940/990/931 941/993/931
f 897/965/932 896/963/932 927/992/932 928/994/932
f 884/967/933 1039/995/933 915/996/933
f 911/968/934 910/964/934 941/993/934 942/997/934
f 898/969/935 897/965/935 928/994/935 929/998/935
f 885/970/936 884/967/936 915/996/936 916/999/936
f 912/971/937 911/968/937 942/997/937 943/1000/937
f 899/972/938 898/969/938 929/998/938 930/1001/938
f 886/973/939 885/970/939 916/999/939 917/1002/939
f 913/974/940 912/971/940 943/1000/940 944/1003/940
f 900/975/941 899/972/941 930/1001/941 931/1004/941
f 887/976/942 886/973/942 917/1002/942 918/1005/942
f 914/977/943 913/974/943 944/1003/943 945/1006/943
f 901/978/944 900/975/944 931/1004/944 932/1007/944
f 888/979/945 887/976/945 918/1005/945 919/1008/945
f 1226/1009/946 914/977/946 945/1006/946
f 902/981/947 901/978/947 932/1007/947 933/1010/947
f 889/982/948 888/979/948 919/1008/948 920/1011/948
f 903/983/949 902/981/949 933/1010/949 934/1012/949
f 890/984/950 889/982/950 920/1011/950 921/1013/950
f 904/985/951 903/983/951 934/1012/951 935/1014/951
f 891/986/952 890/984/952 921/1013/952 922/1015/952
f 905/987/953 904/985/953 935/1014/953 936/1016/953
f 892/988/954 891/986/954 922/1015/954 923/1017/954
f 906/956/955 905/987/955 936/1016/955 937/1018/955
f 893/958/956 892/988/956 923/1017/956 924/1019/956
f 907/957/957 906/956/957 937/1018/957 938/1020/957
f 894/959/958 893/958/958 924/1019/958 925/1021/958
f 908/960/959 907/957/959 938/1020/959 939/989/959
f 895/961/960 894/959/960 925/1021/960 926/991/960
f 942/997/961 941/993/961 972/1022/961 973/1023/961
f 929/998/962 928/994/962 959/1024/962 960/1025/962
f 916/999/963 915/996/963 946/1026/963 947/1027/963
f 943/1000/964 942/997/964 973/1023/964 974/1028/964
f 930/1001/965 929/998/965 960/1025/965 961/1029/965
f 917/1002/966 916/999/966 947/1027/966 948/1030/966
f 944/1003/967 943/1000/967 974/1028/967 975/1031/967
f 931/1004/968 930/1001/968 961/1029/968 962/1032/968
f 918/1005/969 917/1002/969 948/1030/969 949/1033/969
f 945/1006/970 944/1003/970 975/1031/970 976/1034/970
f 932/1007/971 931/1004/971 962/1032/971 963/1035/971
f 919/1008/972 918/1005/972 949/1033/972 950/1036/972
f 1226/1037/973 945/1006/973 976/1034/973
f 933/1010/974 932/1007/974 963/1035/974 964/1038/974
f 920/1011/975 919/1008/975 950/1036/975 951/1039/975
f 934/1012/976 933/1010/976 964/1038/976 965/1040/976
f 921/1013/977 920/1011/977 951/1039/977 952/1041/977
f 935/1014/978 934/1012/978 965/1040/978 966/1042/978
f 922/1015/979 921/1013/979 952/1041/979 953/1043/979
f 936/1016/980 935/1014/980 966/1042/980 967/1044/980
f 923/1017/981 922/1015/981 953/1043/981 954/1045/981
f 937/1018/982 936/1016/982 967/1044/982 968/1046/982
f 924/1019/983 923/1017/983 954/1045/983 955/1047/983
f 938/1020/984 937/1018/984 968/1046/984 969/1048/984
f 925/1021/985 924/1019/985 955/1047/985 956/1049/985
f 939/989/986 938/1020/986 969/1048/986 970/1050/986
f 926/991/987 925/1021/987 956/1049/987 957/1051/987
f 940/990/988 939/989/988 970/1050/988 971/1052/988
f 927/992/989 926/991/989 957/1051/989 958/1053/989
f 941/993/990 940/990/990 971/1052/990 972/1022/990
f 928/994/991 927/992/991 958/1053/991 959/1024/991
f 915/996/992 1039/1054/992 946/1026/992
f 975/1031/993 974/1028/993 1005/1055/993 1006/1056/993
f 962/1032/994 961/1029/994 992/1057/994 993/1058/994
f 949/1033/995 948/1030/995 979/1059/995 980/1060/995
f 976/1034/996 975/1031/996 1006/1056/996 1007/1061/996
f 963/1035/997 962/1032/997 993/1058/997 994/1062/997
f 950/1036/998 949/1033/998 980/1060/998 981/1063/998
f 1226/1064/999 976/1034/999 1007/1061/999
f 964/1038/1000 963/1035/1000 994/1062/1000 995/1065/1000
f 951/1039/1001 950/1036/1001 981/1063/1001 982/1066/1001
f 965/1040/1002 964/1038/1002 995/1065/1002 996/1067/1002
f 952/1041/1003 951/1039/1003 982/1066/1003 983/1068/1003
f 966/1042/1004 965/1040/1004 996/1067/1004 997/1069/1004
f 953/1043/1005 952/1041/1005 983/1068/1005 984/1070/1005
f 967/1044/1006 966/1042/1006 997/1069/1006 998/1071/1006
f 954/1045/1007 953/1043/1007 984/1070/1007 985/1072/1007
f 968/1046/1008 967/1044/1008 998/1071/1008 999/1073/1008
f 955/1047/1009 954/1045/1009 985/1072/1009 986/1074/1009
f 969/1048/1010 968/1046/1010 999/1073/1010 1000/1075/1010
f 956/1049/1011 955/1047/1011 986/1074/1011 987/1076/1011
f 970/1050/1012 969/1048/1012 1000/1075/1012 1001/1077/1012
f 957/1051/1013 956/1049/1013 987/1076/1013 988/1078/1013
f 971/1052/1014 970/1050/1014 1001/1077/1014 1002/1079/1014
f 958/1053/1015 957/1051/1015 988/1078/1015 989/1080/1015
f 972/1022/1016 971/1052/1016 1002/1079/1016 1003/1081/1016
f 959/1024/1017 958/1053/1017 989/1080/1017 990/1082/1017
f 946/1026/1018 1039/1083/1018 977/1084/1018
f 973/1023/1019 972/1022/1019 1003/1081/1019 1004/1085/1019
f 960/1025/1020 959/1024/1020 990/1082/1020 991/1086/1020
f 947/1027/1021 946/1026/1021 977/1084/1021 978/1087/1021
f 974/1028/1022 973/1023/1022 1004/1085/1022 1005/1055/1022
f 961/1029/1023 960/1025/1023 991/1086/1023 992/1057/1023
f 948/1030/1024 947/1027/1024 978/1087/1024 979/1059/1024
f 1226/1088/1025 1007/1061/1025 1038/1089/1025
f 995/1065/1026 994/1062/1026 1025/1090/1026 1026/1091/1026
f 982/1066/1027 981/1063/1027 1012/1092/1027 1013/1093/1027
f 996/1067/1028 995/1065/1028 1026/1091/1028 1027/1094/1028
f 983/1068/1029 982/1066/1029 1013/1093/1029 1014/1095/1029
f 997/1069/1030 996/1067/1030 1027/1094/1030 1028/1096/1030
f 984/1070/1031 983/1068/1031 1014/1095/1031 1015/1097/1031
f 998/1071/1032 997/1069/1032 1028/1096/1032 1029/1098/1032
f 985/1072/1033 984/1070/1033 1015/1097/1033 1016/1099/1033
f 999/1073/1034 998/1071/1034 1029/1098/1034 1030/1100/1034
f 986/1074/1035 985/1072/1035 1016/1099/1035 1017/1101/1035
f 1000/1075/1036 999/1073/1036 1030/1100/1036 1031/1102/1036
f 987/1076/1037 986/1074/1037 1017/1101/1037 1018/1103/1037
f 1001/1077/1038 1000/1075/1038 1031/1102/1038 1032/1104/1038
f 988/1078/1039 987/1076/1039 1018/1103/1039 1019/1105/1039
f 1002/1079/1040 1001/1077/1040 1032/1104/1040 1033/1106/1040
f 989/1080/1041 988/1078/1041 1019/1105/1041 1020/1107/1041
f 1003/1081/1042 1002/1079/1042 1033/1106/1042 1034/1108/1042
f 990/1082/1043 989/1080/1043 1020/1107/1043 1021/1109/1043
f 977/1084/1044 1039/1110/1044 1008/1111/1044
f 1004/1085/1045 1003/1081/1045 1034/1108/1045 1035/1112/1045
f 991/1086/1046 990/1082/1046 1021/1109/1046 1022/1113/1046
f 978/1087/1047 977/1084/1047 1008/1111/1047 1009/1114/1047
f 1005/1055/1048 1004/1085/1048 1035/1112/1048 1036/1115/1048
f 992/1057/1049 991/1086/1049 1022/1113/1049 1023/1116/1049
f 979/1059/1050 978/1087/1050 1009/1114/1050 1010/1117/1050
f 1006/1056/1051 1005/1055/1051 1036/1115/1051 1037/1118/1051
f 993/1058/1052 992/1057/1052 1023/1116/1052 1024/1119/1052
f 980/1060/1053 979/1059/1053 1010/1117/1053 1011/1120/1053
f 1007/1061/1054 1006/1056/1054 1037/1118/1054 1038/1089/1054
f 994/1062/1055 993/1058/1055 1024/1119/1055 1025/1090/1055
f 981/1063/1056 980/1060/1056 1011/1120/1056 1012/1092/1056
f 1028/1096/1057 1027/1094/1057 1059/1121/1057 1060/1122/1057
f 1015/1097/1058 1014/1095/1058 1046/1123/1058 1047/1124/1058
f 1029/1098/1059 1028/1096/1059 1060/1122/1059 1061/1125/1059
f 1016/1099/1060 1015/1097/1060 1047/1124/1060 1048/1126/1060
f 1030/1100/1061 1029/1098/1061 1061/1125/1061 1062/1127/1061
f 1017/1101/1062 1016/1099/1062 1048/1126/1062 1049/1128/1062
f 1031/1102/1063 1030/1100/1063 1062/1127/1063 1063/1129/1063
f 1018/1103/1064 1017/1101/1064 1049/1128/1064 1050/1130/1064
f 1032/1104/1065 1031/1102/1065 1063/1129/1065 1064/1131/1065
f 1019/1105/1066 1018/1103/1066 1050/1130/1066 1051/1132/1066
f 1033/1106/1067 1032/1104/1067 1064/1131/1067 1065/1133/1067
f 1020/1107/1068 1019/1105/1068 1051/1132/1068 1052/1134/1068
f 1034/1108/1069 1033/1106/1069 1065/1133/1069 1066/1135/1069
f 1021/1109/1070 1020/1107/1070 1052/1134/1070 1053/1136/1070
f 1008/1111/1071 1039/1137/1071 1040/1138/1071
f 1035/1112/1072 1034/1108/1072 1066/1135/1072 1067/1139/1072
f 1022/1113/1073 1021/1109/1073 1053/1136/1073 1054/1140/1073
f 1009/1114/1074 1008/1111/1074 1040/1138/1074 1041/1141/1074
f 1036/1115/1075 1035/1112/1075 1067/1139/1075 1068/1142/1075
f 1023/1116/1076 1022/1113/1076 1054/1140/1076 1055/1143/1076
f 1010/1117/1077 1009/1114/1077 1041/1141/1077 1042/1144/1077
f 1037/1118/1078 1036/1115/1078 1068/1142/1078 1069/1145/1078
f 1024/1119/1079 1023/1116/1079 1055/1143/1079 1056/1146/1079
f 1011/1120/1080 1010/1117/1080 1042/1144/1080 1043/1147/1080
f 1038/1089/1081 1037/1118/1081 1069/1145/1081 1070/1148/1081
f 1025/1090/1082 1024/1119/1082 1056/1146/1082 1057/1149/1082
f 1012/1092/1083 1011/1120/1083 1043/1147/1083 1044/1150/1083
f 1226/1151/1084 1038/1089/1084 1070/1148/1084
f 1026/1091/1085 1025/1090/1085 1057/1149/1085 1058/1152/1085
f 1013/1093/1086 1012/1092/1086 1044/1150/1086 1045/1153/1086
f 1027/1094/1087 1026/1091/1087 1058/1152/1087 1059/1121/1087
f 1014/1095/1088 1013/1093/1088 1045/1153/1088 1046/1123/1088
f 1062/1127/1089 1061/1125/1089 1092/1154/1089 1093/1155/1089
f 1049/1128/1090 1048/1126/1090 1079/1156/1090 1080/1157/1090
f 1063/1129/1091 1062/1127/1091 1093/1155/1091 1094/1158/1091
f 1050/1130/1092 1049/1128/1092 1080/1157/1092 1081/1159/1092
f 1064/1131/1093 1063/1129/1093 1094/1158/1093 1095/1160/1093
f 1051/1132/1094 1050/1130/1094 1081/1159/1094 1082/1161/1094
f 1065/1133/1095 1064/1131/1095 1095/1160/1095 1096/1162/1095
f 1052/1134/1096 1051/1132/1096 1082/1161/1096 1083/1163/1096
f 1066/1135/1097 1065/1133/1097 1096/1162/1097 1097/1164/1097
f 1053/1136/1098 1052/1134/1098 1083/1163/1098 1084/1165/1098
f 1040/1138/1099 1039/1166/1099 1071/1167/1099
f 1067/1139/1100 1066/1135/1100 1097/1164/1100 1098/1168/1100
f 1054/1140/1101 1053/1136/1101 1084/1165/1101 1085/1169/1101
f 1041/1141/1102 1040/1138/1102 1071/1167/1102 1072/1170/1102
f 1068/1142/1103 1067/1139/1103 1098/1168/1103 1099/1171/1103
f 1055/1143/1104 1054/1140/1104 1085/1169/1104 1086/1172/1104
f 1042/1144/1105 1041/1141/1105 1072/1170/1105 1073/1173/1105
f 1069/1145/1106 1068/1142/1106 1099/1171/1106 1100/1174/1106
f 1056/1146/1107 1055/1143/1107 1086/1172/1107 1087/1175/1107
f 1043/1147/1108 1042/1144/1108 1073/1173/1108 1074/1176/1108
f 1070/1148/1109 1069/1145/1109 1100/1174/1109 1101/1177/1109
f 1057/1149/1110 1056/1146/1110 1087/1175/1110 1088/1178/1110
f 1044/1150/1111 1043/1147/1111 1074/1176/1111 1075/1179/1111
f 1226/1180/1112 1070/1148/1112 1101/1177/1112
f 1058/1152/1113 1057/1149/1113 1088/1178/1113 1089/1181/1113
f 1045/1153/1114 1044/1150/1114 1075/1179/1114 1076/1182/1114
f 1059/1121/1115 1058/1152/1115 1089/1181/1115 1090/1183/1115
f 1046/1123/1116 1045/1153/1116 1076/1182/1116 1077/1184/1116
f 1060/1122/1117 1059/1121/1117 1090/1183/1117 1091/1185/1117
f 1047/1124/1118 1046/1123/1118 1077/1184/1118 1078/1186/1118
f 1061/1125/1119 1060/1122/1119 1091/1185/1119 1092/1154/1119
f 1048/1126/1120 1047/1124/1120 1078/1186/1120 1079/1156/1120
f 1095/1160/1121 1094/1158/1121 1125/1187/1121 1126/1188/1121
f 1082/1161/1122 1081/1159/1122 1112/1189/1122 1113/1190/1122
f 1096/1162/1123 1095/1160/1123 1126/1188/1123 1127/1191/1123
f 1083/1163/1124 1082/1161/1124 1113/1190/1124 1114/1192/1124
f 1097/1164/1125 1096/1162/1125 1127/1191/1125 1128/1193/1125
f 1084/1165/1126 1083/1163/1126 1114/1192/1126 1115/1194/1126
f 1071/1167/1127 1039/1195/1127 1102/1196/1127
f 1098/1168/1128 1097/1164/1128 1128/1193/1128 1129/1197/1128
f 1085/1169/1129 1084/1165/1129 1115/1194/1129 1116/1198/1129
f 1072/1170/1130 1071/1167/1130 1102/1196/1130 1103/1199/1130
f 1099/1171/1131 1098/1168/1131 1129/1197/1131 1130/1200/1131
f 1086/1172/1132 1085/1169/1132 1116/1198/1132 1117/1201/1132
f 1073/1173/1133 1072/1170/1133 1103/1199/1133 1104/1202/1133
f 1100/1174/1134 1099/1171/1134 1130/1200/1134 1131/1203/1134
f 1087/1175/1135 1086/1172/1135 1117/1201/1135 1118/1204/1135
f 1074/1176/1136 1073/1173/1136 1104/1202/1136 1105/1205/1136
f 1101/1177/1137 1100/1174/1137 1131/1203/1137 1132/1206/1137
f 1088/1178/1138 1087/1175/1138 1118/1204/1138 1119/1207/1138
f 1075/1179/1139 1074/1176/1139 1105/1205/1139 1106/1208/1139
f 1226/1209/1140 1101/1177/1140 1132/1206/1140
f 1089/1181/1141 1088/1178/1141 1119/1207/1141 1120/1210/1141
f 1076/1182/1142 1075/1179/1142 1106/1208/1142 1107/1211/1142
f 1090/1183/1143 1089/1181/1143 1120/1210/1143 1121/1212/1143
f 1077/1184/1144 1076/1182/1144 1107/1211/1144 1108/1213/1144
f 1091/1185/1145 1090/1183/1145 1121/1212/1145 1122/1214/1145
f 1078/1186/1146 1077/1184/1146 1108/1213/1146 1109/1215/1146
f 1092/1154/1147 1091/1185/1147 1122/1214/1147 1123/1216/1147
f 1079/1156/1148 1078/1186/1148 1109/1215/1148 1110/1217/1148
f 1093/1155/1149 1092/1154/1149 1123/1216/1149 1124/1218/1149
f 1080/1157/1150 1079/1156/1150 1110/1217/1150 1111/1219/1150
f 1094/1158/1151 1093/1155/1151 1124/1218/1151 1125/1187/1151
f 1081/1159/1152 1080/1157/1152 1111/1219/1152 1112/1189/1152
f 1128/1193/1153 1127/1191/1153 1158/1220/1153 1159/1221/1153
f 1115/1194/1154 1114/1192/1154 1145/1222/1154 1146/1223/1154
f 1102/1196/1155 1039/1224/1155 1133/1225/1155
f 1129/1197/1156 1128/1193/1156 1159/1221/1156 1160/1226/1156
f 1116/1198/1157 1115/1194/1157 1146/1223/1157 1147/1227/1157
f 1103/1199/1158 1102/1196/1158 1133/1225/1158 1134/1228/1158
f 1130/1200/1159 1129/1197/1159 1160/1226/1159 1161/1229/1159
f 1117/1201/1160 1116/1198/1160 1147/1227/1160 1148/1230/1160
f 1104/1202/1161 1103/1199/1161 1134/1228/1161 1135/1231/1161
f 1131/1203/1162 1130/1200/1162 1161/1229/1162 1162/1232/1162
f 1118/1204/1163 1117/1201/1163 1148/1230/1163 1149/1233/1163
f 1105/1205/1164 1104/1202/1164 1135/1231/1164 1136/1234/1164
f 1132/1206/1165 1131/1203/1165 1162/1232/1165 1163/1235/1165
f 1119/1207/1166 1118/1204/1166 1149/1233/1166 1150/1236/1166
f 1106/1208/1167 1105/1205/1167 1136/1234/1167 1137/1237/1167
f 1226/1238/1168 1132/1206/1168 1163/1235/1168
f 1120/1210/1169 1119/1207/1169 1150/1236/1169 1151/1239/1169
f 1107/1211/1170 1106/1208/1170 1137/1237/1170 1138/1240/1170
f 1121/1212/1171 1120/1210/1171 1151/1239/1171 1152/1241/1171
f 1108/1213/1172 1107/1211/1172 1138/1240/1172 1139/1242/1172
f 1122/1214/1173 1121/1212/1173 1152/1241/1173 1153/1243/1173
f 1109/1215/1174 1108/1213/1174 1139/1242/1174 1140/1244/1174
f 1123/1216/1175 1122/1214/1175 1153/1243/1175 1154/1245/1175
f 1110/1217/1176 1109/1215/1176 1140/1244/1176 1141/1246/1176
f 1124/1218/1177 1123/1216/1177 1154/1245/1177 1155/1247/1177
f 1111/1219/1178 1110/1217/1178 1141/1246/1178 1142/1248/1178
f 1125/1187/1179 1124/1218/1179 1155/1247/1179 1156/1249/1179
f 1112/1189/1180 1111/1219/1180 1142/1248/1180 1143/1250/1180
f 1126/1188/1181 1125/1187/1181 1156/1249/1181 1157/1251/1181
f 1113/1190/1182 1112/1189/1182 1143/1250/1182 1144/1252/1182
f 1127/1191/1183 1126/1188/1183 1157/1251/1183 1158/1220/1183
f 1114/1192/1184 1113/1190/1184 1144/1252/1184 1145/1222/1184
f 1134/1228/1185 1133/1225/1185 1164/1253/1185 1165/1254/1185
f 1161/1229/1186 1160/1226/1186 1191/1255/1186 1192/1256/1186
f 1148/1230/1187 1147/1227/1187 1178/1257/1187 1179/1258/1187
f 1135/1231/1188 1134/1228/1188 1165/1254/1188 1166/1259/1188
f 1162/1232/1189 1161/1229/1189 1192/1256/1189 1193/1260/1189
f 1149/1233/1190 1148/1230/1190 1179/1258/1190 1180/1261/1190
f 1136/1234/1191 1135/1231/1191 1166/1259/1191 1167/1262/1191
f 1163/1235/1192 1162/1232/1192 1193/1260/1192 1194/1263/1192
f 1150/1236/1193 1149/1233/1193 1180/1261/1193 1181/1264/1193
f 1137/1237/1194 1136/1234/1194 1167/1262/1194 1168/1265/1194
f 1226/1266/1195 1163/1235/1195 1194/1263/1195
f 1151/1239/1196 1150/1236/1196 1181/1264/1196 1182/1267/1196
f 1138/1240/1197 1137/1237/1197 1168/1265/1197 1169/1268/1197
f 1152/1241/1198 1151/1239/1198 1182/1267/1198 1183/1269/1198
f 1139/1242/1199 1138/1240/1199 1169/1268/1199 1170/1270/1199
f 1153/1243/1200 1152/1241/1200 1183/1269/1200 1184/1271/1200
f 1140/1244/1201 1139/1242/1201 1170/1270/1201 1171/1272/1201
f 1154/1245/1202 1153/1243/1202 1184/1271/1202 1185/1273/1202
f 1141/1246/1203 1140/1244/1203 1171/1272/1203 1172/1274/1203
f 1155/1247/1204 1154/1245/1204 1185/1273/1204 1186/1275/1204
f 1142/1248/1205 1141/1246/1205 1172/1274/1205 1173/1276/1205
f 1156/1249/1206 1155/1247/1206 1186/1275/1206 1187/1277/1206
f 1143/1250/1207 1142/1248/1207 1173/1276/1207 1174/1278/1207
f 1157/1251/1208 1156/1249/1208 1187/1277/1208 1188/1279/1208
f 1144/1252/1209 1143/1250/1209 1174/1278/1209 1175/1280/1209
f 1158/1220/1210 1157/1251/1210 1188/1279/1210 1189/1281/1210
f 1145/1222/1211 1144/1252/1211 1175/1280/1211 1176/1282/1211
f 1159/1221/1212 1158/1220/1212 1189/1281/1212 1190/1283/1212
f 1146/1223/1213 1145/1222/1213 1176/1282/1213 1177/1284/1213
f 1133/1225/1214 1039/1285/1214 1164/1253/1214
f 1160/1226/1215 1159/1221/1215 1190/1283/1215 1191/1255/1215
f 1147/1227/1216 1146/1223/1216 1177/1284/1216 1178/1257/1216
f 1167/1262/1217 1166/1259/1217 1197/1286/1217 1198/1287/1217
f 1194/1263/1218 1193/1260/1218 1224/1288/1218 1225/1289/1218
f 1181/1264/1219 1180/1261/1219 1211/1290/1219 1212/1291/1219
f 1168/1265/1220 1167/1262/1220 1198/1287/1220 1199/1292/1220
f 1226/1293/1221 1194/1263/1221 1225/1289/1221
f 1182/1267/1222 1181/1264/1222 1212/1291/1222 1213/1294/1222
f 1169/1268/1223 1168/1265/1223 1199/1292/1223 1200/1295/1223
f 1183/1269/1224 1182/1267/1224 1213/1294/1224 1214/1296/1224
f 1170/1270/1225 1169/1268/1225 1200/1295/1225 1201/1297/1225
f 1184/1271/1226 1183/1269/1226 1214/1296/1226 1215/1298/1226
f 1171/1272/1227 1170/1270/1227 1201/1297/1227 1202/1299/1227
f 1185/1273/1228 1184/1271/1228 1215/1298/1228 1216/1300/1228
f 1172/1274/1229 1171/1272/1229 1202/1299/1229 1203/1301/1229
f 1186/1275/1230 1185/1273/1230 1216/1300/1230 1217/1302/1230
f 1173/1276/1231 1172/1274/1231 1203/1301/1231 1204/1303/1231
f 1187/1277/1232 1186/1275/1232 1217/1302/1232 1218/1304/1232
f 1174/1278/1233 1173/1276/1233 1204/1303/1233 1205/1305/1233
f 1188/1279/1234 1187/1277/1234 1218/1304/1234 1219/1306/1234
f 1175/1280/1235 1174/1278/1235 1205/1305/1235 1206/1307/1235
f 1189/1281/1236 1188/1279/1236 1219/1306/1236 1220/1308/1236
f 1176/1282/1237 1175/1280/1237 1206/1307/1237 1207/1309/1237
f 1190/1283/1238 1189/1281/1238 1220/1308/1238 1221/1310/1238
f 1177/1284/1239 1176/1282/1239 1207/1309/1239 1208/1311/1239
f 1164/1253/1240 1039/1312/1240 1195/1313/1240
f 1191/1255/1241 1190/1283/1241 1221/1310/1241 1222/1314/1241
f 1178/1257/1242 1177/1284/1242 1208/1311/1242 1209/1315/1242
f 1165/1254/1243 1164/1253/1243 1195/1313/1243 1196/1316/1243
f 1192/1256/1244 1191/1255/1244 1222/1314/1244 1223/1317/1244
f 1179/1258/1245 1178/1257/1245 1209/1315/1245 1210/1318/1245
f 1166/1259/1246 1165/1254/1246 1196/1316/1246 1197/1286/1246
f 1193/1260/1247 1192/1256/1247 1223/1317/1247 1224/1288/1247
f 1180/1261/1248 1179/1258/1248 1210/1318/1248 1211/1290/1248
f 1200/1295/1249 1199/1292/1249 1231/1319/1249 1232/1320/1249
f 1214/1296/1250 1213/1294/1250 1245/1321/1250 1246/1322/1250
f 1201/1297/1251 1200/1295/1251 1232/1320/1251 1233/1323/1251
f 1215/1298/1252 1214/1296/1252 1246/1322/1252 1247/1324/1252
f 1202/1299/1253 1201/1297/1253 1233/1323/1253 1234/1325/1253
f 1216/1300/1254 1215/1298/1254 1247/1324/1254 1248/1326/1254
f 1203/1301/1255 1202/1299/1255 1234/1325/1255 1235/1327/1255
f 1217/1302/1256 1216/1300/1256 1248/1326/1256 1249/1328/1256
f 1204/1303/1257 1203/1301/1257 1235/1327/1257 1236/1329/1257
f 1218/1304/1258 1217/1302/1258 1249/1328/1258 1250/1330/1258
f 1205/1305/1259 1204/1303/1259 1236/1329/1259 1237/1331/1259
f 1219/1306/1260 1218/1304/1260 1250/1330/1260 1251/1332/1260
f 1206/1307/1261 1205/1305/1261 1237/1331/1261 1238/1333/1261
f 1220/1308/1262 1219/1306/1262 1251/1332/1262 1252/1334/1262
f 1207/1309/1263 1206/1307/1263 1238/1333/1263 1239/1335/1263
f 1221/1310/1264 1220/1308/1264 1252/1334/1264 1253/1336/1264
f 1208/1311/1265 1207/1309/1265 1239/1335/1265 1240/1337/1265
f 1195/1313/1266 1039/1338/1266 1227/1339/1266
f 1222/1314/1267 1221/1310/1267 1253/1336/1267 1254/1340/1267
f 1209/1315/1268 1208/1311/1268 1240/1337/1268 1241/1341/1268
f 1196/1316/1269 1195/1313/1269 1227/1339/1269 1228/1342/1269
f 1223/1317/1270 1222/1314/1270 1254/1340/1270 1255/1343/1270
f 1210/1318/1271 1209/1315/1271 1241/1341/1271 1242/1344/1271
f 1197/1286/1272 1196/1316/1272 1228/1342/1272 1229/1345/1272
f 1224/1288/1273 1223/1317/1273 1255/1343/1273 1256/1346/1273
f 1211/1290/1274 1210/1318/1274 1242/1344/1274 1243/1347/1274
f 1198/1287/1275 1197/1286/1275 1229/1345/1275 1230/1348/1275
f 1225/1289/1276 1224/1288/1276 1256/1346/1276 1257/1349/1276
f 1212/1291/1277 1211/1290/1277 1243/1347/1277 1244/1350/1277
f 1199/1292/1278 1198/1287/1278 1230/1348/1278 1231/1319/1278
f 1226/1351/1279 1225/1289/1279 1257/1349/1279
f 1213/1294/1280 1212/1291/1280 1244/1350/1280 1245/1321/1280
f 1234/1325/1281 1233/1323/1281 1264/1352/1281 1265/1353/1281
f 1248/1326/1282 1247/1324/1282 1278/1354/1282 1279/1355/1282
f 1235/1327/1283 1234/1325/1283 1265/1353/1283 1266/1356/1283
f 1249/1328/1284 1248/1326/1284 1279/1355/1284 1280/1357/1284
f 1236/1329/1285 1235/1327/1285 1266/1356/1285 1267/1358/1285
f 1250/1330/1286 1249/1328/1286 1280/1357/1286 1281/1359/1286
f 1237/1331/1287 1236/1329/1287 1267/1358/1287 1268/1360/1287
f 1251/1332/1288 1250/1330/1288 1281/1359/1288 1282/1361/1288
f 1238/1333/1289 1237/1331/1289 1268/1360/1289 1269/1362/1289
f 1252/1334/1290 1251/1332/1290 1282/1361/1290 1283/1363/1290
f 1239/1335/1291 1238/1333/1291 1269/1362/1291 1270/1364/1291
f 1253/1336/1292 1252/1334/1292 1283/1363/1292 1284/1365/1292
f 1240/1337/1293 1239/1335/1293 1270/1364/1293 1271/1366/1293
f 1227/1339/1294 1039/1367/1294 1258/1368/1294
f 1254/1340/1295 1253/1336/1295 1284/1365/1295 1285/1369/1295
f 1241/1341/1296 1240/1337/1296 1271/1366/1296 1272/1370/1296
f 1228/1342/1297 1227/1339/1297 1258/1368/1297 1259/1371/1297
f 1255/1343/1298 1254/1340/1298 1285/1369/1298 1286/1372/1298
f 1242/1344/1299 1241/1341/1299 1272/1370/1299 1273/1373/1299
f 1229/1345/1300 1228/1342/1300 1259/1371/1300 1260/1374/1300
f 1256/1346/1301 1255/1343/1301 1286/1372/1301 1287/1375/1301
f 1243/1347/1302 1242/1344/1302 1273/1373/1302 1274/1376/1302
f 1230/1348/1303 1229/1345/1303 1260/1374/1303 1261/1377/1303
f 1257/1349/1304 1256/1346/1304 1287/1375/1304 1288/1378/1304
f 1244/1350/1305 1243/1347/1305 1274/1376/1305 1275/1379/1305
f 1231/1319/1306 1230/1348/1306 1261/1377/1306 1262/1380/1306
f 1226/1381/1307 1257/1349/1307 1288/1378/1307
f 1245/1321/1308 1244/1350/1308 1275/1379/1308 1276/1382/1308
f 1232/1320/1309 1231/1319/1309 1262/1380/1309 1263/1383/1309
f 1246/1322/1310 1245/1321/1310 1276/1382/1310 1277/1384/1310
f 1233/1323/1311 1232/1320/1311 1263/1383/1311 1264/1352/1311
f 1247/1324/1312 1246/1322/1312 1277/1384/1312 1278/1354/1312
f 1267/1358/1313 1266/1356/1313 1297/1385/1313 1298/1386/1313
f 1281/1359/1314 1280/1357/1314 1311/1387/1314 1312/1388/1314
f 1268/1360/1315 1267/1358/1315 1298/1386/1315 1299/1389/1315
f 1282/1361/1316 1281/1359/1316 1312/1388/1316 1313/1390/1316
f 1269/1362/1317 1268/1360/1317 1299/1389/1317 1300/1391/1317
f 1283/1363/1318 1282/1361/1318 1313/1390/1318 1314/1392/1318
f 1270/1364/1319 1269/1362/1319 1300/1391/1319 1301/1393/1319
f 1284/1365/1320 1283/1363/1320 1314/1392/1320 1315/1394/1320
f 1271/1366/1321 1270/1364/1321 1301/1393/1321 1302/1395/1321
f 1258/1368/1322 1039/1396/1322 1289/1397/1322
f 1285/1369/1323 1284/1365/1323 1315/1394/1323 1316/1398/1323
f 1272/1370/1324 1271/1366/1324 1302/1395/1324 1303/1399/1324
f 1259/1371/1325 1258/1368/1325 1289/1397/1325 1290/1400/1325
f 1286/1372/1326 1285/1369/1326 1316/1398/1326 1317/1401/1326
f 1273/1373/1327 1272/1370/1327 1303/1399/1327 1304/1402/1327
f 1260/1374/1328 1259/1371/1328 1290/1400/1328 1291/1403/1328
f 1287/1375/1329 1286/1372/1329 1317/1401/1329 1318/1404/1329
f 1274/1376/1330 1273/1373/1330 1304/1402/1330 1305/1405/1330
f 1261/1377/1331 1260/1374/1331 1291/1403/1331 1292/1406/1331
f 1288/1378/1332 1287/1375/1332 1318/1404/1332 1319/1407/1332
f 1275/1379/1333 1274/1376/1333 1305/1405/1333 1306/1408/1333
f 1262/1380/1334 1261/1377/1334 1292/1406/1334 1293/1409/1334
f 1226/1410/1335 1288/1378/1335 1319/1407/1335
f 1276/1382/1336 1275/1379/1336 1306/1408/1336 1307/1411/1336
f 1263/1383/1337 1262/1380/1337 1293/1409/1337 1294/1412/1337
f 1277/1384/1338 1276/1382/1338 1307/1411/1338 1308/1413/1338
f 1264/1352/1339 1263/1383/1339 1294/1412/1339 1295/1414/1339
f 1278/1354/1340 1277/1384/1340 1308/1413/1340 1309/1415/1340
f 1265/1353/1341 1264/1352/1341 1295/1414/1341 1296/1416/1341
f 1279/1355/1342 1278/1354/1342 1309/1415/1342 1310/1417/1342
f 1266/1356/1343 1265/1353/1343 1296/1416/1343 1297/1385/1343
f 1280/1357/1344 1279/1355/1344 1310/1417/1344 1311/1387/1344
f 1300/1391/1345 1299/1389/1345 1330/1418/1345 1331/1419/1345
f 1314/1392/1346 1313/1390/1346 1344/1420/1346 1345/1421/1346
f 1301/1393/1347 1300/1391/1347 1331/1419/1347 1332/1422/1347
f 1315/1394/1348 1314/1392/1348 1345/1421/1348 1346/1423/1348
f 1302/1395/1349 1301/1393/1349 1332/1422/1349 1333/1424/1349
f 1289/1397/1350 1039/1425/1350 1320/1426/1350
f 1316/1398/1351 1315/1394/1351 1346/1423/1351 1347/1427/1351
f 1303/1399/1352 1302/1395/1352 1333/1424/1352 1334/1428/1352
f 1290/1400/1353 1289/1397/1353 1320/1426/1353 1321/1429/1353
f 1317/1401/1354 1316/1398/1354 1347/1427/1354 1348/1430/1354
f 1304/1402/1355 1303/1399/1355 1334/1428/1355 1335/1431/1355
f 1291/1403/1356 1290/1400/1356 1321/1429/1356 1322/1432/1356
f 1318/1404/1357 1317/1401/1357 1348/1430/1357 1349/1433/1357
f 1305/1405/1358 1304/1402/1358 1335/1431/1358 1336/1434/1358
f 1292/1406/1359 1291/1403/1359 1322/1432/1359 1323/1435/1359
f 1319/1407/1360 1318/1404/1360 1349/1433/1360 1350/1436/1360
f 1306/1408/1361 1305/1405/1361 1336/1434/1361 1337/1437/1361
f 1293/1409/1362 1292/1406/1362 1323/1435/1362 1324/1438/1362
f 1226/1439/1363 1319/1407/1363 1350/1436/1363
f 1307/1411/1364 1306/1408/1364 1337/1437/1364 1338/1440/1364
f 1294/1412/1365 1293/1409/1365 1324/1438/1365 1325/1441/1365
f 1308/1413/1366 1307/1411/1366 1338/1440/1366 1339/1442/1366
f 1295/1414/1367 1294/1412/1367 1325/1441/1367 1326/1443/1367
f 1309/1415/1368 1308/1413/1368 1339/1442/1368 1340/1444/1368
f 1296/1416/1369 1295/1414/1369 1326/1443/1369 1327/1445/1369
f 1310/1417/1370 1309/1415/1370 1340/1444/1370 1341/1446/1370
f 1297/1385/1371 1296/1416/1371 1327/1445/1371 1328/1447/1371
f 1311/1387/1372 1310/1417/1372 1341/1446/1372 1342/1448/1372
f 1298/1386/1373 1297/1385/1373 1328/1447/1373 1329/1449/1373
f 1312/1388/1374 1311/1387/1374 1342/1448/1374 1343/1450/1374
f 1299/1389/1375 1298/1386/1375 1329/1449/1375 1330/1418/1375
f 1313/1390/1376 1312/1388/1376 1343/1450/1376 1344/1420/1376
f 1333/1424/1377 1332/1422/1377 1363/1451/1377 1364/1452/1377
f 1320/1426/1378 1039/1453/1378 1351/1454/1378
f 1347/1427/1379 1346/1423/1379 1377/1455/1379 1378/1456/1379
f 1334/1428/1380 1333/1424/1380 1364/1452/1380 1365/1457/1380
f 1321/1429/1381 1320/1426/1381 1351/1454/1381 1352/1458/1381
f 1348/1430/1382 1347/1427/1382 1378/1456/1382 1379/1459/1382
f 1335/1431/1383 1334/1428/1383 1365/1457/1383 1366/1460/1383
f 1322/1432/1384 1321/1429/1384 1352/1458/1384 1353/1461/1384
f 1349/1433/1385 1348/1430/1385 1379/1459/1385 1380/1462/1385
f 1336/1434/1386 1335/1431/1386 1366/1460/1386 1367/1463/1386
f 1323/1435/1387 1322/1432/1387 1353/1461/1387 1354/1464/1387
f 1350/1436/1388 1349/1433/1388 1380/1462/1388 1381/1465/1388
f 1337/1437/1389 1336/1434/1389 1367/1463/1389 1368/1466/1389
f 1324/1438/1390 1323/1435/1390 1354/1464/1390 1355/1467/1390
f 1226/1468/1391 1350/1436/1391 1381/1465/1391
f 1338/1440/1392 1337/1437/1392 1368/1466/1392 1369/1469/1392
f 1325/1441/1393 1324/1438/1393 1355/1467/1393 1356/1470/1393
f 1339/1442/1394 1338/1440/1394 1369/1469/1394 1370/1471/1394
f 1326/1443/1395 1325/1441/1395 1356/1470/1395 1357/1472/1395
f 1340/1444/1396 1339/1442/1396 1370/1471/1396 1371/1473/1396
f 1327/1445/1397 1326/1443/1397 1357/1472/1397 1358/1474/1397
f 1341/1446/1398 1340/1444/1398 1371/1473/1398 1372/1475/1398
f 1328/1447/1399 1327/1445/1399 1358/1474/1399 1359/1476/1399
f 1342/1448/1400 1341/1446/1400 1372/1475/1400 1373/1477/1400
f 1329/1449/1401 1328/1447/1401 1359/1476/1401 1360/1478/1401
f 1343/1450/1402 1342/1448/1402 1373/1477/1402 1374/1479/1402
f 1330/1418/1403 1329/1449/1403 1360/1478/1403 1361/1480/1403
f 1344/1420/1404 1343/1450/1404 1374/1479/1404 1375/1481/1404
f 1331/1419/1405 1330/1418/1405 1361/1480/1405 1362/1482/1405
f 1345/1421/1406 1344/1420/1406 1375/1481/1406 1376/1483/1406
f 1332/1422/1407 1331/1419/1407 1362/1482/1407 1363/1451/1407
f 1346/1423/1408 1345/1421/1408 1376/1483/1408 1377/1455/1408
f 1366/1460/1409 1365/1457/1409 1396/1484/1409 1397/1485/1409
f 1353/1461/1410 1352/1458/1410 1383/1486/1410 1384/1487/1410
f 1380/1462/1411 1379/1459/1411 1410/1488/1411 1411/1489/1411
f 1367/1463/1412 1366/1460/1412 1397/1485/1412 1398/1490/1412
f 1354/1464/1413 1353/1461/1413 1384/1487/1413 1385/1491/1413
f 1381/1465/1414 1380/1462/1414 1411/1489/1414 1412/1492/1414
f 1368/1466/1415 1367/1463/1415 1398/1490/1415 1399/1493/1415
f 1355/1467/1416 1354/1464/1416 1385/1491/1416 1386/1494/1416
f 1226/1495/1417 1381/1465/1417 1412/1492/1417
f 1369/1469/1418 1368/1466/1418 1399/1493/1418 1400/1496/1418
f 1356/1470/1419 1355/1467/1419 1386/1494/1419 1387/1497/1419
f 1370/1471/1420 1369/1469/1420 1400/1496/1420 1401/1498/1420
f 1357/1472/1421 1356/1470/1421 1387/1497/1421 1388/1499/1421
f 1371/1473/1422 1370/1471/1422 1401/1498/1422 1402/1500/1422
f 1358/1474/1423 1357/1472/1423 1388/1499/1423 1389/1501/1423
f 1372/1475/1424 1371/1473/1424 1402/1500/1424 1403/1502/1424
f 1359/1476/1425 1358/1474/1425 1389/1501/1425 1390/1503/1425
f 1373/1477/1426 1372/1475/1426 1403/1502/1426 1404/1504/1426
f 1360/1478/1427 1359/1476/1427 1390/1503/1427 1391/1505/1427
f 1374/1479/1428 1373/1477/1428 1404/1504/1428 1405/1506/1428
f 1361/1480/1429 1360/1478/1429 1391/1505/1429 1392/1507/1429
f 1375/1481/1430 1374/1479/1430 1405/1506/1430 1406/1508/1430
f 1362/1482/1431 1361/1480/1431 1392/1507/1431 1393/1509/1431
f 1376/1483/1432 1375/1481/1432 1406/1508/1432 1407/1510/1432
f 1363/1451/1433 1362/1482/1433 1393/1509/1433 1394/1511/1433
f 1377/1455/1434 1376/1483/1434 1407/1510/1434 1408/1512/1434
f 1364/1452/1435 1363/1451/1435 1394/1511/1435 1395/1513/1435
f 1351/1454/1436 1039/1514/1436 1382/1515/1436
f 1378/1456/1437 1377/1455/1437 1408/1512/1437 1409/1516/1437
f 1365/1457/1438 1364/1452/1438 1395/1513/1438 1396/1484/1438
f 1352/1458/1439 1351/1454/1439 1382/1515/1439 1383/1486/1439
f 1379/1459/1440 1378/1456/1440 1409/1516/1440 1410/1488/1440
f 1399/1493/1441 1398/1490/1441 1429/1517/1441 1430/1518/1441
f 1386/1494/1442 1385/1491/1442 1416/1519/1442 1417/1520/1442
f 1226/1521/1443 1412/1492/1443 1443/1522/1443
f 1400/1496/1444 1399/1493/1444 1430/1518/1444 1431/1523/1444
f 1387/1497/1445 1386/1494/1445 1417/1520/1445 1418/1524/1445
f 1401/1498/1446 1400/1496/1446 1431/1523/1446 1432/1525/1446
f 1388/1499/1447 1387/1497/1447 1418/1524/1447 1419/1526/1447
f 1402/1500/1448 1401/1498/1448 1432/1525/1448 1433/1527/1448
f 1389/1501/1449 1388/1499/1449 1419/1526/1449 1420/1528/1449
f 1403/1502/1450 1402/1500/1450 1433/1527/1450 1434/1529/1450
f 1390/1503/1451 1389/1501/1451 1420/1528/1451 1421/1530/1451
f 1404/1504/1452 1403/1502/1452 1434/1529/1452 1435/1531/1452
f 1391/1505/1453 1390/1503/1453 1421/1530/1453 1422/1532/1453
f 1405/1506/1454 1404/1504/1454 1435/1531/1454 1436/1533/1454
f 1392/1507/1455 1391/1505/1455 1422/1532/1455 1423/1534/1455
f 1406/1508/1456 1405/1506/1456 1436/1533/1456 1437/1535/1456
f 1393/1509/1457 1392/1507/1457 1423/1534/1457 1424/1536/1457
f 1407/1510/1458 1406/1508/1458 1437/1535/1458 1438/1537/1458
f 1394/1511/1459 1393/1509/1459 1424/1536/1459 1425/1538/1459
f 1408/1512/1460 1407/1510/1460 1438/1537/1460 1439/1539/1460
f 1395/1513/1461 1394/1511/1461 1425/1538/1461 1426/1540/1461
f 1382/1515/1462 1039/1541/1462 1413/1542/1462
f 1409/1516/1463 1408/1512/1463 1439/1539/1463 1440/1543/1463
f 1396/1484/1464 1395/1513/1464 1426/1540/1464 1427/1544/1464
f 1383/1486/1465 1382/1515/1465 1413/1542/1465 1414/1545/1465
f 1410/1488/1466 1409/1516/1466 1440/1543/1466 1441/1546/1466
f 1397/1485/1467 1396/1484/1467 1427/1544/1467 1428/1547/1467
f 1384/1487/1468 1383/1486/1468 1414/1545/1468 1415/1548/1468
f 1411/1489/1469 1410/1488/1469 1441/1546/1469 1442/1549/1469
f 1398/1490/1470 1397/1485/1470 1428/1547/1470 1429/1517/1470
f 1385/1491/1471 1384/1487/1471 1415/1548/1471 1416/1519/1471
f 1412/1492/1472 1411/1489/1472 1442/1549/1472 1443/1522/1472
f 1432/1525/1473 1431/1523/1473 1462/1550/1473 1463/1551/1473
f 1419/1526/1474 1418/1524/1474 1449/1552/1474 1450/1553/1474
f 1433/1527/1475 1432/1525/1475 1463/1551/1475 1464/1554/1475
f 1420/1528/1476 1419/1526/1476 1450/1553/1476 1451/1555/1476
f 1434/1529/1477 1433/1527/1477 1464/1554/1477 1465/1556/1477
f 1421/1530/1478 1420/1528/1478 1451/1555/1478 1452/1557/1478
f 1435/1531/1479 1434/1529/1479 1465/1556/1479 1466/1558/1479
f 1422/1532/1480 1421/1530/1480 1452/1557/1480 1453/1559/1480
f 1436/1533/1481 1435/1531/1481 1466/1558/1481 1467/1560/1481
f 1423/1534/1482 1422/1532/1482 1453/1559/1482 1454/1561/1482
f 1437/1535/1483 1436/1533/1483 1467/1560/1483 1468/1562/1483
f 1424/1536/1484 1423/1534/1484 1454/1561/1484 1455/1563/1484
f 1438/1537/1485 1437/1535/1485 1468/1562/1485 1469/1564/1485
f 1425/1538/1486 1424/1536/1486 1455/1563/1486 1456/1565/1486
f 1439/1539/1487 1438/1537/1487 1469/1564/1487 1470/1566/1487
f 1426/1540/1488 1425/1538/1488 1456/1565/1488 1457/1567/1488
f 1413/1542/1489 1039/1568/1489 1444/1569/1489
f 1440/1543/1490 1439/1539/1490 1470/1566/1490 1471/1570/1490
f 1427/1544/1491 1426/1540/1491 1457/1567/1491 1458/1571/1491
f 1414/1545/1492 1413/1542/1492 1444/1569/1492 1445/1572/1492
f 1441/1546/1493 1440/1543/1493 1471/1570/1493 1472/1573/1493
f 1428/1547/1494 1427/1544/1494 1458/1571/1494 1459/1574/1494
f 1415/1548/1495 1414/1545/1495 1445/1572/1495 1446/1575/1495
f 1442/1549/1496 1441/1546/1496 1472/1573/1496 1473/1576/1496
f 1429/1517/1497 1428/1547/1497 1459/1574/1497 1460/1577/1497
f 1416/1519/1498 1415/1548/1498 1446/1575/1498 1447/1578/1498
f 1443/1522/1499 1442/1549/1499 1473/1576/1499 1474/1579/1499
f 1430/1518/1500 1429/1517/1500 1460/1577/1500 1461/1580/1500
f 1417/1520/1501 1416/1519/1501 1447/1578/1501 1448/1581/1501
f 1226/1582/1502 1443/1522/1502 1474/1579/1502
f 1431/1523/1503 1430/1518/1503 1461/1580/1503 1462/1550/1503
f 1418/1524/1504 1417/1520/1504 1448/1581/1504 1449/1552/1504
f 1465/1556/1505 1464/1554/1505 1495/1583/1505 1496/1584/1505
f 1452/1557/1506 1451/1555/1506 1482/1585/1506 1483/1586/1506
f 1466/1558/1507 1465/1556/1507 1496/1584/1507 1497/1587/1507
f 1453/1559/1508 1452/1557/1508 1483/1586/1508 1484/1588/1508
f 1467/1560/1509 1466/1558/1509 1497/1587/1509 1498/1589/1509
f 1454/1561/1510 1453/1559/1510 1484/1588/1510 1485/1590/1510
f 1468/1562/1511 1467/1560/1511 1498/1589/1511 1499/1591/1511
f 1455/1563/1512 1454/1561/1512 1485/1590/1512 1486/1592/1512
f 1469/1564/1513 1468/1562/1513 1499/1591/1513 1500/1593/1513
f 1456/1565/1514 1455/1563/1514 1486/1592/1514 1487/1594/1514
f 1470/1566/1515 1469/1564/1515 1500/1593/1515 1501/1595/1515
f 1457/1567/1516 1456/1565/1516 1487/1594/1516 1488/1596/1516
f 1444/1569/1517 1039/1597/1517 1475/1598/1517
f 1471/1570/1518 1470/1566/1518 1501/1595/1518 1502/1599/1518
f 1458/1571/1519 1457/1567/1519 1488/1596/1519 1489/1600/1519
f 1445/1572/1520 1444/1569/1520 1475/1598/1520 1476/1601/1520
f 1472/1573/1521 1471/1570/1521 1502/1599/1521 1503/1602/1521
f 1459/1574/1522 1458/1571/1522 1489/1600/1522 1490/1603/1522
f 1446/1575/1523 1445/1572/1523 1476/1601/1523 1477/1604/1523
f 1473/1576/1524 1472/1573/1524 1503/1602/1524 1504/1605/1524
f 1460/1577/1525 1459/1574/1525 1490/1603/1525 1491/1606/1525
f 1447/1578/1526 1446/1575/1526 1477/1604/1526 1478/1607/1526
f 1474/1579/1527 1473/1576/1527 1504/1605/1527 1505/1608/1527
f 1461/1580/1528 1460/1577/1528 1491/1606/1528 1492/1609/1528
f 1448/1581/1529 1447/1578/1529 1478/1607/1529 1479/1610/1529
f 1226/1611/1530 1474/1579/1530 1505/1608/1530
f 1462/1550/1531 1461/1580/1531 1492/1609/1531 1493/1612/1531
f 1449/1552/1532 1448/1581/1532 1479/1610/1532 1480/1613/1532
f 1463/1551/1533 1462/1550/1533 1493/1612/1533 1494/1614/1533
f 1450/1553/1534 1449/1552/1534 1480/1613/1534 1481/1615/1534
f 1464/1554/1535 1463/1551/1535 1494/1614/1535 1495/1583/1535
f 1451/1555/1536 1450/1553/1536 1481/1615/1536 1482/1585/1536
f 1498/1616/1537 1497/1617/1537 1528/1618/1537 1529/1619/1537
f 1485/1620/1538 1484/1621/1538 1515/1622/1538 1516/1623/1538
f 1499/1624/1539 1498/1616/1539 1529/1619/1539 1530/1625/1539
f 1486/1626/1540 1485/1620/1540 1516/1623/1540 1517/1627/1540
f 1500/1628/1541 1499/1624/1541 1530/1625/1541 1531/1629/1541
f 1487/1630/1542 1486/1626/1542 1517/1627/1542 1518/1631/1542
f 1501/1632/1543 1500/1628/1543 1531/1629/1543 1532/1633/1543
f 1488/1634/1544 1487/1630/1544 1518/1631/1544 1519/1635/1544
f 1475/1636/1545 1039/1637/1545 1506/1638/1545
f 1502/1639/1546 1501/1632/1546 1532/1633/1546 1533/1640/1546
f 1489/1641/1547 1488/1634/1547 1519/1635/1547 1520/1642/1547
f 1476/1643/1548 1475/1636/1548 1506/1638/1548 1507/1644/1548
f 1503/1645/1549 1502/1639/1549 1533/1640/1549 1534/1646/1549
f 1490/1647/1550 1489/1641/1550 1520/1642/1550 1521/1648/1550
f 1477/1649/1551 1476/1643/1551 1507/1644/1551 1508/1650/1551
f 1504/1651/1552 1503/1645/1552 1534/1646/1552 1535/1652/1552
f 1491/1653/1553 1490/1647/1553 1521/1648/1553 1522/1654/1553
f 1478/1655/1554 1477/1649/1554 1508/1650/1554 1509/1656/1554
f 1505/1657/1555 1504/1651/1555 1535/1652/1555 1536/1658/1555
f 1492/1659/1556 1491/1653/1556 1522/1654/1556 1523/1660/1556
f 1479/1661/1557 1478/1655/1557 1509/1656/1557 1510/1662/1557
f 1226/1663/1558 1505/1657/1558 1536/1658/1558
f 1493/1664/1559 1492/1659/1559 1523/1660/1559 1524/1665/1559
f 1480/1666/1560 1479/1661/1560 1510/1662/1560 1511/1667/1560
f 1494/1668/1561 1493/1664/1561 1524/1665/1561 1525/1669/1561
f 1481/1670/1562 1480/1666/1562 1511/1667/1562 1512/1671/1562
f 1495/1672/1563 1494/1668/1563 1525/1669/1563 1526/1673/1563
f 1482/1674/1564 1481/1670/1564 1512/1671/1564 1513/1675/1564
f 1496/1676/1565 1495/1672/1565 1526/1673/1565 1527/1677/1565
f 1483/1678/1566 1482/1674/1566 1513/1675/1566 1514/1679/1566
f 1497/1617/1567 1496/1676/1567 1527/1677/1567 1528/1618/1567
f 1484/1621/1568 1483/1678/1568 1514/1679/1568 1515/1622/1568
f 1531/1629/1569 1530/1625/1569 1561/1680/1569 1562/1681/1569
f 1518/1631/1570 1517/1627/1570 1548/1682/1570 1549/1683/1570
f 1532/1633/1571 1531/1629/1571 1562/1681/1571 1563/1684/1571
f 1519/1635/1572 1518/1631/1572 1549/1683/1572 1550/1685/1572
f 1506/1638/1573 1039/1686/1573 1537/1687/1573
f 1533/1640/1574 1532/1633/1574 1563/1684/1574 1564/1688/1574
f 1520/1642/1575 1519/1635/1575 1550/1685/1575 1551/1689/1575
f 1507/1644/1576 1506/1638/1576 1537/1687/1576 1538/1690/1576
f 1534/1646/1577 1533/1640/1577 1564/1688/1577 1565/1691/1577
f 1521/1648/1578 1520/1642/1578 1551/1689/1578 1552/1692/1578
f 1508/1650/1579 1507/1644/1579 1538/1690/1579 1539/1693/1579
f 1535/1652/1580 1534/1646/1580 1565/1691/1580 1566/1694/1580
f 1522/1654/1581 1521/1648/1581 1552/1692/1581 1553/1695/1581
f 1509/1656/1582 1508/1650/1582 1539/1693/1582 1540/1696/1582
f 1536/1658/1583 1535/1652/1583 1566/1694/1583 1567/1697/1583
f 1523/1660/1584 1522/1654/1584 1553/1695/1584 1554/1698/1584
f 1510/1662/1585 1509/1656/1585 1540/1696/1585 1541/1699/1585
f 1226/1700/1586 1536/1658/1586 1567/1697/1586
f 1524/1665/1587 1523/1660/1587 1554/1698/1587 1555/1701/1587
f 1511/1667/1588 1510/1662/1588 1541/1699/1588 1542/1702/1588
f 1525/1669/1589 1524/1665/1589 1555/1701/1589 1556/1703/1589
f 1512/1671/1590 1511/1667/1590 1542/1702/1590 1543/1704/1590
f 1526/1673/1591 1525/1669/1591 1556/1703/1591 1557/1705/1591
f 1513/1675/1592 1512/1671/1592 1543/1704/1592 1544/1706/1592
f 1527/1677/1593 1526/1673/1593 1557/1705/1593 1558/1707/1593
f 1514/1679/1594 1513/1675/1594 1544/1706/1594 1545/1708/1594
f 1528/1618/1595 1527/1677/1595 1558/1707/1595 1559/1709/1595
f 1515/1622/1596 1514/1679/1596 1545/1708/1596 1546/1710/1596
f 1529/1619/1597 1528/1618/1597 1559/1709/1597 1560/1711/1597
f 1516/1623/1598 1515/1622/1598 1546/1710/1598 1547/1712/1598
f 1530/1625/1599 1529/1619/1599 1560/1711/1599 1561/1680/1599
f 1517/1627/1600 1516/1623/1600 1547/1712/1600 1548/1682/1600
f 1537/1687/1601 1039/1713/1601 1568/1714/1601
f 1564/1688/1602 1563/1684/1602 1594/1715/1602 1595/1716/1602
f 1551/1689/1603 1550/1685/1603 1581/1717/1603 1582/1718/1603
f 1538/1690/1604 1537/1687/1604 1568/1714/1604 1569/1719/1604
f 1565/1691/1605 1564/1688/1605 1595/1716/1605 1596/1720/1605
f 1552/1692/1606 1551/1689/1606 1582/1718/1606 1583/1721/1606
f 1539/1693/1607 1538/1690/1607 1569/1719/1607 1570/1722/1607
f 1566/1694/1608 1565/1691/1608 1596/1720/1608 1597/1723/1608
f 1553/1695/1609 1552/1692/1609 1583/1721/1609 1584/1724/1609
f 1540/1696/1610 1539/1693/1610 1570/1722/1610 1571/1725/1610
f 1567/1697/1611 1566/1694/1611 1597/1723/1611 1598/1726/1611
f 1554/1698/1612 1553/1695/1612 1584/1724/1612 1585/1727/1612
f 1541/1699/1613 1540/1696/1613 1571/1725/1613 1572/1728/1613
f 1226/1729/1614 1567/1697/1614 1598/1726/1614
f 1555/1701/1615 1554/1698/1615 1585/1727/1615 1586/1730/1615
f 1542/1702/1616 1541/1699/1616 1572/1728/1616 1573/1731/1616
f 1556/1703/1617 1555/1701/1617 1586/1730/1617 1587/1732/1617
f 1543/1704/1618 1542/1702/1618 1573/1731/1618 1574/1733/1618
f 1557/1705/1619 1556/1703/1619 1587/1732/1619 1588/1734/1619
f 1544/1706/1620 1543/1704/1620 1574/1733/1620 1575/1735/1620
f 1558/1707/1621 1557/1705/1621 1588/1734/1621 1589/1736/1621
f 1545/1708/1622 1544/1706/1622 1575/1735/1622 1576/1737/1622
f 1559/1709/1623 1558/1707/1623 1589/1736/1623 1590/1738/1623
f 1546/1710/1624 1545/1708/1624 1576/1737/1624 1577/1739/1624
f 1560/1711/1625 1559/1709/1625 1590/1738/1625 1591/1740/1625
f 1547/1712/1626 1546/1710/1626 1577/1739/1626 1578/1741/1626
f 1561/1680/1627 1560/1711/1627 1591/1740/1627 1592/1742/1627
f 1548/1682/1628 1547/1712/1628 1578/1741/1628 1579/1743/1628
f 1562/1681/1629 1561/1680/1629 1592/1742/1629 1593/1744/1629
f 1549/1683/1630 1548/1682/1630 1579/1743/1630 1580/1745/1630
f 1563/1684/1631 1562/1681/1631 1593/1744/1631 1594/1715/1631
f 1550/1685/1632 1549/1683/1632 1580/1745/1632 1581/1717/1632
f 1582/1718/1633 1581/1717/1633 1612/1746/1633 1613/1747/1633
f 1569/1719/1634 1568/1714/1634 1599/1748/1634 1600/1749/1634
f 1596/1720/1635 1595/1716/1635 1626/1750/1635 1627/1751/1635
f 1583/1721/1636 1582/1718/1636 1613/1747/1636 1614/1752/1636
f 1570/1722/1637 1569/1719/1637 1600/1749/1637 1601/1753/1637
f 1597/1723/1638 1596/1720/1638 1627/1751/1638 1628/1754/1638
f 1584/1724/1639 1583/1721/1639 1614/1752/1639 1615/1755/1639
f 1571/1725/1640 1570/1722/1640 1601/1753/1640 1602/1756/1640
f 1598/1726/1641 1597/1723/1641 1628/1754/1641 1629/1757/1641
f 1585/1727/1642 1584/1724/1642 1615/1755/1642 1616/1758/1642
f 1572/1728/1643 1571/1725/1643 1602/1756/1643 1603/1759/1643
f 1226/1760/1644 1598/1726/1644 1629/1757/1644
f 1586/1730/1645 1585/1727/1645 1616/1758/1645 1617/1761/1645
f 1573/1731/1646 1572/1728/1646 1603/1759/1646 1604/1762/1646
f 1587/1732/1647 1586/1730/1647 1617/1761/1647 1618/1763/1647
f 1574/1733/1648 1573/1731/1648 1604/1762/1648 1605/1764/1648
f 1588/1734/1649 1587/1732/1649 1618/1763/1649 1619/1765/1649
f 1575/1735/1650 1574/1733/1650 1605/1764/1650 1606/1766/1650
f 1589/1736/1651 1588/1734/1651 1619/1765/1651 1620/1767/1651
f 1576/1737/1652 1575/1735/1652 1606/1766/1652 1607/1768/1652
f 1590/1738/1653 1589/1736/1653 1620/1767/1653 1621/1769/1653
f 1577/1739/1654 1576/1737/1654 1607/1768/1654 1608/1770/1654
f 1591/1740/1655 1590/1738/1655 1621/1769/1655 1622/1771/1655
f 1578/1741/1656 1577/1739/1656 1608/1770/1656 1609/1772/1656
f 1592/1742/1657 1591/1740/1657 1622/1771/1657 1623/1773/1657
f 1579/1743/1658 1578/1741/1658 1609/1772/1658 1610/1774/1658
f 1593/1744/1659 1592/1742/1659 1623/1773/1659 1624/1775/1659
f 1580/1745/1660 1579/1743/1660 1610/1774/1660 1611/1776/1660
f 1594/1715/1661 1593/1744/1661 1624/1775/1661 1625/1777/1661
f 1581/1717/1662 1580/1745/1662 1611/1776/1662 1612/1746/1662
f 1568/1714/1663 1039/1778/1663 1599/1748/1663
f 1595/1716/1664 1594/1715/1664 1625/1777/1664 1626/1750/1664
f 1615/1755/1665 1614/1752/1665 1645/1779/1665 1646/1780/1665
f 1602/1756/1666 1601/1753/1666 1632/1781/1666 1633/1782/1666
f 1629/1757/1667 1628/1754/1667 1659/1783/1667 1660/1784/1667
f 1616/1758/1668 1615/1755/1668 1646/1780/1668 1647/1785/1668
f 1603/1759/1669 1602/1756/1669 1633/1782/1669 1634/1786/1669
f 1226/1787/1670 1629/1757/1670 1660/1784/1670
f 1617/1761/1671 1616/1758/1671 1647/1785/1671 1648/1788/1671
f 1604/1762/1672 1603/1759/1672 1634/1786/1672 1635/1789/1672
f 1618/1763/1673 1617/1761/1673 1648/1788/1673 1649/1790/1673
f 1605/1764/1674 1604/1762/1674 1635/1789/1674 1636/1791/1674
f 1619/1765/1675 1618/1763/1675 1649/1790/1675 1650/1792/1675
f 1606/1766/1676 1605/1764/1676 1636/1791/1676 1637/1793/1676
f 1620/1767/1677 1619/1765/1677 1650/1792/1677 1651/1794/1677
f 1607/1768/1678 1606/1766/1678 1637/1793/1678 1638/1795/1678
f 1621/1769/1679 1620/1767/1679 1651/1794/1679 1652/1796/1679
f 1608/1770/1680 1607/1768/1680 1638/1795/1680 1639/1797/1680
f 1622/1771/1681 1621/1769/1681 1652/1796/1681 1653/1798/1681
f 1609/1772/1682 1608/1770/1682 1639/1797/1682 1640/1799/1682
f 1623/1773/1683 1622/1771/1683 1653/1798/1683 1654/1800/1683
f 1610/1774/1684 1609/1772/1684 1640/1799/1684 1641/1801/1684
f 1624/1775/1685 1623/1773/1685 1654/1800/1685 1655/1802/1685
f 1611/1776/1686 1610/1774/1686 1641/1801/1686 1642/1803/1686
f 1625/1777/1687 1624/1775/1687 1655/1802/1687 1656/1804/1687
f 1612/1746/1688 1611/1776/1688 1642/1803/1688 1643/1805/1688
f 1599/1748/1689 1039/1806/1689 1630/1807/1689
f 1626/1750/1690 1625/1777/1690 1656/1804/1690 1657/1808/1690
f 1613/1747/1691 1612/1746/1691 1643/1805/1691 1644/1809/1691
f 1600/1749/1692 1599/1748/1692 1630/1807/1692 1631/1810/1692
f 1627/1751/1693 1626/1750/1693 1657/1808/1693 1658/1811/1693
f 1614/1752/1694 1613/1747/1694 1644/1809/1694 1645/1779/1694
f 1601/1753/1695 1600/1749/1695 1631/1810/1695 1632/1781/1695
f 1628/1754/1696 1627/1751/1696 1658/1811/1696 1659/1783/1696
f 1648/1788/1697 1647/1785/1697 1678/1812/1697 1679/1813/1697
f 1635/1789/1698 1634/1786/1698 1665/1814/1698 1666/1815/1698
f 1649/1790/1699 1648/1788/1699 1679/1813/1699 1680/1816/1699
f 1636/1791/1700 1635/1789/1700 1666/1815/1700 1667/1817/1700
f 1650/1792/1701 1649/1790/1701 1680/1816/1701 1681/1818/1701
f 1637/1793/1702 1636/1791/1702 1667/1817/1702 1668/1819/1702
f 1651/1794/1703 1650/1792/1703 1681/1818/1703 1682/1820/1703
f 1638/1795/1704 1637/1793/1704 1668/1819/1704 1669/1821/1704
f 1652/1796/1705 1651/1794/1705 1682/1820/1705 1683/1822/1705
f 1639/1797/1706 1638/1795/1706 1669/1821/1706 1670/1823/1706
f 1653/1798/1707 1652/1796/1707 1683/1822/1707 1684/1824/1707
f 1640/1799/1708 1639/1797/1708 1670/1823/1708 1671/1825/1708
f 1654/1800/1709 1653/1798/1709 1684/1824/1709 1685/1826/1709
f 1641/1801/1710 1640/1799/1710 1671/1825/1710 1672/1827/1710
f 1655/1802/1711 1654/1800/1711 1685/1826/1711 1686/1828/1711
f 1642/1803/1712 1641/1801/1712 1672/1827/1712 1673/1829/1712
f 1656/1804/1713 1655/1802/1713 1686/1828/1713 1687/1830/1713
f 1643/1805/1714 1642/1803/1714 1673/1829/1714 1674/1831/1714
f 1630/1807/1715 1039/1832/1715 1661/1833/1715
f 1657/1808/1716 1656/1804/1716 1687/1830/1716 1688/1834/1716
f 1644/1809/1717 1643/1805/1717 1674/1831/1717 1675/1835/1717
f 1631/1810/1718 1630/1807/1718 1661/1833/1718 1662/1836/1718
f 1658/1811/1719 1657/1808/1719 1688/1834/1719 1689/1837/1719
f 1645/1779/1720 1644/1809/1720 1675/1835/1720 1676/1838/1720
f 1632/1781/1721 1631/1810/1721 1662/1836/1721 1663/1839/1721
f 1659/1783/1722 1658/1811/1722 1689/1837/1722 1690/1840/1722
f 1646/1780/1723 1645/1779/1723 1676/1838/1723 1677/1841/1723
f 1633/1782/1724 1632/1781/1724 1663/1839/1724 1664/1842/1724
f 1660/1784/1725 1659/1783/1725 1690/1840/1725 1691/1843/1725
f 1647/1785/1726 1646/1780/1726 1677/1841/1726 1678/1812/1726
f 1634/1786/1727 1633/1782/1727 1664/1842/1727 1665/1814/1727
f 1226/1844/1728 1660/1784/1728 1691/1843/1728
f 1681/1818/1729 1680/1816/1729 1711/1845/1729 1712/1846/1729
f 1668/1819/1730 1667/1817/1730 1698/1847/1730 1699/1848/1730
f 1682/1820/1731 1681/1818/1731 1712/1846/1731 1713/1849/1731
f 1669/1821/1732 1668/1819/1732 1699/1848/1732 1700/1850/1732
f 1683/1822/1733 1682/1820/1733 1713/1849/1733 1714/1851/1733
f 1670/1823/1734 1669/1821/1734 1700/1850/1734 1701/1852/1734
f 1684/1824/1735 1683/1822/1735 1714/1851/1735 1715/1853/1735
f 1671/1825/1736 1670/1823/1736 1701/1852/1736 1702/1854/1736
f 1685/1826/1737 1684/1824/1737 1715/1853/1737 1716/1855/1737
f 1672/1827/1738 1671/1825/1738 1702/1854/1738 1703/1856/1738
f 1686/1828/1739 1685/1826/1739 1716/1855/1739 1717/1857/1739
f 1673/1829/1740 1672/1827/1740 1703/1856/1740 1704/1858/1740
f 1687/1830/1741 1686/1828/1741 1717/1857/1741 1718/1859/1741
f 1674/1831/1742 1673/1829/1742 1704/1858/1742 1705/1860/1742
f 1661/1833/1743 1039/1861/1743 1692/1862/1743
f 1688/1834/1744 1687/1830/1744 1718/1859/1744 1719/1863/1744
f 1675/1835/1745 1674/1831/1745 1705/1860/1745 1706/1864/1745
f 1662/1836/1746 1661/1833/1746 1692/1862/1746 1693/1865/1746
f 1689/1837/1747 1688/1834/1747 1719/1863/1747 1720/1866/1747
f 1676/1838/1748 1675/1835/1748 1706/1864/1748 1707/1867/1748
f 1663/1839/1749 1662/1836/1749 1693/1865/1749 1694/1868/1749
f 1690/1840/1750 1689/1837/1750 1720/1866/1750 1721/1869/1750
f 1677/1841/1751 1676/1838/1751 1707/1867/1751 1708/1870/1751
f 1664/1842/1752 1663/1839/1752 1694/1868/1752 1695/1871/1752
f 1691/1843/1753 1690/1840/1753 1721/1869/1753 1722/1872/1753
f 1678/1812/1754 1677/1841/1754 1708/1870/1754 1709/1873/1754
f 1665/1814/1755 1664/1842/1755 1695/1871/1755 1696/1874/1755
f 1226/1875/1756 1691/1843/1756 1722/1872/1756
f 1679/1813/1757 1678/1812/1757 1709/1873/1757 1710/1876/1757
f 1666/1815/1758 1665/1814/1758 1696/1874/1758 1697/1877/1758
f 1680/1816/1759 1679/1813/1759 1710/1876/1759 1711/1845/1759
f 1667/1817/1760 1666/1815/1760 1697/1877/1760 1698/1847/1760
f 1714/1851/1761 1713/1849/1761 1744/1878/1761 1745/1879/1761
f 1701/1852/1762 1700/1850/1762 1731/1880/1762 1732/1881/1762
f 1715/1853/1763 1714/1851/1763 1745/1879/1763 1746/1882/1763
f 1702/1854/1764 1701/1852/1764 1732/1881/1764 1733/1883/1764
f 1716/1855/1765 1715/1853/1765 1746/1882/1765 1747/1884/1765
f 1703/1856/1766 1702/1854/1766 1733/1883/1766 1734/1885/1766
f 1717/1857/1767 1716/1855/1767 1747/1884/1767 1748/1886/1767
f 1704/1858/1768 1703/1856/1768 1734/1885/1768 1735/1887/1768
f 1718/1859/1769 1717/1857/1769 1748/1886/1769 1749/1888/1769
f 1705/1860/1770 1704/1858/1770 1735/1887/1770 1736/1889/1770
f 1692/1862/1771 1039/1890/1771 1723/1891/1771
f 1719/1863/1772 1718/1859/1772 1749/1888/1772 1750/1892/1772
f 1706/1864/1773 1705/1860/1773 1736/1889/1773 1737/1893/1773
f 1693/1865/1774 1692/1862/1774 1723/1891/1774 1724/1894/1774
f 1720/1866/1775 1719/1863/1775 1750/1892/1775 1751/1895/1775
f 1707/1867/1776 1706/1864/1776 1737/1893/1776 1738/1896/1776
f 1694/1868/1777 1693/1865/1777 1724/1894/1777 1725/1897/1777
f 1721/1869/1778 1720/1866/1778 1751/1895/1778 1752/1898/1778
f 1708/1870/1779 1707/1867/1779 1738/1896/1779 1739/1899/1779
f 1695/1871/1780 1694/1868/1780 1725/1897/1780 1726/1900/1780
f 1722/1872/1781 1721/1869/1781 1752/1898/1781 1753/1901/1781
f 1709/1873/1782 1708/1870/1782 1739/1899/1782 1740/1902/1782
f 1696/1874/1783 1695/1871/1783 1726/1900/1783 1727/1903/1783
f 1226/1904/1784 1722/1872/1784 1753/1901/1784
f 1710/1876/1785 1709/1873/1785 1740/1902/1785 1741/1905/1785
f 1697/1877/1786 1696/1874/1786 1727/1903/1786 1728/1906/1786
f 1711/1845/1787 1710/1876/1787 1741/1905/1787 1742/1907/1787
f 1698/1847/1788 1697/1877/1788 1728/1906/1788 1729/1908/1788
f 1712/1846/1789 1711/1845/1789 1742/1907/1789 1743/1909/1789
f 1699/1848/1790 1698/1847/1790 1729/1908/1790 1730/1910/1790
f 1713/1849/1791 1712/1846/1791 1743/1909/1791 1744/1878/1791
f 1700/1850/1792 1699/1848/1792 1730/1910/1792 1731/1880/1792
f 1747/1884/1793 1746/1882/1793 1777/1911/1793 1778/1912/1793
f 1734/1885/1794 1733/1883/1794 1764/1913/1794 1765/1914/1794
f 1748/1886/1795 1747/1884/1795 1778/1912/1795 1779/1915/1795
f 1735/1887/1796 1734/1885/1796 1765/1914/1796 1766/1916/1796
f 1749/1888/1797 1748/1886/1797 1779/1915/1797 1780/1917/1797
f 1736/1889/1798 1735/1887/1798 1766/1916/1798 1767/1918/1798
f 1723/1891/1799 1039/1919/1799 1754/1920/1799
f 1750/1892/1800 1749/1888/1800 1780/1917/1800 1781/1921/1800
f 1737/1893/1801 1736/1889/1801 1767/1918/1801 1768/1922/1801
f 1724/1894/1802 1723/1891/1802 1754/1920/1802 1755/1923/1802
f 1751/1895/1803 1750/1892/1803 1781/1921/1803 1782/1924/1803
f 1738/1896/1804 1737/1893/1804 1768/1922/1804 1769/1925/1804
f 1725/1897/1805 1724/1894/1805 1755/1923/1805 1756/1926/1805
f 1752/1898/1806 1751/1895/1806 1782/1924/1806 1783/1927/1806
f 1739/1899/1807 1738/1896/1807 1769/1925/1807 1770/1928/1807
f 1726/1900/1808 1725/1897/1808 1756/1926/1808 1757/1929/1808
f 1753/1901/1809 1752/1898/1809 1783/1927/1809 1784/1930/1809
f 1740/1902/1810 1739/1899/1810 1770/1928/1810 1771/1931/1810
f 1727/1903/1811 1726/1900/1811 1757/1929/1811 1758/1932/1811
f 1226/1933/1812 1753/1901/1812 1784/1930/1812
f 1741/1905/1813 1740/1902/1813 1771/1931/1813 1772/1934/1813
f 1728/1906/1814 1727/1903/1814 1758/1932/1814 1759/1935/1814
f 1742/1907/1815 1741/1905/1815 1772/1934/1815 1773/1936/1815
f 1729/1908/1816 1728/1906/1816 1759/1935/1816 1760/1937/1816
f 1743/1909/1817 1742/1907/1817 1773/1936/1817 1774/1938/1817
f 1730/1910/1818 1729/1908/1818 1760/1937/1818 1761/1939/1818
f 1744/1878/1819 1743/1909/1819 1774/1938/1819 1775/1940/1819
f 1731/1880/1820 1730/1910/1820 1761/1939/1820 1762/1941/1820
f 1745/1879/1821 1744/1878/1821 1775/1940/1821 1776/1942/1821
f 1732/1881/1822 1731/1880/1822 1762/1941/1822 1763/1943/1822
f 1746/1882/1823 1745/1879/1823 1776/1942/1823 1777/1911/1823
f 1733/1883/1824 1732/1881/1824 1763/1943/1824 1764/1913/1824
f 1780/1917/1825 1779/1915/1825 1810/1944/1825 1811/1945/1825
f 1767/1918/1826 1766/1916/1826 1797/1946/1826 1798/1947/1826
f 1754/1920/1827 1039/1948/1827 1785/1949/1827
f 1781/1921/1828 1780/1917/1828 1811/1945/1828 1812/1950/1828
f 1768/1922/1829 1767/1918/1829 1798/1947/1829 1799/1951/1829
f 1755/1923/1830 1754/1920/1830 1785/1949/1830 1786/1952/1830
f 1782/1924/1831 1781/1921/1831 1812/1950/1831 1813/1953/1831
f 1769/1925/1832 1768/1922/1832 1799/1951/1832 1800/1954/1832
f 1756/1926/1833 1755/1923/1833 1786/1952/1833 1787/1955/1833
f 1783/1927/1834 1782/1924/1834 1813/1953/1834 1814/1956/1834
f 1770/1928/1835 1769/1925/1835 1800/1954/1835 1801/1957/1835
f 1757/1929/1836 1756/1926/1836 1787/1955/1836 1788/1958/1836
f 1784/1930/1837 1783/1927/1837 1814/1956/1837 1815/1959/1837
f 1771/1931/1838 1770/1928/1838 1801/1957/1838 1802/1960/1838
f 1758/1932/1839 1757/1929/1839 1788/1958/1839 1789/1961/1839
f 1226/1962/1840 1784/1930/1840 1815/1959/1840
f 1772/1934/1841 1771/1931/1841 1802/1960/1841 1803/1963/1841
f 1759/1935/1842 1758/1932/1842 1789/1961/1842 1790/1964/1842
f 1773/1936/1843 1772/1934/1843 1803/1963/1843 1804/1965/1843
f 1760/1937/1844 1759/1935/1844 1790/1964/1844 1791/1966/1844
f 1774/1938/1845 1773/1936/1845 1804/1965/1845 1805/1967/1845
f 1761/1939/1846 1760/1937/1846 1791/1966/1846 1792/1968/1846
f 1775/1940/1847 1774/1938/1847 1805/1967/1847 1806/1969/1847
f 1762/1941/1848 1761/1939/1848 1792/1968/1848 1793/1970/1848
f 1776/1942/1849 1775/1940/1849 1806/1969/1849 1807/1971/1849
f 1763/1943/1850 1762/1941/1850 1793/1970/1850 1794/1972/1850
f 1777/1911/1851 1776/1942/1851 1807/1971/1851 1808/1973/1851
f 1764/1913/1852 1763/1943/1852 1794/1972/1852 1795/1974/1852
f 1778/1912/1853 1777/1911/1853 1808/1973/1853 1809/1975/1853
f 1765/1914/1854 1764/1913/1854 1795/1974/1854 1796/1976/1854
f 1779/1915/1855 1778/1912/1855 1809/1975/1855 1810/1944/1855
f 1766/1916/1856 1765/1914/1856 1796/1976/1856 1797/1946/1856
f 1786/1952/1857 1785/1949/1857 1816/1977/1857 1817/1978/1857
f 1813/1953/1858 1812/1950/1858 1843/1979/1858 1844/1980/1858
f 1800/1954/1859 1799/1951/1859 1830/1981/1859 1831/1982/1859
f 1787/1955/1860 1786/1952/1860 1817/1978/1860 1818/1983/1860
f 1814/1956/1861 1813/1953/1861 1844/1980/1861 1845/1984/1861
f 1801/1957/1862 1800/1954/1862 1831/1982/1862 1832/1985/1862
f 1788/1958/1863 1787/1955/1863 1818/1983/1863 1819/1986/1863
f 1815/1959/1864 1814/1956/1864 1845/1984/1864 1846/1987/1864
f 1802/1960/1865 1801/1957/1865 1832/1985/1865 1833/1988/1865
f 1789/1961/1866 1788/1958/1866 1819/1986/1866 1820/1989/1866
f 1226/1990/1867 1815/1959/1867 1846/1987/1867
f 1803/1963/1868 1802/1960/1868 1833/1988/1868 1834/1991/1868
f 1790/1964/1869 1789/1961/1869 1820/1989/1869 1821/1992/1869
f 1804/1965/1870 1803/1963/1870 1834/1991/1870 1835/1993/1870
f 1791/1966/1871 1790/1964/1871 1821/1992/1871 1822/1994/1871
f 1805/1967/1872 1804/1965/1872 1835/1993/1872 1836/1995/1872
f 1792/1968/1873 1791/1966/1873 1822/1994/1873 1823/1996/1873
f 1806/1969/1874 1805/1967/1874 1836/1995/1874 1837/1997/1874
f 1793/1970/1875 1792/1968/1875 1823/1996/1875 1824/1998/1875
f 1807/1971/1876 1806/1969/1876 1837/1997/1876 1838/1999/1876
f 1794/1972/1877 1793/1970/1877 1824/1998/1877 1825/2000/1877
f 1808/1973/1878 1807/1971/1878 1838/1999/1878 1839/2001/1878
f 1795/1974/1879 1794/1972/1879 1825/2000/1879 1826/2002/1879
f 1809/1975/1880 1808/1973/1880 1839/2001/1880 1840/2003/1880
f 1796/1976/1881 1795/1974/1881 1826/2002/1881 1827/2004/1881
f 1810/1944/1882 1809/1975/1882 1840/2003/1882 1841/2005/1882
f 1797/1946/1883 1796/1976/1883 1827/2004/1883 1828/2006/1883
f 1811/1945/1884 1810/1944/1884 1841/2005/1884 1842/2007/1884
f 1798/1947/1885 1797/1946/1885 1828/2006/1885 1829/2008/1885
f 1785/1949/1886 1039/2009/1886 1816/1977/1886
f 1812/1950/1887 1811/1945/1887 1842/2007/1887 1843/1979/1887
f 1799/1951/1888 1798/1947/1888 1829/2008/1888 1830/1981/1888
f 1819/1986/1889 1818/1983/1889 1849/2010/1889 1850/2011/1889
f 1846/1987/1890 1845/1984/1890 1876/2012/1890 1877/2013/1890
f 1833/1988/1891 1832/1985/1891 1863/2014/1891 1864/2015/1891
f 1820/1989/1892 1819/1986/1892 1850/2011/1892 1851/2016/1892
f 1226/2017/1893 1846/1987/1893 1877/2013/1893
f 1834/1991/1894 1833/1988/1894 1864/2015/1894 1865/2018/1894
f 1821/1992/1895 1820/1989/1895 1851/2016/1895 1852/2019/1895
f 1835/1993/1896 1834/1991/1896 1865/2018/1896 1866/2020/1896
f 1822/1994/1897 1821/1992/1897 1852/2019/1897 1853/2021/1897
f 1836/1995/1898 1835/1993/1898 1866/2020/1898 1867/2022/1898
f 1823/1996/1899 1822/1994/1899 1853/2021/1899 1854/2023/1899
f 1837/1997/1900 1836/1995/1900 1867/2022/1900 1868/2024/1900
f 1824/1998/1901 1823/1996/1901 1854/2023/1901 1855/2025/1901
f 1838/1999/1902 1837/1997/1902 1868/2024/1902 1869/2026/1902
f 1825/2000/1903 1824/1998/1903 1855/2025/1903 1856/2027/1903
f 1839/2001/1904 1838/1999/1904 1869/2026/1904 1870/2028/1904
f 1826/2002/1905 1825/2000/1905 1856/2027/1905 1857/2029/1905
f 1840/2003/1906 1839/2001/1906 1870/2028/1906 1871/2030/1906
f 1827/2004/1907 1826/2002/1907 1857/2029/1907 1858/2031/1907
f 1841/2005/1908 1840/2003/1908 1871/2030/1908 1872/2032/1908
f 1828/2006/1909 1827/2004/1909 1858/2031/1909 1859/2033/1909
f 1842/2007/1910 1841/2005/1910 1872/2032/1910 1873/2034/1910
f 1829/2008/1911 1828/2006/1911 1859/2033/1911 1860/2035/1911
f 1816/1977/1912 1039/2036/1912 1847/2037/1912
f 1843/1979/1913 1842/2007/1913 1873/2034/1913 1874/2038/1913
f 1830/1981/1914 1829/2008/1914 1860/2035/1914 1861/2039/1914
f 1817/1978/1915 1816/1977/1915 1847/2037/1915 1848/2040/1915
f 1844/1980/1916 1843/1979/1916 1874/2038/1916 1875/2041/1916
f 1831/1982/1917 1830/1981/1917 1861/2039/1917 1862/2042/1917
f 1818/1983/1918 1817/1978/1918 1848/2040/1918 1849/2010/1918
f 1845/1984/1919 1844/1980/1919 1875/2041/1919 1876/2012/1919
f 1832/1985/1920 1831/1982/1920 1862/2042/1920 1863/2014/1920
f 1852/2019/1921 1851/2016/1921 1882/2043/1921 1883/2044/1921
f 1866/2020/1922 1865/2018/1922 1896/2045/1922 1897/2046/1922
f 1853/2021/1923 1852/2019/1923 1883/2044/1923 1884/2047/1923
f 1867/2022/1924 1866/2020/1924 1897/2046/1924 1898/2048/1924
f 1854/2023/1925 1853/2021/1925 1884/2047/1925 1885/2049/1925
f 1868/2024/1926 1867/2022/1926 1898/2048/1926 1899/2050/1926
f 1855/2025/1927 1854/2023/1927 1885/2049/1927 1886/2051/1927
f 1869/2026/1928 1868/2024/1928 1899/2050/1928 1900/2052/1928
f 1856/2027/1929 1855/2025/1929 1886/2051/1929 1887/2053/1929
f 1870/2028/1930 1869/2026/1930 1900/2052/1930 1901/2054/1930
f 1857/2029/1931 1856/2027/1931 1887/2053/1931 1888/2055/1931
f 1871/2030/1932 1870/2028/1932 1901/2054/1932 1902/2056/1932
f 1858/2031/1933 1857/2029/1933 1888/2055/1933 1889/2057/1933
f 1872/2032/1934 1871/2030/1934 1902/2056/1934 1903/2058/1934
f 1859/2033/1935 1858/2031/1935 1889/2057/1935 1890/2059/1935
f 1873/2034/1936 1872/2032/1936 1903/2058/1936 1904/2060/1936
f 1860/2035/1937 1859/2033/1937 1890/2059/1937 1891/2061/1937
f 1847/2037/1938 1039/2062/1938 1878/2063/1938
f 1874/2038/1939 1873/2034/1939 1904/2060/1939 1905/2064/1939
f 1861/2039/1940 1860/2035/1940 1891/2061/1940 1892/2065/1940
f 1848/2040/1941 1847/2037/1941 1878/2063/1941 1879/2066/1941
f 1875/2041/1942 1874/2038/1942 1905/2064/1942 1906/2067/1942
f 1862/2042/1943 1861/2039/1943 1892/2065/1943 1893/2068/1943
f 1849/2010/1944 1848/2040/1944 1879/2066/1944 1880/2069/1944
f 1876/2012/1945 1875/2041/1945 1906/2067/1945 1907/2070/1945
f 1863/2014/1946 1862/2042/1946 1893/2068/1946 1894/2071/1946
f 1850/2011/1947 1849/2010/1947 1880/2069/1947 1881/2072/1947
f 1877/2013/1948 1876/2012/1948 1907/2070/1948 1908/2073/1948
f 1864/2015/1949 1863/2014/1949 1894/2071/1949 1895/2074/1949
f 1851/2016/1950 1850/2011/1950 1881/2072/1950 1882/2043/1950
f 1226/2075/1951 1877/2013/1951 1908/2073/1951
f 1865/2018/1952 1864/2015/1952 1895/2074/1952 1896/2045/1952
f 1885/2049/1953 1884/2047/1953 1915/2076/1953 1916/2077/1953
f 1899/2050/1954 1898/2048/1954 1929/2078/1954 1930/2079/1954
f 1886/2051/1955 1885/2049/1955 1916/2077/1955 1917/2080/1955
f 1900/2052/1956 1899/2050/1956 1930/2079/1956 1931/2081/1956
f 1887/2053/1957 1886/2051/1957 1917/2080/1957 1918/2082/1957
f 1901/2054/1958 1900/2052/1958 1931/2081/1958 1932/2083/1958
f 1888/2055/1959 1887/2053/1959 1918/2082/1959 1919/2084/1959
f 1902/2056/1960 1901/2054/1960 1932/2083/1960 1933/2085/1960
f 1889/2057/1961 1888/2055/1961 1919/2084/1961 1920/2086/1961
f 1903/2058/1962 1902/2056/1962 1933/2085/1962 1934/2087/1962
f 1890/2059/1963 1889/2057/1963 1920/2086/1963 1921/2088/1963
f 1904/2060/1964 1903/2058/1964 1934/2087/1964 1935/2089/1964
f 1891/2061/1965 1890/2059/1965 1921/2088/1965 1922/2090/1965
f 1878/2063/1966 1039/2091/1966 1909/2092/1966
f 1905/2064/1967 1904/2060/1967 1935/2089/1967 1936/2093/1967
f 1892/2065/1968 1891/2061/1968 1922/2090/1968 1923/2094/1968
f 1879/2066/1969 1878/2063/1969 1909/2092/1969 1910/2095/1969
f 1906/2067/1970 1905/2064/1970 1936/2093/1970 1937/2096/1970
f 1893/2068/1971 1892/2065/1971 1923/2094/1971 1924/2097/1971
f 1880/2069/1972 1879/2066/1972 1910/2095/1972 1911/2098/1972
f 1907/2070/1973 1906/2067/1973 1937/2096/1973 1938/2099/1973
f 1894/2071/1974 1893/2068/1974 1924/2097/1974 1925/2100/1974
f 1881/2072/1975 1880/2069/1975 1911/2098/1975 1912/2101/1975
f 1908/2073/1976 1907/2070/1976 1938/2099/1976 1939/2102/1976
f 1895/2074/1977 1894/2071/1977 1925/2100/1977 1926/2103/1977
f 1882/2043/1978 1881/2072/1978 1912/2101/1978 1913/2104/1978
f 1226/2105/1979 1908/2073/1979 1939/2102/1979
f 1896/2045/1980 1895/2074/1980 1926/2103/1980 1927/2106/1980
f 1883/2044/1981 1882/2043/1981 1913/2104/1981 1914/2107/1981
f 1897/2046/1982 1896/2045/1982 1927/2106/1982 1928/2108/1982
f 1884/2047/1983 1883/2044/1983 1914/2107/1983 1915/2076/1983
f 1898/2048/1984 1897/2046/1984 1928/2108/1984 1929/2078/1984
f 1918/2082/1985 1917/2080/1985 1948/2109/1985 1949/2110/1985
f 1932/2083/1986 1931/2081/1986 1962/2111/1986 1963/2112/1986
f 1919/2084/1987 1918/2082/1987 1949/2110/1987 1950/2113/1987
f 1933/2085/1988 1932/2083/1988 1963/2112/1988 1964/2114/1988
f 1920/2086/1989 1919/2084/1989 1950/2113/1989 1951/2115/1989
f 1934/2087/1990 1933/2085/1990 1964/2114/1990 1965/2116/1990
f 1921/2088/1991 1920/2086/1991 1951/2115/1991 1952/2117/1991
f 1935/2089/1992 1934/2087/1992 1965/2116/1992 1966/2118/1992
f 1922/2090/1993 1921/2088/1993 1952/2117/1993 1953/2119/1993
f 1909/2092/1994 1039/2120/1994 1940/2121/1994
f 1936/2093/1995 1935/2089/1995 1966/2118/1995 1967/2122/1995
f 1923/2094/1996 1922/2090/1996 1953/2119/1996 1954/2123/1996
f 1910/2095/1997 1909/2092/1997 1940/2121/1997 1941/2124/1997
f 1937/2096/1998 1936/2093/1998 1967/2122/1998 1968/2125/1998
f 1924/2097/1999 1923/2094/1999 1954/2123/1999 1955/2126/1999
f 1911/2098/2000 1910/2095/2000 1941/2124/2000 1942/2127/2000
f 1938/2099/2001 1937/2096/2001 1968/2125/2001 1969/2128/2001
f 1925/2100/2002 1924/2097/2002 1955/2126/2002 1956/2129/2002
f 1912/2101/2003 1911/2098/2003 1942/2127/2003 1943/2130/2003
f 1939/2102/2004 1938/2099/2004 1969/2128/2004 1970/2131/2004
f 1926/2103/2005 1925/2100/2005 1956/2129/2005 1957/2132/2005
f 1913/2104/2006 1912/2101/2006 1943/2130/2006 1944/2133/2006
f 1226/2134/2007 1939/2102/2007 1970/2131/2007
f 1927/2106/2008 1926/2103/2008 1957/2132/2008 1958/2135/2008
f 1914/2107/2009 1913/2104/2009 1944/2133/2009 1945/2136/2009
f 1928/2108/2010 1927/2106/2010 1958/2135/2010 1959/2137/2010
f 1915/2076/2011 1914/2107/2011 1945/2136/2011 1946/2138/2011
f 1929/2078/2012 1928/2108/2012 1959/2137/2012 1960/2139/2012
f 1916/2077/2013 1915/2076/2013 1946/2138/2013 1947/2140/2013
f 1930/2079/2014 1929/2078/2014 1960/2139/2014 1961/2141/2014
f 1917/2080/2015 1916/2077/2015 1947/2140/2015 1948/2109/2015
f 1931/2081/2016 1930/2079/2016 1961/2141/2016 1962/2111/2016
f 1951/2115/2017 1950/2113/2017 5/38/2017 6/42/2017
f 1965/2116/2018 1964/2114/2018 1982/40/2018 1983/44/2018
f 1952/2117/2019 1951/2115/2019 6/42/2019 7/46/2019
f 1966/2118/2020 1965/2116/2020 1983/44/2020 1984/48/2020
f 1953/2119/2021 1952/2117/2021 7/46/2021 1977/50/2021
f 1940/2121/2022 1039/2142/2022 1/52/2022
f 1967/2122/2023 1966/2118/2023 1984/48/2023 1985/55/2023
f 1954/2123/2024 1953/2119/2024 1977/50/2024 8/57/2024
f 1941/2124/2025 1940/2121/2025 1/52/2025 2/59/2025
f 1968/2125/2026 1967/2122/2026 1985/55/2026 14/61/2026
f 1955/2126/2027 1954/2123/2027 8/57/2027 9/63/2027
f 1942/2127/2028 1941/2124/2028 2/59/2028 3/2/2028
f 1969/2128/2029 1968/2125/2029 14/61/2029 1986/6/2029
f 1956/2129/2030 1955/2126/2030 9/63/2030 10/10/2030
f 1943/2130/2031 1942/2127/2031 3/2/2031 1971/1/2031
f 1970/2131/2032 1969/2128/2032 1986/6/2032 15/5/2032
f 1957/2132/2033 1956/2129/2033 10/10/2033 1978/9/2033
f 1944/2133/2034 1943/2130/2034 1971/1/2034 4/13/2034
f 1226/2143/2035 1970/2131/2035 15/5/2035
f 1958/2135/2036 1957/2132/2036 1978/9/2036 11/16/2036
f 1945/2136/2037 1944/2133/2037 4/13/2037 1972/18/2037
f 1959/2137/2038 1958/2135/2038 11/16/2038 12/20/2038
f 1946/2138/2039 1945/2136/2039 1972/18/2039 1973/22/2039
f 1960/2139/2040 1959/2137/2040 12/20/2040 13/24/2040
f 1947/2140/2041 1946/2138/2041 1973/22/2041 1974/26/2041
f 1961/2141/2042 1960/2139/2042 13/24/2042 1979/28/2042
f 1948/2109/2043 1947/2140/2043 1974/26/2043 1975/30/2043
f 1962/2111/2044 1961/2141/2044 1979/28/2044 1980/32/2044
f 1949/2110/2045 1948/2109/2045 1975/30/2045 1976/34/2045
f 1963/2112/2046 1962/2111/2046 1980/32/2046 1981/36/2046
f 1950/2113/2047 1949/2110/2047 1976/34/2047 5/38/2047
f 1964/2114/2048 1963/2112/2048 1981/36/2048 1982/40/2048
